id,language,code,error_message,error_category,error_type,concept,difficulty,expected_output,actual_output,explanation,suggested_fix,keywords
1,Python,name = 'Safa,Program cannot run because Python syntax is invalid.,Syntax Error,Invalid Python syntax,Python syntax rules,Beginner,Valid program output,Program cannot run because Python syntax is invalid.,The code uses a variable that has not been defined.,Check that the variable is defined before use.,"Syntax Error, Python syntax rules"
2,Python,if x > 5 print(x),Program cannot run because Python syntax is invalid.,Syntax Error,Invalid Python syntax,Strings and quotation marks,Intermediate,Valid program output,Program cannot run because Python syntax is invalid.,The operation combines values whose data types are not compatible.,Convert the values to compatible data types before applying the operation.,"Syntax Error, Strings and quotation marks"
3,Python,"numbers = [1, 2, 3",Program cannot run because Python syntax is invalid.,Syntax Error,Invalid Python syntax,Python syntax rules,Beginner,Valid program output,Program cannot run because Python syntax is invalid.,The condition produces an incorrect result for the intended logic.,Review the condition so it matches the intended requirement.,"Syntax Error, Python syntax rules"
4,Python,for i in range(5) print(i),Program cannot run because Python syntax is invalid.,Syntax Error,Invalid Python syntax,Python syntax rules,Beginner,Valid program output,Program cannot run because Python syntax is invalid.,The variable name used in print does not match the declared variable.,Use the exact variable name that was declared.,"Syntax Error, Python syntax rules"
5,Python,for i in range(5) print(i),Program cannot run because Python syntax is invalid.,Syntax Error,Invalid Python syntax,Python syntax rules,Intermediate,Valid program output,Program cannot run because Python syntax is invalid.,The negative index is outside the valid range.,Use a valid negative index within the list length.,"Syntax Error, Python syntax rules"
6,Python,"numbers = [1, 2, 3",Program cannot run because Python syntax is invalid.,Syntax Error,Invalid Python syntax,Parentheses and brackets,Intermediate,Valid program output,Program cannot run because Python syntax is invalid.,The requested index is outside the list range.,Use an index within the valid range of the list.,"Syntax Error, Parentheses and brackets"
7,Python,for i in range(5) print(i),Program cannot run because Python syntax is invalid.,Syntax Error,Invalid Python syntax,Colons and block syntax,Intermediate,Valid program output,Program cannot run because Python syntax is invalid.,The code uses a variable that has not been defined.,Check that the variable is defined before use.,"Syntax Error, Colons and block syntax"
8,Python,name = 'Safa,Program cannot run because Python syntax is invalid.,Syntax Error,Invalid Python syntax,Parentheses and brackets,Beginner,Valid program output,Program cannot run because Python syntax is invalid.,The statement inside the block is not indented.,Indent the statement inside the if block.,"Syntax Error, Parentheses and brackets"
9,Python,if x > 5 print(x),Program cannot run because Python syntax is invalid.,Syntax Error,Invalid Python syntax,Strings and quotation marks,Beginner,Valid program output,Program cannot run because Python syntax is invalid.,The statement inside the block is not indented.,Indent the statement inside the if block.,"Syntax Error, Strings and quotation marks"
10,Python,name = 'Safa,Program cannot run because Python syntax is invalid.,Syntax Error,Invalid Python syntax,Parentheses and brackets,Beginner,Valid program output,Program cannot run because Python syntax is invalid.,The variable name used in print does not match the declared variable.,Use the exact variable name that was declared.,"Syntax Error, Parentheses and brackets"
11,Python,"numbers = [1, 2, 3",Program cannot run because Python syntax is invalid.,Syntax Error,Invalid Python syntax,Colons and block syntax,Intermediate,Valid program output,Program cannot run because Python syntax is invalid.,The code uses a variable that has not been defined.,Check that the variable is defined before use.,"Syntax Error, Colons and block syntax"
12,Python,if x > 5 print(x),Program cannot run because Python syntax is invalid.,Syntax Error,Invalid Python syntax,Python syntax rules,Intermediate,Valid program output,Program cannot run because Python syntax is invalid.,Python cannot find the requested module.,Install or import an available module.,"Syntax Error, Python syntax rules"
13,Python,name = 'Safa,Program cannot run because Python syntax is invalid.,Syntax Error,Invalid Python syntax,Colons and block syntax,Intermediate,Valid program output,Program cannot run because Python syntax is invalid.,The condition produces an incorrect result for the intended logic.,Review the condition so it matches the intended requirement.,"Syntax Error, Colons and block syntax"
14,Python,if x > 5 print(x),Program cannot run because Python syntax is invalid.,Syntax Error,Invalid Python syntax,Strings and quotation marks,Intermediate,Valid program output,Program cannot run because Python syntax is invalid.,The variable name used in print does not match the declared variable.,Use the exact variable name that was declared.,"Syntax Error, Strings and quotation marks"
15,Python,if x > 5 print(x),Program cannot run because Python syntax is invalid.,Syntax Error,Invalid Python syntax,Strings and quotation marks,Beginner,Valid program output,Program cannot run because Python syntax is invalid.,Python block statements require a colon at the end.,Add a colon after the for statement.,"Syntax Error, Strings and quotation marks"
16,Python,name = 'Safa,Program cannot run because Python syntax is invalid.,Syntax Error,Invalid Python syntax,Python syntax rules,Beginner,Valid program output,Program cannot run because Python syntax is invalid.,Python cannot find the requested module.,Install or import an available module.,"Syntax Error, Python syntax rules"
17,Python,name = 'Safa,Program cannot run because Python syntax is invalid.,Syntax Error,Invalid Python syntax,Colons and block syntax,Beginner,Valid program output,Program cannot run because Python syntax is invalid.,The operation combines values whose data types are not compatible.,Convert the values to compatible data types before applying the operation.,"Syntax Error, Colons and block syntax"
18,Python,if x > 5 print(x),Program cannot run because Python syntax is invalid.,Syntax Error,Invalid Python syntax,Strings and quotation marks,Intermediate,Valid program output,Program cannot run because Python syntax is invalid.,Python block statements require a colon at the end.,Add a colon after the for statement.,"Syntax Error, Strings and quotation marks"
19,Python,for i in range(5) print(i),Program cannot run because Python syntax is invalid.,Syntax Error,Invalid Python syntax,Strings and quotation marks,Beginner,Valid program output,Program cannot run because Python syntax is invalid.,The negative index is outside the valid range.,Use a valid negative index within the list length.,"Syntax Error, Strings and quotation marks"
20,Python,name = 'Safa,Program cannot run because Python syntax is invalid.,Syntax Error,Invalid Python syntax,Parentheses and brackets,Intermediate,Valid program output,Program cannot run because Python syntax is invalid.,Python cannot find the requested module.,Install or import an available module.,"Syntax Error, Parentheses and brackets"
21,Python,if x > 5 print(x),Program cannot run because Python syntax is invalid.,Syntax Error,Invalid Python syntax,Strings and quotation marks,Beginner,Valid program output,Program cannot run because Python syntax is invalid.,The statement inside the block is not indented.,Indent the statement inside the if block.,"Syntax Error, Strings and quotation marks"
22,Python,"numbers = [1, 2, 3",Program cannot run because Python syntax is invalid.,Syntax Error,Invalid Python syntax,Python syntax rules,Beginner,Valid program output,Program cannot run because Python syntax is invalid.,The statement inside the block is not indented.,Indent the statement inside the if block.,"Syntax Error, Python syntax rules"
23,Python,"def add(a, b)
    return a+b",Program cannot run because Python syntax is invalid.,Syntax Error,Invalid Python syntax,Python syntax rules,Intermediate,Valid program output,Program cannot run because Python syntax is invalid.,The requested index is outside the list range.,Use an index within the valid range of the list.,"Syntax Error, Python syntax rules"
24,Python,"numbers = [1, 2, 3",Program cannot run because Python syntax is invalid.,Syntax Error,Invalid Python syntax,Colons and block syntax,Beginner,Valid program output,Program cannot run because Python syntax is invalid.,The requested index is outside the list range.,Use an index within the valid range of the list.,"Syntax Error, Colons and block syntax"
25,Python,name = 'Safa,Program cannot run because Python syntax is invalid.,Syntax Error,Invalid Python syntax,Parentheses and brackets,Beginner,Valid program output,Program cannot run because Python syntax is invalid.,The operation combines values whose data types are not compatible.,Convert the values to compatible data types before applying the operation.,"Syntax Error, Parentheses and brackets"
26,Python,"def add(a, b)
    return a+b",Program cannot run because Python syntax is invalid.,Syntax Error,Invalid Python syntax,Strings and quotation marks,Beginner,Valid program output,Program cannot run because Python syntax is invalid.,The negative index is outside the valid range.,Use a valid negative index within the list length.,"Syntax Error, Strings and quotation marks"
27,Python,"numbers = [1, 2, 3",Program cannot run because Python syntax is invalid.,Syntax Error,Invalid Python syntax,Parentheses and brackets,Beginner,Valid program output,Program cannot run because Python syntax is invalid.,The condition produces an incorrect result for the intended logic.,Review the condition so it matches the intended requirement.,"Syntax Error, Parentheses and brackets"
28,Python,"def add(a, b)
    return a+b",Program cannot run because Python syntax is invalid.,Syntax Error,Invalid Python syntax,Strings and quotation marks,Beginner,Valid program output,Program cannot run because Python syntax is invalid.,The operation combines values whose data types are not compatible.,Convert the values to compatible data types before applying the operation.,"Syntax Error, Strings and quotation marks"
29,Python,if x > 5 print(x),Program cannot run because Python syntax is invalid.,Syntax Error,Invalid Python syntax,Python syntax rules,Beginner,Valid program output,Program cannot run because Python syntax is invalid.,The code uses a variable that has not been defined.,Check that the variable is defined before use.,"Syntax Error, Python syntax rules"
30,Python,"def add(a, b)
    return a+b",Program cannot run because Python syntax is invalid.,Syntax Error,Invalid Python syntax,Strings and quotation marks,Beginner,Valid program output,Program cannot run because Python syntax is invalid.,Python cannot find the requested module.,Install or import an available module.,"Syntax Error, Strings and quotation marks"
31,Python,"def add(a, b)
    return a+b",Program cannot run because Python syntax is invalid.,Syntax Error,Invalid Python syntax,Parentheses and brackets,Beginner,Valid program output,Program cannot run because Python syntax is invalid.,Python cannot find the requested module.,Install or import an available module.,"Syntax Error, Parentheses and brackets"
32,Python,if x > 5 print(x),Program cannot run because Python syntax is invalid.,Syntax Error,Invalid Python syntax,Colons and block syntax,Intermediate,Valid program output,Program cannot run because Python syntax is invalid.,The negative index is outside the valid range.,Use a valid negative index within the list length.,"Syntax Error, Colons and block syntax"
33,Python,name = 'Safa,Program cannot run because Python syntax is invalid.,Syntax Error,Invalid Python syntax,Python syntax rules,Intermediate,Valid program output,Program cannot run because Python syntax is invalid.,The negative index is outside the valid range.,Use a valid negative index within the list length.,"Syntax Error, Python syntax rules"
34,Python,name = 'Safa,Program cannot run because Python syntax is invalid.,Syntax Error,Invalid Python syntax,Colons and block syntax,Beginner,Valid program output,Program cannot run because Python syntax is invalid.,The variable name used in print does not match the declared variable.,Use the exact variable name that was declared.,"Syntax Error, Colons and block syntax"
35,Python,if x > 5 print(x),Program cannot run because Python syntax is invalid.,Syntax Error,Invalid Python syntax,Strings and quotation marks,Intermediate,Valid program output,Program cannot run because Python syntax is invalid.,The function call does not provide all required arguments.,Pass all required function arguments.,"Syntax Error, Strings and quotation marks"
36,Python,for i in range(5) print(i),Program cannot run because Python syntax is invalid.,Syntax Error,Invalid Python syntax,Colons and block syntax,Intermediate,Valid program output,Program cannot run because Python syntax is invalid.,The negative index is outside the valid range.,Use a valid negative index within the list length.,"Syntax Error, Colons and block syntax"
37,Python,"def add(a, b)
    return a+b",Program cannot run because Python syntax is invalid.,Syntax Error,Invalid Python syntax,Python syntax rules,Intermediate,Valid program output,Program cannot run because Python syntax is invalid.,Python block statements require a colon at the end.,Add a colon after the for statement.,"Syntax Error, Python syntax rules"
38,Python,name = 'Safa,Program cannot run because Python syntax is invalid.,Syntax Error,Invalid Python syntax,Strings and quotation marks,Beginner,Valid program output,Program cannot run because Python syntax is invalid.,The operation combines values whose data types are not compatible.,Convert the values to compatible data types before applying the operation.,"Syntax Error, Strings and quotation marks"
39,Python,name = 'Safa,Program cannot run because Python syntax is invalid.,Syntax Error,Invalid Python syntax,Python syntax rules,Beginner,Valid program output,Program cannot run because Python syntax is invalid.,The condition produces an incorrect result for the intended logic.,Review the condition so it matches the intended requirement.,"Syntax Error, Python syntax rules"
40,Python,name = 'Safa,Program cannot run because Python syntax is invalid.,Syntax Error,Invalid Python syntax,Python syntax rules,Beginner,Valid program output,Program cannot run because Python syntax is invalid.,The variable name used in print does not match the declared variable.,Use the exact variable name that was declared.,"Syntax Error, Python syntax rules"
41,Python,for i in range(5) print(i),Program cannot run because Python syntax is invalid.,Syntax Error,Invalid Python syntax,Strings and quotation marks,Intermediate,Valid program output,Program cannot run because Python syntax is invalid.,The code uses a variable that has not been defined.,Check that the variable is defined before use.,"Syntax Error, Strings and quotation marks"
42,Python,"numbers = [1, 2, 3",Program cannot run because Python syntax is invalid.,Syntax Error,Invalid Python syntax,Python syntax rules,Beginner,Valid program output,Program cannot run because Python syntax is invalid.,The variable name used in print does not match the declared variable.,Use the exact variable name that was declared.,"Syntax Error, Python syntax rules"
43,Python,"numbers = [1, 2, 3",Program cannot run because Python syntax is invalid.,Syntax Error,Invalid Python syntax,Strings and quotation marks,Intermediate,Valid program output,Program cannot run because Python syntax is invalid.,The operation combines values whose data types are not compatible.,Convert the values to compatible data types before applying the operation.,"Syntax Error, Strings and quotation marks"
44,Python,"def add(a, b)
    return a+b",Program cannot run because Python syntax is invalid.,Syntax Error,Invalid Python syntax,Strings and quotation marks,Intermediate,Valid program output,Program cannot run because Python syntax is invalid.,Python block statements require a colon at the end.,Add a colon after the for statement.,"Syntax Error, Strings and quotation marks"
45,Python,"def add(a, b)
    return a+b",Program cannot run because Python syntax is invalid.,Syntax Error,Invalid Python syntax,Parentheses and brackets,Intermediate,Valid program output,Program cannot run because Python syntax is invalid.,The requested index is outside the list range.,Use an index within the valid range of the list.,"Syntax Error, Parentheses and brackets"
46,Python,"numbers = [1, 2, 3",Program cannot run because Python syntax is invalid.,Syntax Error,Invalid Python syntax,Strings and quotation marks,Intermediate,Valid program output,Program cannot run because Python syntax is invalid.,Python block statements require a colon at the end.,Add a colon after the for statement.,"Syntax Error, Strings and quotation marks"
47,Python,"def add(a, b)
    return a+b",Program cannot run because Python syntax is invalid.,Syntax Error,Invalid Python syntax,Colons and block syntax,Beginner,Valid program output,Program cannot run because Python syntax is invalid.,The function call does not provide all required arguments.,Pass all required function arguments.,"Syntax Error, Colons and block syntax"
48,Python,for i in range(5) print(i),Program cannot run because Python syntax is invalid.,Syntax Error,Invalid Python syntax,Python syntax rules,Beginner,Valid program output,Program cannot run because Python syntax is invalid.,The requested index is outside the list range.,Use an index within the valid range of the list.,"Syntax Error, Python syntax rules"
49,Python,"def add(a, b)
    return a+b",Program cannot run because Python syntax is invalid.,Syntax Error,Invalid Python syntax,Colons and block syntax,Intermediate,Valid program output,Program cannot run because Python syntax is invalid.,The code uses a variable that has not been defined.,Check that the variable is defined before use.,"Syntax Error, Colons and block syntax"
50,Python,for i in range(5) print(i),Program cannot run because Python syntax is invalid.,Syntax Error,Invalid Python syntax,Strings and quotation marks,Beginner,Valid program output,Program cannot run because Python syntax is invalid.,The condition produces an incorrect result for the intended logic.,Review the condition so it matches the intended requirement.,"Syntax Error, Strings and quotation marks"
51,Python,for i in range(5) print(i),Program cannot run because Python syntax is invalid.,Syntax Error,Invalid Python syntax,Python syntax rules,Beginner,Valid program output,Program cannot run because Python syntax is invalid.,The code uses a variable that has not been defined.,Check that the variable is defined before use.,"Syntax Error, Python syntax rules"
52,Python,if x > 5 print(x),Program cannot run because Python syntax is invalid.,Syntax Error,Invalid Python syntax,Python syntax rules,Intermediate,Valid program output,Program cannot run because Python syntax is invalid.,The statement inside the block is not indented.,Indent the statement inside the if block.,"Syntax Error, Python syntax rules"
53,Python,"numbers = [1, 2, 3",Program cannot run because Python syntax is invalid.,Syntax Error,Invalid Python syntax,Strings and quotation marks,Beginner,Valid program output,Program cannot run because Python syntax is invalid.,Python block statements require a colon at the end.,Add a colon after the for statement.,"Syntax Error, Strings and quotation marks"
54,Python,"def add(a, b)
    return a+b",Program cannot run because Python syntax is invalid.,Syntax Error,Invalid Python syntax,Strings and quotation marks,Beginner,Valid program output,Program cannot run because Python syntax is invalid.,The condition produces an incorrect result for the intended logic.,Review the condition so it matches the intended requirement.,"Syntax Error, Strings and quotation marks"
55,Python,"numbers = [1, 2, 3",Program cannot run because Python syntax is invalid.,Syntax Error,Invalid Python syntax,Strings and quotation marks,Beginner,Valid program output,Program cannot run because Python syntax is invalid.,The function call does not provide all required arguments.,Pass all required function arguments.,"Syntax Error, Strings and quotation marks"
56,Python,"numbers = [1, 2, 3",Program cannot run because Python syntax is invalid.,Syntax Error,Invalid Python syntax,Python syntax rules,Beginner,Valid program output,Program cannot run because Python syntax is invalid.,The variable name used in print does not match the declared variable.,Use the exact variable name that was declared.,"Syntax Error, Python syntax rules"
57,Python,"numbers = [1, 2, 3",Program cannot run because Python syntax is invalid.,Syntax Error,Invalid Python syntax,Parentheses and brackets,Intermediate,Valid program output,Program cannot run because Python syntax is invalid.,Python cannot find the requested module.,Install or import an available module.,"Syntax Error, Parentheses and brackets"
58,Python,if x > 5 print(x),Program cannot run because Python syntax is invalid.,Syntax Error,Invalid Python syntax,Python syntax rules,Beginner,Valid program output,Program cannot run because Python syntax is invalid.,The variable name used in print does not match the declared variable.,Use the exact variable name that was declared.,"Syntax Error, Python syntax rules"
59,Python,for i in range(5) print(i),Program cannot run because Python syntax is invalid.,Syntax Error,Invalid Python syntax,Colons and block syntax,Beginner,Valid program output,Program cannot run because Python syntax is invalid.,The variable name used in print does not match the declared variable.,Use the exact variable name that was declared.,"Syntax Error, Colons and block syntax"
60,Python,"numbers = [1, 2, 3",Program cannot run because Python syntax is invalid.,Syntax Error,Invalid Python syntax,Strings and quotation marks,Beginner,Valid program output,Program cannot run because Python syntax is invalid.,The negative index is outside the valid range.,Use a valid negative index within the list length.,"Syntax Error, Strings and quotation marks"
61,Python,name = 'Safa,Program cannot run because Python syntax is invalid.,Syntax Error,Invalid Python syntax,Parentheses and brackets,Beginner,Valid program output,Program cannot run because Python syntax is invalid.,The operation combines values whose data types are not compatible.,Convert the values to compatible data types before applying the operation.,"Syntax Error, Parentheses and brackets"
62,Python,"numbers = [1, 2, 3",Program cannot run because Python syntax is invalid.,Syntax Error,Invalid Python syntax,Strings and quotation marks,Intermediate,Valid program output,Program cannot run because Python syntax is invalid.,The variable name used in print does not match the declared variable.,Use the exact variable name that was declared.,"Syntax Error, Strings and quotation marks"
63,Python,"def add(a, b)
    return a+b",Program cannot run because Python syntax is invalid.,Syntax Error,Invalid Python syntax,Python syntax rules,Beginner,Valid program output,Program cannot run because Python syntax is invalid.,The code uses a variable that has not been defined.,Check that the variable is defined before use.,"Syntax Error, Python syntax rules"
64,Python,for i in range(5) print(i),Program cannot run because Python syntax is invalid.,Syntax Error,Invalid Python syntax,Python syntax rules,Beginner,Valid program output,Program cannot run because Python syntax is invalid.,The requested index is outside the list range.,Use an index within the valid range of the list.,"Syntax Error, Python syntax rules"
65,Python,for i in range(5) print(i),Program cannot run because Python syntax is invalid.,Syntax Error,Invalid Python syntax,Parentheses and brackets,Beginner,Valid program output,Program cannot run because Python syntax is invalid.,The function call does not provide all required arguments.,Pass all required function arguments.,"Syntax Error, Parentheses and brackets"
66,Python,"numbers = [1, 2, 3",Program cannot run because Python syntax is invalid.,Syntax Error,Invalid Python syntax,Python syntax rules,Beginner,Valid program output,Program cannot run because Python syntax is invalid.,The operation combines values whose data types are not compatible.,Convert the values to compatible data types before applying the operation.,"Syntax Error, Python syntax rules"
67,Python,"numbers = [1, 2, 3",Program cannot run because Python syntax is invalid.,Syntax Error,Invalid Python syntax,Parentheses and brackets,Beginner,Valid program output,Program cannot run because Python syntax is invalid.,Python block statements require a colon at the end.,Add a colon after the for statement.,"Syntax Error, Parentheses and brackets"
68,Python,"numbers = [1, 2, 3",Program cannot run because Python syntax is invalid.,Syntax Error,Invalid Python syntax,Parentheses and brackets,Beginner,Valid program output,Program cannot run because Python syntax is invalid.,The negative index is outside the valid range.,Use a valid negative index within the list length.,"Syntax Error, Parentheses and brackets"
69,Python,for i in range(5) print(i),Program cannot run because Python syntax is invalid.,Syntax Error,Invalid Python syntax,Strings and quotation marks,Beginner,Valid program output,Program cannot run because Python syntax is invalid.,Python block statements require a colon at the end.,Add a colon after the for statement.,"Syntax Error, Strings and quotation marks"
70,Python,if x > 5 print(x),Program cannot run because Python syntax is invalid.,Syntax Error,Invalid Python syntax,Python syntax rules,Beginner,Valid program output,Program cannot run because Python syntax is invalid.,The statement inside the block is not indented.,Indent the statement inside the if block.,"Syntax Error, Python syntax rules"
71,Python,"def add(a, b)
    return a+b",Program cannot run because Python syntax is invalid.,Syntax Error,Invalid Python syntax,Parentheses and brackets,Beginner,Valid program output,Program cannot run because Python syntax is invalid.,The negative index is outside the valid range.,Use a valid negative index within the list length.,"Syntax Error, Parentheses and brackets"
72,Python,if x > 5 print(x),Program cannot run because Python syntax is invalid.,Syntax Error,Invalid Python syntax,Python syntax rules,Beginner,Valid program output,Program cannot run because Python syntax is invalid.,The negative index is outside the valid range.,Use a valid negative index within the list length.,"Syntax Error, Python syntax rules"
73,Python,if x > 5 print(x),Program cannot run because Python syntax is invalid.,Syntax Error,Invalid Python syntax,Python syntax rules,Intermediate,Valid program output,Program cannot run because Python syntax is invalid.,The condition produces an incorrect result for the intended logic.,Review the condition so it matches the intended requirement.,"Syntax Error, Python syntax rules"
74,Python,if x > 5 print(x),Program cannot run because Python syntax is invalid.,Syntax Error,Invalid Python syntax,Strings and quotation marks,Intermediate,Valid program output,Program cannot run because Python syntax is invalid.,Python cannot find the requested module.,Install or import an available module.,"Syntax Error, Strings and quotation marks"
75,Python,"def add(a, b)
    return a+b",Program cannot run because Python syntax is invalid.,Syntax Error,Invalid Python syntax,Strings and quotation marks,Beginner,Valid program output,Program cannot run because Python syntax is invalid.,The condition produces an incorrect result for the intended logic.,Review the condition so it matches the intended requirement.,"Syntax Error, Strings and quotation marks"
76,Python,"def add(a, b)
    return a+b",Program cannot run because Python syntax is invalid.,Syntax Error,Invalid Python syntax,Python syntax rules,Intermediate,Valid program output,Program cannot run because Python syntax is invalid.,Python cannot find the requested module.,Install or import an available module.,"Syntax Error, Python syntax rules"
77,Python,for i in range(5) print(i),Program cannot run because Python syntax is invalid.,Syntax Error,Invalid Python syntax,Colons and block syntax,Intermediate,Valid program output,Program cannot run because Python syntax is invalid.,Python block statements require a colon at the end.,Add a colon after the for statement.,"Syntax Error, Colons and block syntax"
78,Python,name = 'Safa,Program cannot run because Python syntax is invalid.,Syntax Error,Invalid Python syntax,Colons and block syntax,Beginner,Valid program output,Program cannot run because Python syntax is invalid.,The requested index is outside the list range.,Use an index within the valid range of the list.,"Syntax Error, Colons and block syntax"
79,Python,"numbers = [1, 2, 3",Program cannot run because Python syntax is invalid.,Syntax Error,Invalid Python syntax,Strings and quotation marks,Beginner,Valid program output,Program cannot run because Python syntax is invalid.,Python block statements require a colon at the end.,Add a colon after the for statement.,"Syntax Error, Strings and quotation marks"
80,Python,"numbers = [1, 2, 3",Program cannot run because Python syntax is invalid.,Syntax Error,Invalid Python syntax,Python syntax rules,Intermediate,Valid program output,Program cannot run because Python syntax is invalid.,The code uses a variable that has not been defined.,Check that the variable is defined before use.,"Syntax Error, Python syntax rules"
81,Python,"def add(a, b)
    return a+b",Program cannot run because Python syntax is invalid.,Syntax Error,Invalid Python syntax,Python syntax rules,Beginner,Valid program output,Program cannot run because Python syntax is invalid.,The variable name used in print does not match the declared variable.,Use the exact variable name that was declared.,"Syntax Error, Python syntax rules"
82,Python,name = 'Safa,Program cannot run because Python syntax is invalid.,Syntax Error,Invalid Python syntax,Colons and block syntax,Beginner,Valid program output,Program cannot run because Python syntax is invalid.,The operation combines values whose data types are not compatible.,Convert the values to compatible data types before applying the operation.,"Syntax Error, Colons and block syntax"
83,Python,name = 'Safa,Program cannot run because Python syntax is invalid.,Syntax Error,Invalid Python syntax,Strings and quotation marks,Beginner,Valid program output,Program cannot run because Python syntax is invalid.,The statement inside the block is not indented.,Indent the statement inside the if block.,"Syntax Error, Strings and quotation marks"
84,Python,name = 'Safa,Program cannot run because Python syntax is invalid.,Syntax Error,Invalid Python syntax,Parentheses and brackets,Intermediate,Valid program output,Program cannot run because Python syntax is invalid.,The negative index is outside the valid range.,Use a valid negative index within the list length.,"Syntax Error, Parentheses and brackets"
85,Python,name = 'Safa,Program cannot run because Python syntax is invalid.,Syntax Error,Invalid Python syntax,Python syntax rules,Intermediate,Valid program output,Program cannot run because Python syntax is invalid.,The negative index is outside the valid range.,Use a valid negative index within the list length.,"Syntax Error, Python syntax rules"
86,Python,name = 'Safa,Program cannot run because Python syntax is invalid.,Syntax Error,Invalid Python syntax,Python syntax rules,Beginner,Valid program output,Program cannot run because Python syntax is invalid.,The operation combines values whose data types are not compatible.,Convert the values to compatible data types before applying the operation.,"Syntax Error, Python syntax rules"
87,Python,for i in range(5) print(i),Program cannot run because Python syntax is invalid.,Syntax Error,Invalid Python syntax,Python syntax rules,Beginner,Valid program output,Program cannot run because Python syntax is invalid.,The negative index is outside the valid range.,Use a valid negative index within the list length.,"Syntax Error, Python syntax rules"
88,Python,for i in range(5) print(i),Program cannot run because Python syntax is invalid.,Syntax Error,Invalid Python syntax,Colons and block syntax,Intermediate,Valid program output,Program cannot run because Python syntax is invalid.,The condition produces an incorrect result for the intended logic.,Review the condition so it matches the intended requirement.,"Syntax Error, Colons and block syntax"
89,Python,name = 'Safa,Program cannot run because Python syntax is invalid.,Syntax Error,Invalid Python syntax,Colons and block syntax,Intermediate,Valid program output,Program cannot run because Python syntax is invalid.,The requested index is outside the list range.,Use an index within the valid range of the list.,"Syntax Error, Colons and block syntax"
90,Python,if x > 5 print(x),Program cannot run because Python syntax is invalid.,Syntax Error,Invalid Python syntax,Parentheses and brackets,Beginner,Valid program output,Program cannot run because Python syntax is invalid.,Python block statements require a colon at the end.,Add a colon after the for statement.,"Syntax Error, Parentheses and brackets"
91,Python,if x > 5 print(x),Program cannot run because Python syntax is invalid.,Syntax Error,Invalid Python syntax,Parentheses and brackets,Beginner,Valid program output,Program cannot run because Python syntax is invalid.,Python block statements require a colon at the end.,Add a colon after the for statement.,"Syntax Error, Parentheses and brackets"
92,Python,name = 'Safa,Program cannot run because Python syntax is invalid.,Syntax Error,Invalid Python syntax,Colons and block syntax,Beginner,Valid program output,Program cannot run because Python syntax is invalid.,The operation combines values whose data types are not compatible.,Convert the values to compatible data types before applying the operation.,"Syntax Error, Colons and block syntax"
93,Python,"numbers = [1, 2, 3",Program cannot run because Python syntax is invalid.,Syntax Error,Invalid Python syntax,Parentheses and brackets,Intermediate,Valid program output,Program cannot run because Python syntax is invalid.,The negative index is outside the valid range.,Use a valid negative index within the list length.,"Syntax Error, Parentheses and brackets"
94,Python,if x > 5 print(x),Program cannot run because Python syntax is invalid.,Syntax Error,Invalid Python syntax,Python syntax rules,Intermediate,Valid program output,Program cannot run because Python syntax is invalid.,The variable name used in print does not match the declared variable.,Use the exact variable name that was declared.,"Syntax Error, Python syntax rules"
95,Python,if x > 5 print(x),Program cannot run because Python syntax is invalid.,Syntax Error,Invalid Python syntax,Strings and quotation marks,Beginner,Valid program output,Program cannot run because Python syntax is invalid.,The negative index is outside the valid range.,Use a valid negative index within the list length.,"Syntax Error, Strings and quotation marks"
96,Python,for i in range(5) print(i),Program cannot run because Python syntax is invalid.,Syntax Error,Invalid Python syntax,Strings and quotation marks,Beginner,Valid program output,Program cannot run because Python syntax is invalid.,Python cannot find the requested module.,Install or import an available module.,"Syntax Error, Strings and quotation marks"
97,Python,if x > 5 print(x),Program cannot run because Python syntax is invalid.,Syntax Error,Invalid Python syntax,Colons and block syntax,Beginner,Valid program output,Program cannot run because Python syntax is invalid.,The statement inside the block is not indented.,Indent the statement inside the if block.,"Syntax Error, Colons and block syntax"
98,Python,if x > 5 print(x),Program cannot run because Python syntax is invalid.,Syntax Error,Invalid Python syntax,Strings and quotation marks,Beginner,Valid program output,Program cannot run because Python syntax is invalid.,The requested index is outside the list range.,Use an index within the valid range of the list.,"Syntax Error, Strings and quotation marks"
99,Python,for i in range(5) print(i),Program cannot run because Python syntax is invalid.,Syntax Error,Invalid Python syntax,Parentheses and brackets,Beginner,Valid program output,Program cannot run because Python syntax is invalid.,The condition produces an incorrect result for the intended logic.,Review the condition so it matches the intended requirement.,"Syntax Error, Parentheses and brackets"
100,Python,"numbers = [1, 2, 3",Program cannot run because Python syntax is invalid.,Syntax Error,Invalid Python syntax,Strings and quotation marks,Beginner,Valid program output,Program cannot run because Python syntax is invalid.,The operation combines values whose data types are not compatible.,Convert the values to compatible data types before applying the operation.,"Syntax Error, Strings and quotation marks"
101,Python,"numbers = [1, 2, 3",Program cannot run because Python syntax is invalid.,Syntax Error,Invalid Python syntax,Strings and quotation marks,Intermediate,Valid program output,Program cannot run because Python syntax is invalid.,The statement inside the block is not indented.,Indent the statement inside the if block.,"Syntax Error, Strings and quotation marks"
102,Python,for i in range(5) print(i),Program cannot run because Python syntax is invalid.,Syntax Error,Invalid Python syntax,Strings and quotation marks,Intermediate,Valid program output,Program cannot run because Python syntax is invalid.,Python block statements require a colon at the end.,Add a colon after the for statement.,"Syntax Error, Strings and quotation marks"
103,Python,if x > 5 print(x),Program cannot run because Python syntax is invalid.,Syntax Error,Invalid Python syntax,Python syntax rules,Beginner,Valid program output,Program cannot run because Python syntax is invalid.,Python cannot find the requested module.,Install or import an available module.,"Syntax Error, Python syntax rules"
104,Python,"numbers = [1, 2, 3",Program cannot run because Python syntax is invalid.,Syntax Error,Invalid Python syntax,Strings and quotation marks,Beginner,Valid program output,Program cannot run because Python syntax is invalid.,The requested index is outside the list range.,Use an index within the valid range of the list.,"Syntax Error, Strings and quotation marks"
105,Python,for i in range(5) print(i),Program cannot run because Python syntax is invalid.,Syntax Error,Invalid Python syntax,Colons and block syntax,Beginner,Valid program output,Program cannot run because Python syntax is invalid.,The requested index is outside the list range.,Use an index within the valid range of the list.,"Syntax Error, Colons and block syntax"
106,Python,name = 'Safa,Program cannot run because Python syntax is invalid.,Syntax Error,Invalid Python syntax,Strings and quotation marks,Beginner,Valid program output,Program cannot run because Python syntax is invalid.,Python cannot find the requested module.,Install or import an available module.,"Syntax Error, Strings and quotation marks"
107,Python,name = 'Safa,Program cannot run because Python syntax is invalid.,Syntax Error,Invalid Python syntax,Python syntax rules,Intermediate,Valid program output,Program cannot run because Python syntax is invalid.,Python block statements require a colon at the end.,Add a colon after the for statement.,"Syntax Error, Python syntax rules"
108,Python,name = 'Safa,Program cannot run because Python syntax is invalid.,Syntax Error,Invalid Python syntax,Parentheses and brackets,Beginner,Valid program output,Program cannot run because Python syntax is invalid.,The negative index is outside the valid range.,Use a valid negative index within the list length.,"Syntax Error, Parentheses and brackets"
109,Python,for i in range(5) print(i),Program cannot run because Python syntax is invalid.,Syntax Error,Invalid Python syntax,Python syntax rules,Intermediate,Valid program output,Program cannot run because Python syntax is invalid.,Python block statements require a colon at the end.,Add a colon after the for statement.,"Syntax Error, Python syntax rules"
110,Python,if x > 5 print(x),Program cannot run because Python syntax is invalid.,Syntax Error,Invalid Python syntax,Colons and block syntax,Intermediate,Valid program output,Program cannot run because Python syntax is invalid.,The code uses a variable that has not been defined.,Check that the variable is defined before use.,"Syntax Error, Colons and block syntax"
111,Python,name = 'Safa,Program cannot run because Python syntax is invalid.,Syntax Error,Invalid Python syntax,Parentheses and brackets,Beginner,Valid program output,Program cannot run because Python syntax is invalid.,The statement inside the block is not indented.,Indent the statement inside the if block.,"Syntax Error, Parentheses and brackets"
112,Python,"def add(a, b)
    return a+b",Program cannot run because Python syntax is invalid.,Syntax Error,Invalid Python syntax,Python syntax rules,Beginner,Valid program output,Program cannot run because Python syntax is invalid.,Python cannot find the requested module.,Install or import an available module.,"Syntax Error, Python syntax rules"
113,Python,"numbers = [1, 2, 3",Program cannot run because Python syntax is invalid.,Syntax Error,Invalid Python syntax,Colons and block syntax,Beginner,Valid program output,Program cannot run because Python syntax is invalid.,The code uses a variable that has not been defined.,Check that the variable is defined before use.,"Syntax Error, Colons and block syntax"
114,Python,"numbers = [1, 2, 3",Program cannot run because Python syntax is invalid.,Syntax Error,Invalid Python syntax,Strings and quotation marks,Beginner,Valid program output,Program cannot run because Python syntax is invalid.,The statement inside the block is not indented.,Indent the statement inside the if block.,"Syntax Error, Strings and quotation marks"
115,Python,name = 'Safa,Program cannot run because Python syntax is invalid.,Syntax Error,Invalid Python syntax,Colons and block syntax,Intermediate,Valid program output,Program cannot run because Python syntax is invalid.,The condition produces an incorrect result for the intended logic.,Review the condition so it matches the intended requirement.,"Syntax Error, Colons and block syntax"
116,Python,"def add(a, b)
    return a+b",Program cannot run because Python syntax is invalid.,Syntax Error,Invalid Python syntax,Python syntax rules,Beginner,Valid program output,Program cannot run because Python syntax is invalid.,Python block statements require a colon at the end.,Add a colon after the for statement.,"Syntax Error, Python syntax rules"
117,Python,"numbers = [1, 2, 3",Program cannot run because Python syntax is invalid.,Syntax Error,Invalid Python syntax,Parentheses and brackets,Intermediate,Valid program output,Program cannot run because Python syntax is invalid.,The statement inside the block is not indented.,Indent the statement inside the if block.,"Syntax Error, Parentheses and brackets"
118,Python,for i in range(5) print(i),Program cannot run because Python syntax is invalid.,Syntax Error,Invalid Python syntax,Colons and block syntax,Beginner,Valid program output,Program cannot run because Python syntax is invalid.,The negative index is outside the valid range.,Use a valid negative index within the list length.,"Syntax Error, Colons and block syntax"
119,Python,for i in range(5) print(i),Program cannot run because Python syntax is invalid.,Syntax Error,Invalid Python syntax,Parentheses and brackets,Intermediate,Valid program output,Program cannot run because Python syntax is invalid.,Python cannot find the requested module.,Install or import an available module.,"Syntax Error, Parentheses and brackets"
120,Python,"def add(a, b)
    return a+b",Program cannot run because Python syntax is invalid.,Syntax Error,Invalid Python syntax,Colons and block syntax,Beginner,Valid program output,Program cannot run because Python syntax is invalid.,Python cannot find the requested module.,Install or import an available module.,"Syntax Error, Colons and block syntax"
121,Python,for i in range(5) print(i),Program cannot run because Python syntax is invalid.,Syntax Error,Invalid Python syntax,Colons and block syntax,Beginner,Valid program output,Program cannot run because Python syntax is invalid.,Python block statements require a colon at the end.,Add a colon after the for statement.,"Syntax Error, Colons and block syntax"
122,Python,"numbers = [1, 2, 3",Program cannot run because Python syntax is invalid.,Syntax Error,Invalid Python syntax,Colons and block syntax,Beginner,Valid program output,Program cannot run because Python syntax is invalid.,The function call does not provide all required arguments.,Pass all required function arguments.,"Syntax Error, Colons and block syntax"
123,Python,"numbers = [1, 2, 3",Program cannot run because Python syntax is invalid.,Syntax Error,Invalid Python syntax,Strings and quotation marks,Intermediate,Valid program output,Program cannot run because Python syntax is invalid.,The negative index is outside the valid range.,Use a valid negative index within the list length.,"Syntax Error, Strings and quotation marks"
124,Python,name = 'Safa,Program cannot run because Python syntax is invalid.,Syntax Error,Invalid Python syntax,Strings and quotation marks,Intermediate,Valid program output,Program cannot run because Python syntax is invalid.,The variable name used in print does not match the declared variable.,Use the exact variable name that was declared.,"Syntax Error, Strings and quotation marks"
125,Python,for i in range(5) print(i),Program cannot run because Python syntax is invalid.,Syntax Error,Invalid Python syntax,Colons and block syntax,Intermediate,Valid program output,Program cannot run because Python syntax is invalid.,The variable name used in print does not match the declared variable.,Use the exact variable name that was declared.,"Syntax Error, Colons and block syntax"
126,Python,for i in range(5) print(i),Program cannot run because Python syntax is invalid.,Syntax Error,Invalid Python syntax,Colons and block syntax,Beginner,Valid program output,Program cannot run because Python syntax is invalid.,The requested index is outside the list range.,Use an index within the valid range of the list.,"Syntax Error, Colons and block syntax"
127,Python,for i in range(5) print(i),Program cannot run because Python syntax is invalid.,Syntax Error,Invalid Python syntax,Python syntax rules,Beginner,Valid program output,Program cannot run because Python syntax is invalid.,The code uses a variable that has not been defined.,Check that the variable is defined before use.,"Syntax Error, Python syntax rules"
128,Python,"numbers = [1, 2, 3",Program cannot run because Python syntax is invalid.,Syntax Error,Invalid Python syntax,Python syntax rules,Intermediate,Valid program output,Program cannot run because Python syntax is invalid.,The function call does not provide all required arguments.,Pass all required function arguments.,"Syntax Error, Python syntax rules"
129,Python,"numbers = [1, 2, 3",Program cannot run because Python syntax is invalid.,Syntax Error,Invalid Python syntax,Strings and quotation marks,Beginner,Valid program output,Program cannot run because Python syntax is invalid.,Python cannot find the requested module.,Install or import an available module.,"Syntax Error, Strings and quotation marks"
130,Python,if x > 5 print(x),Program cannot run because Python syntax is invalid.,Syntax Error,Invalid Python syntax,Strings and quotation marks,Beginner,Valid program output,Program cannot run because Python syntax is invalid.,The operation combines values whose data types are not compatible.,Convert the values to compatible data types before applying the operation.,"Syntax Error, Strings and quotation marks"
131,Python,for i in range(5) print(i),Program cannot run because Python syntax is invalid.,Syntax Error,Invalid Python syntax,Parentheses and brackets,Intermediate,Valid program output,Program cannot run because Python syntax is invalid.,The requested index is outside the list range.,Use an index within the valid range of the list.,"Syntax Error, Parentheses and brackets"
132,Python,"def add(a, b)
    return a+b",Program cannot run because Python syntax is invalid.,Syntax Error,Invalid Python syntax,Parentheses and brackets,Beginner,Valid program output,Program cannot run because Python syntax is invalid.,The code uses a variable that has not been defined.,Check that the variable is defined before use.,"Syntax Error, Parentheses and brackets"
133,Python,for i in range(5) print(i),Program cannot run because Python syntax is invalid.,Syntax Error,Invalid Python syntax,Python syntax rules,Beginner,Valid program output,Program cannot run because Python syntax is invalid.,The function call does not provide all required arguments.,Pass all required function arguments.,"Syntax Error, Python syntax rules"
134,Python,"def add(a, b)
    return a+b",Program cannot run because Python syntax is invalid.,Syntax Error,Invalid Python syntax,Colons and block syntax,Intermediate,Valid program output,Program cannot run because Python syntax is invalid.,The function call does not provide all required arguments.,Pass all required function arguments.,"Syntax Error, Colons and block syntax"
135,Python,"numbers = [1, 2, 3",Program cannot run because Python syntax is invalid.,Syntax Error,Invalid Python syntax,Parentheses and brackets,Beginner,Valid program output,Program cannot run because Python syntax is invalid.,The negative index is outside the valid range.,Use a valid negative index within the list length.,"Syntax Error, Parentheses and brackets"
136,Python,name = 'Safa,Program cannot run because Python syntax is invalid.,Syntax Error,Invalid Python syntax,Parentheses and brackets,Beginner,Valid program output,Program cannot run because Python syntax is invalid.,The function call does not provide all required arguments.,Pass all required function arguments.,"Syntax Error, Parentheses and brackets"
137,Python,"numbers = [1, 2, 3",Program cannot run because Python syntax is invalid.,Syntax Error,Invalid Python syntax,Colons and block syntax,Intermediate,Valid program output,Program cannot run because Python syntax is invalid.,The negative index is outside the valid range.,Use a valid negative index within the list length.,"Syntax Error, Colons and block syntax"
138,Python,"numbers = [1, 2, 3",Program cannot run because Python syntax is invalid.,Syntax Error,Invalid Python syntax,Strings and quotation marks,Beginner,Valid program output,Program cannot run because Python syntax is invalid.,Python block statements require a colon at the end.,Add a colon after the for statement.,"Syntax Error, Strings and quotation marks"
139,Python,name = 'Safa,Program cannot run because Python syntax is invalid.,Syntax Error,Invalid Python syntax,Colons and block syntax,Beginner,Valid program output,Program cannot run because Python syntax is invalid.,The requested index is outside the list range.,Use an index within the valid range of the list.,"Syntax Error, Colons and block syntax"
140,Python,if x > 5 print(x),Program cannot run because Python syntax is invalid.,Syntax Error,Invalid Python syntax,Colons and block syntax,Beginner,Valid program output,Program cannot run because Python syntax is invalid.,The negative index is outside the valid range.,Use a valid negative index within the list length.,"Syntax Error, Colons and block syntax"
141,Python,"numbers = [1, 2, 3",Program cannot run because Python syntax is invalid.,Syntax Error,Invalid Python syntax,Strings and quotation marks,Intermediate,Valid program output,Program cannot run because Python syntax is invalid.,The requested index is outside the list range.,Use an index within the valid range of the list.,"Syntax Error, Strings and quotation marks"
142,Python,if x > 5 print(x),Program cannot run because Python syntax is invalid.,Syntax Error,Invalid Python syntax,Strings and quotation marks,Beginner,Valid program output,Program cannot run because Python syntax is invalid.,The requested index is outside the list range.,Use an index within the valid range of the list.,"Syntax Error, Strings and quotation marks"
143,Python,"def add(a, b)
    return a+b",Program cannot run because Python syntax is invalid.,Syntax Error,Invalid Python syntax,Parentheses and brackets,Beginner,Valid program output,Program cannot run because Python syntax is invalid.,The statement inside the block is not indented.,Indent the statement inside the if block.,"Syntax Error, Parentheses and brackets"
144,Python,for i in range(5) print(i),Program cannot run because Python syntax is invalid.,Syntax Error,Invalid Python syntax,Parentheses and brackets,Beginner,Valid program output,Program cannot run because Python syntax is invalid.,The code uses a variable that has not been defined.,Check that the variable is defined before use.,"Syntax Error, Parentheses and brackets"
145,Python,if x > 5 print(x),Program cannot run because Python syntax is invalid.,Syntax Error,Invalid Python syntax,Parentheses and brackets,Intermediate,Valid program output,Program cannot run because Python syntax is invalid.,The condition produces an incorrect result for the intended logic.,Review the condition so it matches the intended requirement.,"Syntax Error, Parentheses and brackets"
146,Python,if x > 5 print(x),Program cannot run because Python syntax is invalid.,Syntax Error,Invalid Python syntax,Parentheses and brackets,Beginner,Valid program output,Program cannot run because Python syntax is invalid.,The function call does not provide all required arguments.,Pass all required function arguments.,"Syntax Error, Parentheses and brackets"
147,Python,"numbers = [1, 2, 3",Program cannot run because Python syntax is invalid.,Syntax Error,Invalid Python syntax,Colons and block syntax,Intermediate,Valid program output,Program cannot run because Python syntax is invalid.,Python cannot find the requested module.,Install or import an available module.,"Syntax Error, Colons and block syntax"
148,Python,for i in range(5) print(i),Program cannot run because Python syntax is invalid.,Syntax Error,Invalid Python syntax,Strings and quotation marks,Beginner,Valid program output,Program cannot run because Python syntax is invalid.,The function call does not provide all required arguments.,Pass all required function arguments.,"Syntax Error, Strings and quotation marks"
149,Python,if x > 5 print(x),Program cannot run because Python syntax is invalid.,Syntax Error,Invalid Python syntax,Parentheses and brackets,Beginner,Valid program output,Program cannot run because Python syntax is invalid.,The function call does not provide all required arguments.,Pass all required function arguments.,"Syntax Error, Parentheses and brackets"
150,Python,for i in range(5) print(i),Program cannot run because Python syntax is invalid.,Syntax Error,Invalid Python syntax,Colons and block syntax,Beginner,Valid program output,Program cannot run because Python syntax is invalid.,Python cannot find the requested module.,Install or import an available module.,"Syntax Error, Colons and block syntax"
151,Python,"def add(a, b)
    return a+b",Program cannot run because Python syntax is invalid.,Syntax Error,Invalid Python syntax,Strings and quotation marks,Beginner,Valid program output,Program cannot run because Python syntax is invalid.,The condition produces an incorrect result for the intended logic.,Review the condition so it matches the intended requirement.,"Syntax Error, Strings and quotation marks"
152,Python,"def add(a, b)
    return a+b",Program cannot run because Python syntax is invalid.,Syntax Error,Invalid Python syntax,Parentheses and brackets,Intermediate,Valid program output,Program cannot run because Python syntax is invalid.,The condition produces an incorrect result for the intended logic.,Review the condition so it matches the intended requirement.,"Syntax Error, Parentheses and brackets"
153,Python,"numbers = [1, 2, 3",Program cannot run because Python syntax is invalid.,Syntax Error,Invalid Python syntax,Python syntax rules,Beginner,Valid program output,Program cannot run because Python syntax is invalid.,The variable name used in print does not match the declared variable.,Use the exact variable name that was declared.,"Syntax Error, Python syntax rules"
154,Python,if x > 5 print(x),Program cannot run because Python syntax is invalid.,Syntax Error,Invalid Python syntax,Parentheses and brackets,Beginner,Valid program output,Program cannot run because Python syntax is invalid.,The operation combines values whose data types are not compatible.,Convert the values to compatible data types before applying the operation.,"Syntax Error, Parentheses and brackets"
155,Python,for i in range(5) print(i),Program cannot run because Python syntax is invalid.,Syntax Error,Invalid Python syntax,Parentheses and brackets,Beginner,Valid program output,Program cannot run because Python syntax is invalid.,The statement inside the block is not indented.,Indent the statement inside the if block.,"Syntax Error, Parentheses and brackets"
156,Python,"numbers = [1, 2, 3",Program cannot run because Python syntax is invalid.,Syntax Error,Invalid Python syntax,Colons and block syntax,Beginner,Valid program output,Program cannot run because Python syntax is invalid.,The statement inside the block is not indented.,Indent the statement inside the if block.,"Syntax Error, Colons and block syntax"
157,Python,if x > 5 print(x),Program cannot run because Python syntax is invalid.,Syntax Error,Invalid Python syntax,Parentheses and brackets,Beginner,Valid program output,Program cannot run because Python syntax is invalid.,Python block statements require a colon at the end.,Add a colon after the for statement.,"Syntax Error, Parentheses and brackets"
158,Python,if x > 5 print(x),Program cannot run because Python syntax is invalid.,Syntax Error,Invalid Python syntax,Python syntax rules,Beginner,Valid program output,Program cannot run because Python syntax is invalid.,The negative index is outside the valid range.,Use a valid negative index within the list length.,"Syntax Error, Python syntax rules"
159,Python,if x > 5 print(x),Program cannot run because Python syntax is invalid.,Syntax Error,Invalid Python syntax,Strings and quotation marks,Beginner,Valid program output,Program cannot run because Python syntax is invalid.,The variable name used in print does not match the declared variable.,Use the exact variable name that was declared.,"Syntax Error, Strings and quotation marks"
160,Python,if x > 5 print(x),Program cannot run because Python syntax is invalid.,Syntax Error,Invalid Python syntax,Strings and quotation marks,Intermediate,Valid program output,Program cannot run because Python syntax is invalid.,The requested index is outside the list range.,Use an index within the valid range of the list.,"Syntax Error, Strings and quotation marks"
161,Python,for i in range(5) print(i),Program cannot run because Python syntax is invalid.,Syntax Error,Invalid Python syntax,Strings and quotation marks,Beginner,Valid program output,Program cannot run because Python syntax is invalid.,The requested index is outside the list range.,Use an index within the valid range of the list.,"Syntax Error, Strings and quotation marks"
162,Python,for i in range(5) print(i),Program cannot run because Python syntax is invalid.,Syntax Error,Invalid Python syntax,Python syntax rules,Beginner,Valid program output,Program cannot run because Python syntax is invalid.,The condition produces an incorrect result for the intended logic.,Review the condition so it matches the intended requirement.,"Syntax Error, Python syntax rules"
163,Python,for i in range(5) print(i),Program cannot run because Python syntax is invalid.,Syntax Error,Invalid Python syntax,Colons and block syntax,Intermediate,Valid program output,Program cannot run because Python syntax is invalid.,The statement inside the block is not indented.,Indent the statement inside the if block.,"Syntax Error, Colons and block syntax"
164,Python,name = 'Safa,Program cannot run because Python syntax is invalid.,Syntax Error,Invalid Python syntax,Python syntax rules,Beginner,Valid program output,Program cannot run because Python syntax is invalid.,The operation combines values whose data types are not compatible.,Convert the values to compatible data types before applying the operation.,"Syntax Error, Python syntax rules"
165,Python,"def add(a, b)
    return a+b",Program cannot run because Python syntax is invalid.,Syntax Error,Invalid Python syntax,Python syntax rules,Intermediate,Valid program output,Program cannot run because Python syntax is invalid.,Python block statements require a colon at the end.,Add a colon after the for statement.,"Syntax Error, Python syntax rules"
166,Python,for i in range(5) print(i),Program cannot run because Python syntax is invalid.,Syntax Error,Invalid Python syntax,Parentheses and brackets,Beginner,Valid program output,Program cannot run because Python syntax is invalid.,Python cannot find the requested module.,Install or import an available module.,"Syntax Error, Parentheses and brackets"
167,Python,name = 'Safa,Program cannot run because Python syntax is invalid.,Syntax Error,Invalid Python syntax,Strings and quotation marks,Intermediate,Valid program output,Program cannot run because Python syntax is invalid.,The variable name used in print does not match the declared variable.,Use the exact variable name that was declared.,"Syntax Error, Strings and quotation marks"
168,Python,if x > 5 print(x),Program cannot run because Python syntax is invalid.,Syntax Error,Invalid Python syntax,Python syntax rules,Beginner,Valid program output,Program cannot run because Python syntax is invalid.,The condition produces an incorrect result for the intended logic.,Review the condition so it matches the intended requirement.,"Syntax Error, Python syntax rules"
169,Python,if x > 5 print(x),Program cannot run because Python syntax is invalid.,Syntax Error,Invalid Python syntax,Parentheses and brackets,Intermediate,Valid program output,Program cannot run because Python syntax is invalid.,The statement inside the block is not indented.,Indent the statement inside the if block.,"Syntax Error, Parentheses and brackets"
170,Python,"numbers = [1, 2, 3",Program cannot run because Python syntax is invalid.,Syntax Error,Invalid Python syntax,Colons and block syntax,Beginner,Valid program output,Program cannot run because Python syntax is invalid.,The code uses a variable that has not been defined.,Check that the variable is defined before use.,"Syntax Error, Colons and block syntax"
171,Python,name = 'Safa,Program cannot run because Python syntax is invalid.,Syntax Error,Invalid Python syntax,Python syntax rules,Intermediate,Valid program output,Program cannot run because Python syntax is invalid.,Python cannot find the requested module.,Install or import an available module.,"Syntax Error, Python syntax rules"
172,Python,"numbers = [1, 2, 3",Program cannot run because Python syntax is invalid.,Syntax Error,Invalid Python syntax,Parentheses and brackets,Beginner,Valid program output,Program cannot run because Python syntax is invalid.,The operation combines values whose data types are not compatible.,Convert the values to compatible data types before applying the operation.,"Syntax Error, Parentheses and brackets"
173,Python,"def add(a, b)
    return a+b",Program cannot run because Python syntax is invalid.,Syntax Error,Invalid Python syntax,Colons and block syntax,Beginner,Valid program output,Program cannot run because Python syntax is invalid.,The condition produces an incorrect result for the intended logic.,Review the condition so it matches the intended requirement.,"Syntax Error, Colons and block syntax"
174,Python,"def add(a, b)
    return a+b",Program cannot run because Python syntax is invalid.,Syntax Error,Invalid Python syntax,Parentheses and brackets,Beginner,Valid program output,Program cannot run because Python syntax is invalid.,Python cannot find the requested module.,Install or import an available module.,"Syntax Error, Parentheses and brackets"
175,Python,if x > 5 print(x),Program cannot run because Python syntax is invalid.,Syntax Error,Invalid Python syntax,Colons and block syntax,Beginner,Valid program output,Program cannot run because Python syntax is invalid.,The requested index is outside the list range.,Use an index within the valid range of the list.,"Syntax Error, Colons and block syntax"
176,Python,"numbers = [1, 2, 3",Program cannot run because Python syntax is invalid.,Syntax Error,Invalid Python syntax,Parentheses and brackets,Intermediate,Valid program output,Program cannot run because Python syntax is invalid.,The requested index is outside the list range.,Use an index within the valid range of the list.,"Syntax Error, Parentheses and brackets"
177,Python,if x > 5 print(x),Program cannot run because Python syntax is invalid.,Syntax Error,Invalid Python syntax,Parentheses and brackets,Beginner,Valid program output,Program cannot run because Python syntax is invalid.,The statement inside the block is not indented.,Indent the statement inside the if block.,"Syntax Error, Parentheses and brackets"
178,Python,"numbers = [1, 2, 3",Program cannot run because Python syntax is invalid.,Syntax Error,Invalid Python syntax,Colons and block syntax,Beginner,Valid program output,Program cannot run because Python syntax is invalid.,The operation combines values whose data types are not compatible.,Convert the values to compatible data types before applying the operation.,"Syntax Error, Colons and block syntax"
179,Python,name = 'Safa,Program cannot run because Python syntax is invalid.,Syntax Error,Invalid Python syntax,Colons and block syntax,Beginner,Valid program output,Program cannot run because Python syntax is invalid.,Python block statements require a colon at the end.,Add a colon after the for statement.,"Syntax Error, Colons and block syntax"
180,Python,if x > 5 print(x),Program cannot run because Python syntax is invalid.,Syntax Error,Invalid Python syntax,Colons and block syntax,Intermediate,Valid program output,Program cannot run because Python syntax is invalid.,The negative index is outside the valid range.,Use a valid negative index within the list length.,"Syntax Error, Colons and block syntax"
181,Python,for i in range(5) print(i),Program cannot run because Python syntax is invalid.,Syntax Error,Invalid Python syntax,Strings and quotation marks,Intermediate,Valid program output,Program cannot run because Python syntax is invalid.,The variable name used in print does not match the declared variable.,Use the exact variable name that was declared.,"Syntax Error, Strings and quotation marks"
182,Python,"def add(a, b)
    return a+b",Program cannot run because Python syntax is invalid.,Syntax Error,Invalid Python syntax,Parentheses and brackets,Beginner,Valid program output,Program cannot run because Python syntax is invalid.,The function call does not provide all required arguments.,Pass all required function arguments.,"Syntax Error, Parentheses and brackets"
183,Python,"numbers = [1, 2, 3",Program cannot run because Python syntax is invalid.,Syntax Error,Invalid Python syntax,Parentheses and brackets,Beginner,Valid program output,Program cannot run because Python syntax is invalid.,The function call does not provide all required arguments.,Pass all required function arguments.,"Syntax Error, Parentheses and brackets"
184,Python,for i in range(5) print(i),Program cannot run because Python syntax is invalid.,Syntax Error,Invalid Python syntax,Python syntax rules,Beginner,Valid program output,Program cannot run because Python syntax is invalid.,Python block statements require a colon at the end.,Add a colon after the for statement.,"Syntax Error, Python syntax rules"
185,Python,"def add(a, b)
    return a+b",Program cannot run because Python syntax is invalid.,Syntax Error,Invalid Python syntax,Strings and quotation marks,Beginner,Valid program output,Program cannot run because Python syntax is invalid.,Python block statements require a colon at the end.,Add a colon after the for statement.,"Syntax Error, Strings and quotation marks"
186,Python,"def add(a, b)
    return a+b",Program cannot run because Python syntax is invalid.,Syntax Error,Invalid Python syntax,Parentheses and brackets,Beginner,Valid program output,Program cannot run because Python syntax is invalid.,The negative index is outside the valid range.,Use a valid negative index within the list length.,"Syntax Error, Parentheses and brackets"
187,Python,name = 'Safa,Program cannot run because Python syntax is invalid.,Syntax Error,Invalid Python syntax,Parentheses and brackets,Beginner,Valid program output,Program cannot run because Python syntax is invalid.,The negative index is outside the valid range.,Use a valid negative index within the list length.,"Syntax Error, Parentheses and brackets"
188,Python,name = 'Safa,Program cannot run because Python syntax is invalid.,Syntax Error,Invalid Python syntax,Parentheses and brackets,Beginner,Valid program output,Program cannot run because Python syntax is invalid.,Python block statements require a colon at the end.,Add a colon after the for statement.,"Syntax Error, Parentheses and brackets"
189,Python,for i in range(5) print(i),Program cannot run because Python syntax is invalid.,Syntax Error,Invalid Python syntax,Strings and quotation marks,Beginner,Valid program output,Program cannot run because Python syntax is invalid.,The variable name used in print does not match the declared variable.,Use the exact variable name that was declared.,"Syntax Error, Strings and quotation marks"
190,Python,for i in range(5) print(i),Program cannot run because Python syntax is invalid.,Syntax Error,Invalid Python syntax,Python syntax rules,Beginner,Valid program output,Program cannot run because Python syntax is invalid.,The negative index is outside the valid range.,Use a valid negative index within the list length.,"Syntax Error, Python syntax rules"
191,Python,name = 'Safa,Program cannot run because Python syntax is invalid.,Syntax Error,Invalid Python syntax,Strings and quotation marks,Intermediate,Valid program output,Program cannot run because Python syntax is invalid.,The function call does not provide all required arguments.,Pass all required function arguments.,"Syntax Error, Strings and quotation marks"
192,Python,for i in range(5) print(i),Program cannot run because Python syntax is invalid.,Syntax Error,Invalid Python syntax,Colons and block syntax,Beginner,Valid program output,Program cannot run because Python syntax is invalid.,The variable name used in print does not match the declared variable.,Use the exact variable name that was declared.,"Syntax Error, Colons and block syntax"
193,Python,for i in range(5) print(i),Program cannot run because Python syntax is invalid.,Syntax Error,Invalid Python syntax,Strings and quotation marks,Beginner,Valid program output,Program cannot run because Python syntax is invalid.,The statement inside the block is not indented.,Indent the statement inside the if block.,"Syntax Error, Strings and quotation marks"
194,Python,for i in range(5) print(i),Program cannot run because Python syntax is invalid.,Syntax Error,Invalid Python syntax,Python syntax rules,Beginner,Valid program output,Program cannot run because Python syntax is invalid.,The negative index is outside the valid range.,Use a valid negative index within the list length.,"Syntax Error, Python syntax rules"
195,Python,"def add(a, b)
    return a+b",Program cannot run because Python syntax is invalid.,Syntax Error,Invalid Python syntax,Python syntax rules,Beginner,Valid program output,Program cannot run because Python syntax is invalid.,The code uses a variable that has not been defined.,Check that the variable is defined before use.,"Syntax Error, Python syntax rules"
196,Python,if x > 5 print(x),Program cannot run because Python syntax is invalid.,Syntax Error,Invalid Python syntax,Strings and quotation marks,Beginner,Valid program output,Program cannot run because Python syntax is invalid.,The function call does not provide all required arguments.,Pass all required function arguments.,"Syntax Error, Strings and quotation marks"
197,Python,"numbers = [1, 2, 3",Program cannot run because Python syntax is invalid.,Syntax Error,Invalid Python syntax,Colons and block syntax,Beginner,Valid program output,Program cannot run because Python syntax is invalid.,The function call does not provide all required arguments.,Pass all required function arguments.,"Syntax Error, Colons and block syntax"
198,Python,if x > 5 print(x),Program cannot run because Python syntax is invalid.,Syntax Error,Invalid Python syntax,Colons and block syntax,Beginner,Valid program output,Program cannot run because Python syntax is invalid.,The operation combines values whose data types are not compatible.,Convert the values to compatible data types before applying the operation.,"Syntax Error, Colons and block syntax"
199,Python,if x > 5 print(x),Program cannot run because Python syntax is invalid.,Syntax Error,Invalid Python syntax,Parentheses and brackets,Beginner,Valid program output,Program cannot run because Python syntax is invalid.,The variable name used in print does not match the declared variable.,Use the exact variable name that was declared.,"Syntax Error, Parentheses and brackets"
200,Python,"def add(a, b)
    return a+b",Program cannot run because Python syntax is invalid.,Syntax Error,Invalid Python syntax,Parentheses and brackets,Intermediate,Valid program output,Program cannot run because Python syntax is invalid.,The variable name used in print does not match the declared variable.,Use the exact variable name that was declared.,"Syntax Error, Parentheses and brackets"
201,Python,for i in range(5) print(i),Program cannot run because Python syntax is invalid.,Syntax Error,Invalid Python syntax,Python syntax rules,Intermediate,Valid program output,Program cannot run because Python syntax is invalid.,The operation combines values whose data types are not compatible.,Convert the values to compatible data types before applying the operation.,"Syntax Error, Python syntax rules"
202,Python,for i in range(5) print(i),Program cannot run because Python syntax is invalid.,Syntax Error,Invalid Python syntax,Colons and block syntax,Beginner,Valid program output,Program cannot run because Python syntax is invalid.,The variable name used in print does not match the declared variable.,Use the exact variable name that was declared.,"Syntax Error, Colons and block syntax"
203,Python,"def add(a, b)
    return a+b",Program cannot run because Python syntax is invalid.,Syntax Error,Invalid Python syntax,Parentheses and brackets,Intermediate,Valid program output,Program cannot run because Python syntax is invalid.,The condition produces an incorrect result for the intended logic.,Review the condition so it matches the intended requirement.,"Syntax Error, Parentheses and brackets"
204,Python,"numbers = [1, 2, 3",Program cannot run because Python syntax is invalid.,Syntax Error,Invalid Python syntax,Strings and quotation marks,Beginner,Valid program output,Program cannot run because Python syntax is invalid.,The negative index is outside the valid range.,Use a valid negative index within the list length.,"Syntax Error, Strings and quotation marks"
205,Python,"def add(a, b)
    return a+b",Program cannot run because Python syntax is invalid.,Syntax Error,Invalid Python syntax,Parentheses and brackets,Beginner,Valid program output,Program cannot run because Python syntax is invalid.,Python block statements require a colon at the end.,Add a colon after the for statement.,"Syntax Error, Parentheses and brackets"
206,Python,"def add(a, b)
    return a+b",Program cannot run because Python syntax is invalid.,Syntax Error,Invalid Python syntax,Colons and block syntax,Beginner,Valid program output,Program cannot run because Python syntax is invalid.,The condition produces an incorrect result for the intended logic.,Review the condition so it matches the intended requirement.,"Syntax Error, Colons and block syntax"
207,Python,for i in range(5) print(i),Program cannot run because Python syntax is invalid.,Syntax Error,Invalid Python syntax,Python syntax rules,Beginner,Valid program output,Program cannot run because Python syntax is invalid.,The requested index is outside the list range.,Use an index within the valid range of the list.,"Syntax Error, Python syntax rules"
208,Python,for i in range(5) print(i),Program cannot run because Python syntax is invalid.,Syntax Error,Invalid Python syntax,Python syntax rules,Beginner,Valid program output,Program cannot run because Python syntax is invalid.,The operation combines values whose data types are not compatible.,Convert the values to compatible data types before applying the operation.,"Syntax Error, Python syntax rules"
209,Python,if x > 5 print(x),Program cannot run because Python syntax is invalid.,Syntax Error,Invalid Python syntax,Python syntax rules,Beginner,Valid program output,Program cannot run because Python syntax is invalid.,The operation combines values whose data types are not compatible.,Convert the values to compatible data types before applying the operation.,"Syntax Error, Python syntax rules"
210,Python,"numbers = [1, 2, 3",Program cannot run because Python syntax is invalid.,Syntax Error,Invalid Python syntax,Parentheses and brackets,Beginner,Valid program output,Program cannot run because Python syntax is invalid.,The condition produces an incorrect result for the intended logic.,Review the condition so it matches the intended requirement.,"Syntax Error, Parentheses and brackets"
211,Python,name = 'Safa,Program cannot run because Python syntax is invalid.,Syntax Error,Invalid Python syntax,Python syntax rules,Intermediate,Valid program output,Program cannot run because Python syntax is invalid.,The requested index is outside the list range.,Use an index within the valid range of the list.,"Syntax Error, Python syntax rules"
212,Python,if x > 5 print(x),Program cannot run because Python syntax is invalid.,Syntax Error,Invalid Python syntax,Colons and block syntax,Intermediate,Valid program output,Program cannot run because Python syntax is invalid.,The function call does not provide all required arguments.,Pass all required function arguments.,"Syntax Error, Colons and block syntax"
213,Python,"def add(a, b)
    return a+b",Program cannot run because Python syntax is invalid.,Syntax Error,Invalid Python syntax,Strings and quotation marks,Intermediate,Valid program output,Program cannot run because Python syntax is invalid.,Python block statements require a colon at the end.,Add a colon after the for statement.,"Syntax Error, Strings and quotation marks"
214,Python,if x > 5 print(x),Program cannot run because Python syntax is invalid.,Syntax Error,Invalid Python syntax,Strings and quotation marks,Intermediate,Valid program output,Program cannot run because Python syntax is invalid.,Python cannot find the requested module.,Install or import an available module.,"Syntax Error, Strings and quotation marks"
215,Python,name = 'Safa,Program cannot run because Python syntax is invalid.,Syntax Error,Invalid Python syntax,Strings and quotation marks,Beginner,Valid program output,Program cannot run because Python syntax is invalid.,The operation combines values whose data types are not compatible.,Convert the values to compatible data types before applying the operation.,"Syntax Error, Strings and quotation marks"
216,Python,for i in range(5) print(i),Program cannot run because Python syntax is invalid.,Syntax Error,Invalid Python syntax,Python syntax rules,Beginner,Valid program output,Program cannot run because Python syntax is invalid.,The code uses a variable that has not been defined.,Check that the variable is defined before use.,"Syntax Error, Python syntax rules"
217,Python,if x > 5 print(x),Program cannot run because Python syntax is invalid.,Syntax Error,Invalid Python syntax,Colons and block syntax,Beginner,Valid program output,Program cannot run because Python syntax is invalid.,The function call does not provide all required arguments.,Pass all required function arguments.,"Syntax Error, Colons and block syntax"
218,Python,name = 'Safa,Program cannot run because Python syntax is invalid.,Syntax Error,Invalid Python syntax,Colons and block syntax,Intermediate,Valid program output,Program cannot run because Python syntax is invalid.,Python cannot find the requested module.,Install or import an available module.,"Syntax Error, Colons and block syntax"
219,Python,if x > 5 print(x),Program cannot run because Python syntax is invalid.,Syntax Error,Invalid Python syntax,Parentheses and brackets,Intermediate,Valid program output,Program cannot run because Python syntax is invalid.,The function call does not provide all required arguments.,Pass all required function arguments.,"Syntax Error, Parentheses and brackets"
220,Python,name = 'Safa,Program cannot run because Python syntax is invalid.,Syntax Error,Invalid Python syntax,Python syntax rules,Intermediate,Valid program output,Program cannot run because Python syntax is invalid.,Python cannot find the requested module.,Install or import an available module.,"Syntax Error, Python syntax rules"
221,Python,if x > 5 print(x),Program cannot run because Python syntax is invalid.,Syntax Error,Invalid Python syntax,Colons and block syntax,Beginner,Valid program output,Program cannot run because Python syntax is invalid.,The code uses a variable that has not been defined.,Check that the variable is defined before use.,"Syntax Error, Colons and block syntax"
222,Python,"def add(a, b)
    return a+b",Program cannot run because Python syntax is invalid.,Syntax Error,Invalid Python syntax,Python syntax rules,Beginner,Valid program output,Program cannot run because Python syntax is invalid.,Python block statements require a colon at the end.,Add a colon after the for statement.,"Syntax Error, Python syntax rules"
223,Python,"def add(a, b)
    return a+b",Program cannot run because Python syntax is invalid.,Syntax Error,Invalid Python syntax,Strings and quotation marks,Intermediate,Valid program output,Program cannot run because Python syntax is invalid.,The function call does not provide all required arguments.,Pass all required function arguments.,"Syntax Error, Strings and quotation marks"
224,Python,for i in range(5) print(i),Program cannot run because Python syntax is invalid.,Syntax Error,Invalid Python syntax,Parentheses and brackets,Intermediate,Valid program output,Program cannot run because Python syntax is invalid.,Python block statements require a colon at the end.,Add a colon after the for statement.,"Syntax Error, Parentheses and brackets"
225,Python,if x > 5 print(x),Program cannot run because Python syntax is invalid.,Syntax Error,Invalid Python syntax,Parentheses and brackets,Beginner,Valid program output,Program cannot run because Python syntax is invalid.,The function call does not provide all required arguments.,Pass all required function arguments.,"Syntax Error, Parentheses and brackets"
226,Python,name = 'Safa,Program cannot run because Python syntax is invalid.,Syntax Error,Invalid Python syntax,Colons and block syntax,Beginner,Valid program output,Program cannot run because Python syntax is invalid.,Python cannot find the requested module.,Install or import an available module.,"Syntax Error, Colons and block syntax"
227,Python,name = 'Safa,Program cannot run because Python syntax is invalid.,Syntax Error,Invalid Python syntax,Python syntax rules,Beginner,Valid program output,Program cannot run because Python syntax is invalid.,The operation combines values whose data types are not compatible.,Convert the values to compatible data types before applying the operation.,"Syntax Error, Python syntax rules"
228,Python,"numbers = [1, 2, 3",Program cannot run because Python syntax is invalid.,Syntax Error,Invalid Python syntax,Parentheses and brackets,Intermediate,Valid program output,Program cannot run because Python syntax is invalid.,Python block statements require a colon at the end.,Add a colon after the for statement.,"Syntax Error, Parentheses and brackets"
229,Python,if x > 5 print(x),Program cannot run because Python syntax is invalid.,Syntax Error,Invalid Python syntax,Python syntax rules,Beginner,Valid program output,Program cannot run because Python syntax is invalid.,The function call does not provide all required arguments.,Pass all required function arguments.,"Syntax Error, Python syntax rules"
230,Python,if x > 5 print(x),Program cannot run because Python syntax is invalid.,Syntax Error,Invalid Python syntax,Colons and block syntax,Beginner,Valid program output,Program cannot run because Python syntax is invalid.,The statement inside the block is not indented.,Indent the statement inside the if block.,"Syntax Error, Colons and block syntax"
231,Python,"numbers = [1, 2, 3",Program cannot run because Python syntax is invalid.,Syntax Error,Invalid Python syntax,Python syntax rules,Beginner,Valid program output,Program cannot run because Python syntax is invalid.,The negative index is outside the valid range.,Use a valid negative index within the list length.,"Syntax Error, Python syntax rules"
232,Python,"def add(a, b)
    return a+b",Program cannot run because Python syntax is invalid.,Syntax Error,Invalid Python syntax,Python syntax rules,Beginner,Valid program output,Program cannot run because Python syntax is invalid.,The requested index is outside the list range.,Use an index within the valid range of the list.,"Syntax Error, Python syntax rules"
233,Python,if x > 5 print(x),Program cannot run because Python syntax is invalid.,Syntax Error,Invalid Python syntax,Parentheses and brackets,Beginner,Valid program output,Program cannot run because Python syntax is invalid.,The function call does not provide all required arguments.,Pass all required function arguments.,"Syntax Error, Parentheses and brackets"
234,Python,for i in range(5) print(i),Program cannot run because Python syntax is invalid.,Syntax Error,Invalid Python syntax,Colons and block syntax,Beginner,Valid program output,Program cannot run because Python syntax is invalid.,The negative index is outside the valid range.,Use a valid negative index within the list length.,"Syntax Error, Colons and block syntax"
235,Python,if x > 5 print(x),Program cannot run because Python syntax is invalid.,Syntax Error,Invalid Python syntax,Parentheses and brackets,Beginner,Valid program output,Program cannot run because Python syntax is invalid.,The function call does not provide all required arguments.,Pass all required function arguments.,"Syntax Error, Parentheses and brackets"
236,Python,name = 'Safa,Program cannot run because Python syntax is invalid.,Syntax Error,Invalid Python syntax,Strings and quotation marks,Intermediate,Valid program output,Program cannot run because Python syntax is invalid.,The operation combines values whose data types are not compatible.,Convert the values to compatible data types before applying the operation.,"Syntax Error, Strings and quotation marks"
237,Python,"numbers = [1, 2, 3",Program cannot run because Python syntax is invalid.,Syntax Error,Invalid Python syntax,Python syntax rules,Beginner,Valid program output,Program cannot run because Python syntax is invalid.,The negative index is outside the valid range.,Use a valid negative index within the list length.,"Syntax Error, Python syntax rules"
238,Python,"numbers = [1, 2, 3",Program cannot run because Python syntax is invalid.,Syntax Error,Invalid Python syntax,Strings and quotation marks,Beginner,Valid program output,Program cannot run because Python syntax is invalid.,The variable name used in print does not match the declared variable.,Use the exact variable name that was declared.,"Syntax Error, Strings and quotation marks"
239,Python,name = 'Safa,Program cannot run because Python syntax is invalid.,Syntax Error,Invalid Python syntax,Strings and quotation marks,Intermediate,Valid program output,Program cannot run because Python syntax is invalid.,The function call does not provide all required arguments.,Pass all required function arguments.,"Syntax Error, Strings and quotation marks"
240,Python,"numbers = [1, 2, 3",Program cannot run because Python syntax is invalid.,Syntax Error,Invalid Python syntax,Colons and block syntax,Beginner,Valid program output,Program cannot run because Python syntax is invalid.,Python cannot find the requested module.,Install or import an available module.,"Syntax Error, Colons and block syntax"
241,Python,"def add(a, b)
    return a+b",Program cannot run because Python syntax is invalid.,Syntax Error,Invalid Python syntax,Strings and quotation marks,Beginner,Valid program output,Program cannot run because Python syntax is invalid.,The function call does not provide all required arguments.,Pass all required function arguments.,"Syntax Error, Strings and quotation marks"
242,Python,"def add(a, b)
    return a+b",Program cannot run because Python syntax is invalid.,Syntax Error,Invalid Python syntax,Parentheses and brackets,Intermediate,Valid program output,Program cannot run because Python syntax is invalid.,The requested index is outside the list range.,Use an index within the valid range of the list.,"Syntax Error, Parentheses and brackets"
243,Python,name = 'Safa,Program cannot run because Python syntax is invalid.,Syntax Error,Invalid Python syntax,Strings and quotation marks,Beginner,Valid program output,Program cannot run because Python syntax is invalid.,The variable name used in print does not match the declared variable.,Use the exact variable name that was declared.,"Syntax Error, Strings and quotation marks"
244,Python,name = 'Safa,Program cannot run because Python syntax is invalid.,Syntax Error,Invalid Python syntax,Colons and block syntax,Beginner,Valid program output,Program cannot run because Python syntax is invalid.,The negative index is outside the valid range.,Use a valid negative index within the list length.,"Syntax Error, Colons and block syntax"
245,Python,"def add(a, b)
    return a+b",Program cannot run because Python syntax is invalid.,Syntax Error,Invalid Python syntax,Colons and block syntax,Intermediate,Valid program output,Program cannot run because Python syntax is invalid.,Python block statements require a colon at the end.,Add a colon after the for statement.,"Syntax Error, Colons and block syntax"
246,Python,"numbers = [1, 2, 3",Program cannot run because Python syntax is invalid.,Syntax Error,Invalid Python syntax,Parentheses and brackets,Intermediate,Valid program output,Program cannot run because Python syntax is invalid.,The operation combines values whose data types are not compatible.,Convert the values to compatible data types before applying the operation.,"Syntax Error, Parentheses and brackets"
247,Python,name = 'Safa,Program cannot run because Python syntax is invalid.,Syntax Error,Invalid Python syntax,Parentheses and brackets,Intermediate,Valid program output,Program cannot run because Python syntax is invalid.,The statement inside the block is not indented.,Indent the statement inside the if block.,"Syntax Error, Parentheses and brackets"
248,Python,name = 'Safa,Program cannot run because Python syntax is invalid.,Syntax Error,Invalid Python syntax,Parentheses and brackets,Beginner,Valid program output,Program cannot run because Python syntax is invalid.,The function call does not provide all required arguments.,Pass all required function arguments.,"Syntax Error, Parentheses and brackets"
249,Python,"numbers = [1, 2, 3",Program cannot run because Python syntax is invalid.,Syntax Error,Invalid Python syntax,Strings and quotation marks,Beginner,Valid program output,Program cannot run because Python syntax is invalid.,The condition produces an incorrect result for the intended logic.,Review the condition so it matches the intended requirement.,"Syntax Error, Strings and quotation marks"
250,Python,name = 'Safa,Program cannot run because Python syntax is invalid.,Syntax Error,Invalid Python syntax,Parentheses and brackets,Intermediate,Valid program output,Program cannot run because Python syntax is invalid.,The code uses a variable that has not been defined.,Check that the variable is defined before use.,"Syntax Error, Parentheses and brackets"
251,Python,print(number),NameError: name 'number' is not defined,Name Error,Undefined variable,Variable scope and naming,Intermediate,A value should be displayed,NameError: name 'number' is not defined,Python cannot find the requested module.,Install or import an available module.,"Name Error, Variable scope and naming"
252,Python,print(number),NameError: name 'number' is not defined,Name Error,Undefined variable,Function names,Beginner,A value should be displayed,NameError: name 'number' is not defined,The operation combines values whose data types are not compatible.,Convert the values to compatible data types before applying the operation.,"Name Error, Function names"
253,Python,print(value),NameError: name 'value' is not defined,Name Error,Undefined variable,Variables and identifiers,Beginner,A value should be displayed,NameError: name 'value' is not defined,The negative index is outside the valid range.,Use a valid negative index within the list length.,"Name Error, Variables and identifiers"
254,Python,print(total),NameError: name 'total' is not defined,Name Error,Undefined variable,Variables and identifiers,Intermediate,A value should be displayed,NameError: name 'total' is not defined,The function call does not provide all required arguments.,Pass all required function arguments.,"Name Error, Variables and identifiers"
255,Python,print(count),NameError: name 'count' is not defined,Name Error,Undefined variable,Variable scope and naming,Beginner,A value should be displayed,NameError: name 'count' is not defined,The code uses a variable that has not been defined.,Check that the variable is defined before use.,"Name Error, Variable scope and naming"
256,Python,print(total),NameError: name 'total' is not defined,Name Error,Undefined variable,Variable scope and naming,Beginner,A value should be displayed,NameError: name 'total' is not defined,The operation combines values whose data types are not compatible.,Convert the values to compatible data types before applying the operation.,"Name Error, Variable scope and naming"
257,Python,print(value),NameError: name 'value' is not defined,Name Error,Undefined variable,Variable scope and naming,Intermediate,A value should be displayed,NameError: name 'value' is not defined,The statement inside the block is not indented.,Indent the statement inside the if block.,"Name Error, Variable scope and naming"
258,Python,print(score),NameError: name 'score' is not defined,Name Error,Undefined variable,Variable scope and naming,Intermediate,A value should be displayed,NameError: name 'score' is not defined,The variable name used in print does not match the declared variable.,Use the exact variable name that was declared.,"Name Error, Variable scope and naming"
259,Python,print(score),NameError: name 'score' is not defined,Name Error,Undefined variable,Function names,Intermediate,A value should be displayed,NameError: name 'score' is not defined,Python cannot find the requested module.,Install or import an available module.,"Name Error, Function names"
260,Python,print(value),NameError: name 'value' is not defined,Name Error,Undefined variable,Function names,Beginner,A value should be displayed,NameError: name 'value' is not defined,The function call does not provide all required arguments.,Pass all required function arguments.,"Name Error, Function names"
261,Python,print(result),NameError: name 'result' is not defined,Name Error,Undefined variable,Function names,Intermediate,A value should be displayed,NameError: name 'result' is not defined,The variable name used in print does not match the declared variable.,Use the exact variable name that was declared.,"Name Error, Function names"
262,Python,print(result),NameError: name 'result' is not defined,Name Error,Undefined variable,Function names,Intermediate,A value should be displayed,NameError: name 'result' is not defined,Python block statements require a colon at the end.,Add a colon after the for statement.,"Name Error, Function names"
263,Python,print(total),NameError: name 'total' is not defined,Name Error,Undefined variable,Variables and identifiers,Intermediate,A value should be displayed,NameError: name 'total' is not defined,Python cannot find the requested module.,Install or import an available module.,"Name Error, Variables and identifiers"
264,Python,print(number),NameError: name 'number' is not defined,Name Error,Undefined variable,Function names,Beginner,A value should be displayed,NameError: name 'number' is not defined,The variable name used in print does not match the declared variable.,Use the exact variable name that was declared.,"Name Error, Function names"
265,Python,print(total),NameError: name 'total' is not defined,Name Error,Undefined variable,Function names,Beginner,A value should be displayed,NameError: name 'total' is not defined,Python block statements require a colon at the end.,Add a colon after the for statement.,"Name Error, Function names"
266,Python,print(score),NameError: name 'score' is not defined,Name Error,Undefined variable,Variable scope and naming,Beginner,A value should be displayed,NameError: name 'score' is not defined,The code uses a variable that has not been defined.,Check that the variable is defined before use.,"Name Error, Variable scope and naming"
267,Python,print(result),NameError: name 'result' is not defined,Name Error,Undefined variable,Variable scope and naming,Beginner,A value should be displayed,NameError: name 'result' is not defined,Python cannot find the requested module.,Install or import an available module.,"Name Error, Variable scope and naming"
268,Python,print(value),NameError: name 'value' is not defined,Name Error,Undefined variable,Function names,Intermediate,A value should be displayed,NameError: name 'value' is not defined,Python cannot find the requested module.,Install or import an available module.,"Name Error, Function names"
269,Python,print(result),NameError: name 'result' is not defined,Name Error,Undefined variable,Variables and identifiers,Beginner,A value should be displayed,NameError: name 'result' is not defined,The operation combines values whose data types are not compatible.,Convert the values to compatible data types before applying the operation.,"Name Error, Variables and identifiers"
270,Python,print(value),NameError: name 'value' is not defined,Name Error,Undefined variable,Function names,Intermediate,A value should be displayed,NameError: name 'value' is not defined,Python cannot find the requested module.,Install or import an available module.,"Name Error, Function names"
271,Python,print(value),NameError: name 'value' is not defined,Name Error,Undefined variable,Variables and identifiers,Beginner,A value should be displayed,NameError: name 'value' is not defined,The function call does not provide all required arguments.,Pass all required function arguments.,"Name Error, Variables and identifiers"
272,Python,print(count),NameError: name 'count' is not defined,Name Error,Undefined variable,Variables and identifiers,Beginner,A value should be displayed,NameError: name 'count' is not defined,The function call does not provide all required arguments.,Pass all required function arguments.,"Name Error, Variables and identifiers"
273,Python,print(count),NameError: name 'count' is not defined,Name Error,Undefined variable,Variable scope and naming,Beginner,A value should be displayed,NameError: name 'count' is not defined,Python block statements require a colon at the end.,Add a colon after the for statement.,"Name Error, Variable scope and naming"
274,Python,print(count),NameError: name 'count' is not defined,Name Error,Undefined variable,Variable scope and naming,Intermediate,A value should be displayed,NameError: name 'count' is not defined,Python block statements require a colon at the end.,Add a colon after the for statement.,"Name Error, Variable scope and naming"
275,Python,print(number),NameError: name 'number' is not defined,Name Error,Undefined variable,Variables and identifiers,Beginner,A value should be displayed,NameError: name 'number' is not defined,The variable name used in print does not match the declared variable.,Use the exact variable name that was declared.,"Name Error, Variables and identifiers"
276,Python,print(count),NameError: name 'count' is not defined,Name Error,Undefined variable,Function names,Beginner,A value should be displayed,NameError: name 'count' is not defined,Python block statements require a colon at the end.,Add a colon after the for statement.,"Name Error, Function names"
277,Python,print(number),NameError: name 'number' is not defined,Name Error,Undefined variable,Function names,Beginner,A value should be displayed,NameError: name 'number' is not defined,Python block statements require a colon at the end.,Add a colon after the for statement.,"Name Error, Function names"
278,Python,print(number),NameError: name 'number' is not defined,Name Error,Undefined variable,Variables and identifiers,Beginner,A value should be displayed,NameError: name 'number' is not defined,Python cannot find the requested module.,Install or import an available module.,"Name Error, Variables and identifiers"
279,Python,print(value),NameError: name 'value' is not defined,Name Error,Undefined variable,Variables and identifiers,Beginner,A value should be displayed,NameError: name 'value' is not defined,Python cannot find the requested module.,Install or import an available module.,"Name Error, Variables and identifiers"
280,Python,print(count),NameError: name 'count' is not defined,Name Error,Undefined variable,Function names,Beginner,A value should be displayed,NameError: name 'count' is not defined,Python block statements require a colon at the end.,Add a colon after the for statement.,"Name Error, Function names"
281,Python,print(score),NameError: name 'score' is not defined,Name Error,Undefined variable,Variables and identifiers,Beginner,A value should be displayed,NameError: name 'score' is not defined,Python cannot find the requested module.,Install or import an available module.,"Name Error, Variables and identifiers"
282,Python,print(value),NameError: name 'value' is not defined,Name Error,Undefined variable,Function names,Intermediate,A value should be displayed,NameError: name 'value' is not defined,The code uses a variable that has not been defined.,Check that the variable is defined before use.,"Name Error, Function names"
283,Python,print(result),NameError: name 'result' is not defined,Name Error,Undefined variable,Variable scope and naming,Intermediate,A value should be displayed,NameError: name 'result' is not defined,Python block statements require a colon at the end.,Add a colon after the for statement.,"Name Error, Variable scope and naming"
284,Python,print(count),NameError: name 'count' is not defined,Name Error,Undefined variable,Variable scope and naming,Beginner,A value should be displayed,NameError: name 'count' is not defined,The requested index is outside the list range.,Use an index within the valid range of the list.,"Name Error, Variable scope and naming"
285,Python,print(count),NameError: name 'count' is not defined,Name Error,Undefined variable,Function names,Intermediate,A value should be displayed,NameError: name 'count' is not defined,Python block statements require a colon at the end.,Add a colon after the for statement.,"Name Error, Function names"
286,Python,print(count),NameError: name 'count' is not defined,Name Error,Undefined variable,Function names,Beginner,A value should be displayed,NameError: name 'count' is not defined,The operation combines values whose data types are not compatible.,Convert the values to compatible data types before applying the operation.,"Name Error, Function names"
287,Python,print(score),NameError: name 'score' is not defined,Name Error,Undefined variable,Function names,Beginner,A value should be displayed,NameError: name 'score' is not defined,The code uses a variable that has not been defined.,Check that the variable is defined before use.,"Name Error, Function names"
288,Python,print(score),NameError: name 'score' is not defined,Name Error,Undefined variable,Variables and identifiers,Intermediate,A value should be displayed,NameError: name 'score' is not defined,The condition produces an incorrect result for the intended logic.,Review the condition so it matches the intended requirement.,"Name Error, Variables and identifiers"
289,Python,print(score),NameError: name 'score' is not defined,Name Error,Undefined variable,Variables and identifiers,Beginner,A value should be displayed,NameError: name 'score' is not defined,The variable name used in print does not match the declared variable.,Use the exact variable name that was declared.,"Name Error, Variables and identifiers"
290,Python,print(result),NameError: name 'result' is not defined,Name Error,Undefined variable,Function names,Beginner,A value should be displayed,NameError: name 'result' is not defined,Python cannot find the requested module.,Install or import an available module.,"Name Error, Function names"
291,Python,print(score),NameError: name 'score' is not defined,Name Error,Undefined variable,Variables and identifiers,Intermediate,A value should be displayed,NameError: name 'score' is not defined,The negative index is outside the valid range.,Use a valid negative index within the list length.,"Name Error, Variables and identifiers"
292,Python,print(result),NameError: name 'result' is not defined,Name Error,Undefined variable,Function names,Beginner,A value should be displayed,NameError: name 'result' is not defined,Python block statements require a colon at the end.,Add a colon after the for statement.,"Name Error, Function names"
293,Python,print(count),NameError: name 'count' is not defined,Name Error,Undefined variable,Variable scope and naming,Beginner,A value should be displayed,NameError: name 'count' is not defined,Python block statements require a colon at the end.,Add a colon after the for statement.,"Name Error, Variable scope and naming"
294,Python,print(total),NameError: name 'total' is not defined,Name Error,Undefined variable,Variables and identifiers,Beginner,A value should be displayed,NameError: name 'total' is not defined,The function call does not provide all required arguments.,Pass all required function arguments.,"Name Error, Variables and identifiers"
295,Python,print(value),NameError: name 'value' is not defined,Name Error,Undefined variable,Variables and identifiers,Beginner,A value should be displayed,NameError: name 'value' is not defined,Python cannot find the requested module.,Install or import an available module.,"Name Error, Variables and identifiers"
296,Python,print(total),NameError: name 'total' is not defined,Name Error,Undefined variable,Variables and identifiers,Beginner,A value should be displayed,NameError: name 'total' is not defined,Python cannot find the requested module.,Install or import an available module.,"Name Error, Variables and identifiers"
297,Python,print(number),NameError: name 'number' is not defined,Name Error,Undefined variable,Function names,Beginner,A value should be displayed,NameError: name 'number' is not defined,The variable name used in print does not match the declared variable.,Use the exact variable name that was declared.,"Name Error, Function names"
298,Python,print(value),NameError: name 'value' is not defined,Name Error,Undefined variable,Function names,Beginner,A value should be displayed,NameError: name 'value' is not defined,Python block statements require a colon at the end.,Add a colon after the for statement.,"Name Error, Function names"
299,Python,print(total),NameError: name 'total' is not defined,Name Error,Undefined variable,Function names,Intermediate,A value should be displayed,NameError: name 'total' is not defined,The statement inside the block is not indented.,Indent the statement inside the if block.,"Name Error, Function names"
300,Python,print(total),NameError: name 'total' is not defined,Name Error,Undefined variable,Variables and identifiers,Intermediate,A value should be displayed,NameError: name 'total' is not defined,The function call does not provide all required arguments.,Pass all required function arguments.,"Name Error, Variables and identifiers"
301,Python,print(value),NameError: name 'value' is not defined,Name Error,Undefined variable,Function names,Beginner,A value should be displayed,NameError: name 'value' is not defined,The statement inside the block is not indented.,Indent the statement inside the if block.,"Name Error, Function names"
302,Python,print(count),NameError: name 'count' is not defined,Name Error,Undefined variable,Function names,Beginner,A value should be displayed,NameError: name 'count' is not defined,The variable name used in print does not match the declared variable.,Use the exact variable name that was declared.,"Name Error, Function names"
303,Python,print(count),NameError: name 'count' is not defined,Name Error,Undefined variable,Function names,Beginner,A value should be displayed,NameError: name 'count' is not defined,Python block statements require a colon at the end.,Add a colon after the for statement.,"Name Error, Function names"
304,Python,print(total),NameError: name 'total' is not defined,Name Error,Undefined variable,Variables and identifiers,Beginner,A value should be displayed,NameError: name 'total' is not defined,The operation combines values whose data types are not compatible.,Convert the values to compatible data types before applying the operation.,"Name Error, Variables and identifiers"
305,Python,print(total),NameError: name 'total' is not defined,Name Error,Undefined variable,Variable scope and naming,Beginner,A value should be displayed,NameError: name 'total' is not defined,The function call does not provide all required arguments.,Pass all required function arguments.,"Name Error, Variable scope and naming"
306,Python,print(result),NameError: name 'result' is not defined,Name Error,Undefined variable,Variables and identifiers,Beginner,A value should be displayed,NameError: name 'result' is not defined,The negative index is outside the valid range.,Use a valid negative index within the list length.,"Name Error, Variables and identifiers"
307,Python,print(count),NameError: name 'count' is not defined,Name Error,Undefined variable,Variable scope and naming,Intermediate,A value should be displayed,NameError: name 'count' is not defined,The statement inside the block is not indented.,Indent the statement inside the if block.,"Name Error, Variable scope and naming"
308,Python,print(number),NameError: name 'number' is not defined,Name Error,Undefined variable,Function names,Intermediate,A value should be displayed,NameError: name 'number' is not defined,The negative index is outside the valid range.,Use a valid negative index within the list length.,"Name Error, Function names"
309,Python,print(number),NameError: name 'number' is not defined,Name Error,Undefined variable,Function names,Intermediate,A value should be displayed,NameError: name 'number' is not defined,The operation combines values whose data types are not compatible.,Convert the values to compatible data types before applying the operation.,"Name Error, Function names"
310,Python,print(value),NameError: name 'value' is not defined,Name Error,Undefined variable,Variables and identifiers,Beginner,A value should be displayed,NameError: name 'value' is not defined,The function call does not provide all required arguments.,Pass all required function arguments.,"Name Error, Variables and identifiers"
311,Python,print(count),NameError: name 'count' is not defined,Name Error,Undefined variable,Variable scope and naming,Beginner,A value should be displayed,NameError: name 'count' is not defined,The code uses a variable that has not been defined.,Check that the variable is defined before use.,"Name Error, Variable scope and naming"
312,Python,print(number),NameError: name 'number' is not defined,Name Error,Undefined variable,Variables and identifiers,Beginner,A value should be displayed,NameError: name 'number' is not defined,The function call does not provide all required arguments.,Pass all required function arguments.,"Name Error, Variables and identifiers"
313,Python,print(count),NameError: name 'count' is not defined,Name Error,Undefined variable,Variable scope and naming,Beginner,A value should be displayed,NameError: name 'count' is not defined,The variable name used in print does not match the declared variable.,Use the exact variable name that was declared.,"Name Error, Variable scope and naming"
314,Python,print(total),NameError: name 'total' is not defined,Name Error,Undefined variable,Function names,Beginner,A value should be displayed,NameError: name 'total' is not defined,The statement inside the block is not indented.,Indent the statement inside the if block.,"Name Error, Function names"
315,Python,print(total),NameError: name 'total' is not defined,Name Error,Undefined variable,Variable scope and naming,Beginner,A value should be displayed,NameError: name 'total' is not defined,The requested index is outside the list range.,Use an index within the valid range of the list.,"Name Error, Variable scope and naming"
316,Python,print(count),NameError: name 'count' is not defined,Name Error,Undefined variable,Variables and identifiers,Intermediate,A value should be displayed,NameError: name 'count' is not defined,The requested index is outside the list range.,Use an index within the valid range of the list.,"Name Error, Variables and identifiers"
317,Python,print(total),NameError: name 'total' is not defined,Name Error,Undefined variable,Function names,Beginner,A value should be displayed,NameError: name 'total' is not defined,The code uses a variable that has not been defined.,Check that the variable is defined before use.,"Name Error, Function names"
318,Python,print(value),NameError: name 'value' is not defined,Name Error,Undefined variable,Variables and identifiers,Beginner,A value should be displayed,NameError: name 'value' is not defined,The operation combines values whose data types are not compatible.,Convert the values to compatible data types before applying the operation.,"Name Error, Variables and identifiers"
319,Python,print(result),NameError: name 'result' is not defined,Name Error,Undefined variable,Variables and identifiers,Intermediate,A value should be displayed,NameError: name 'result' is not defined,The negative index is outside the valid range.,Use a valid negative index within the list length.,"Name Error, Variables and identifiers"
320,Python,print(score),NameError: name 'score' is not defined,Name Error,Undefined variable,Variables and identifiers,Beginner,A value should be displayed,NameError: name 'score' is not defined,The requested index is outside the list range.,Use an index within the valid range of the list.,"Name Error, Variables and identifiers"
321,Python,print(score),NameError: name 'score' is not defined,Name Error,Undefined variable,Function names,Beginner,A value should be displayed,NameError: name 'score' is not defined,The code uses a variable that has not been defined.,Check that the variable is defined before use.,"Name Error, Function names"
322,Python,print(score),NameError: name 'score' is not defined,Name Error,Undefined variable,Variables and identifiers,Beginner,A value should be displayed,NameError: name 'score' is not defined,The negative index is outside the valid range.,Use a valid negative index within the list length.,"Name Error, Variables and identifiers"
323,Python,print(result),NameError: name 'result' is not defined,Name Error,Undefined variable,Variables and identifiers,Beginner,A value should be displayed,NameError: name 'result' is not defined,The code uses a variable that has not been defined.,Check that the variable is defined before use.,"Name Error, Variables and identifiers"
324,Python,print(value),NameError: name 'value' is not defined,Name Error,Undefined variable,Variable scope and naming,Beginner,A value should be displayed,NameError: name 'value' is not defined,The requested index is outside the list range.,Use an index within the valid range of the list.,"Name Error, Variable scope and naming"
325,Python,print(score),NameError: name 'score' is not defined,Name Error,Undefined variable,Variables and identifiers,Beginner,A value should be displayed,NameError: name 'score' is not defined,The operation combines values whose data types are not compatible.,Convert the values to compatible data types before applying the operation.,"Name Error, Variables and identifiers"
326,Python,print(value),NameError: name 'value' is not defined,Name Error,Undefined variable,Variables and identifiers,Beginner,A value should be displayed,NameError: name 'value' is not defined,Python cannot find the requested module.,Install or import an available module.,"Name Error, Variables and identifiers"
327,Python,print(number),NameError: name 'number' is not defined,Name Error,Undefined variable,Function names,Beginner,A value should be displayed,NameError: name 'number' is not defined,The variable name used in print does not match the declared variable.,Use the exact variable name that was declared.,"Name Error, Function names"
328,Python,print(value),NameError: name 'value' is not defined,Name Error,Undefined variable,Variable scope and naming,Beginner,A value should be displayed,NameError: name 'value' is not defined,The negative index is outside the valid range.,Use a valid negative index within the list length.,"Name Error, Variable scope and naming"
329,Python,print(result),NameError: name 'result' is not defined,Name Error,Undefined variable,Variable scope and naming,Intermediate,A value should be displayed,NameError: name 'result' is not defined,The negative index is outside the valid range.,Use a valid negative index within the list length.,"Name Error, Variable scope and naming"
330,Python,print(score),NameError: name 'score' is not defined,Name Error,Undefined variable,Variables and identifiers,Beginner,A value should be displayed,NameError: name 'score' is not defined,The negative index is outside the valid range.,Use a valid negative index within the list length.,"Name Error, Variables and identifiers"
331,Python,print(total),NameError: name 'total' is not defined,Name Error,Undefined variable,Function names,Beginner,A value should be displayed,NameError: name 'total' is not defined,The code uses a variable that has not been defined.,Check that the variable is defined before use.,"Name Error, Function names"
332,Python,print(count),NameError: name 'count' is not defined,Name Error,Undefined variable,Variable scope and naming,Beginner,A value should be displayed,NameError: name 'count' is not defined,Python cannot find the requested module.,Install or import an available module.,"Name Error, Variable scope and naming"
333,Python,print(total),NameError: name 'total' is not defined,Name Error,Undefined variable,Variable scope and naming,Beginner,A value should be displayed,NameError: name 'total' is not defined,The function call does not provide all required arguments.,Pass all required function arguments.,"Name Error, Variable scope and naming"
334,Python,print(result),NameError: name 'result' is not defined,Name Error,Undefined variable,Variable scope and naming,Beginner,A value should be displayed,NameError: name 'result' is not defined,The condition produces an incorrect result for the intended logic.,Review the condition so it matches the intended requirement.,"Name Error, Variable scope and naming"
335,Python,print(value),NameError: name 'value' is not defined,Name Error,Undefined variable,Variables and identifiers,Intermediate,A value should be displayed,NameError: name 'value' is not defined,Python block statements require a colon at the end.,Add a colon after the for statement.,"Name Error, Variables and identifiers"
336,Python,print(count),NameError: name 'count' is not defined,Name Error,Undefined variable,Function names,Beginner,A value should be displayed,NameError: name 'count' is not defined,The negative index is outside the valid range.,Use a valid negative index within the list length.,"Name Error, Function names"
337,Python,print(value),NameError: name 'value' is not defined,Name Error,Undefined variable,Variable scope and naming,Beginner,A value should be displayed,NameError: name 'value' is not defined,The condition produces an incorrect result for the intended logic.,Review the condition so it matches the intended requirement.,"Name Error, Variable scope and naming"
338,Python,print(value),NameError: name 'value' is not defined,Name Error,Undefined variable,Variable scope and naming,Beginner,A value should be displayed,NameError: name 'value' is not defined,The negative index is outside the valid range.,Use a valid negative index within the list length.,"Name Error, Variable scope and naming"
339,Python,print(count),NameError: name 'count' is not defined,Name Error,Undefined variable,Variables and identifiers,Intermediate,A value should be displayed,NameError: name 'count' is not defined,The variable name used in print does not match the declared variable.,Use the exact variable name that was declared.,"Name Error, Variables and identifiers"
340,Python,print(number),NameError: name 'number' is not defined,Name Error,Undefined variable,Function names,Beginner,A value should be displayed,NameError: name 'number' is not defined,The requested index is outside the list range.,Use an index within the valid range of the list.,"Name Error, Function names"
341,Python,print(score),NameError: name 'score' is not defined,Name Error,Undefined variable,Variables and identifiers,Beginner,A value should be displayed,NameError: name 'score' is not defined,Python cannot find the requested module.,Install or import an available module.,"Name Error, Variables and identifiers"
342,Python,print(count),NameError: name 'count' is not defined,Name Error,Undefined variable,Variable scope and naming,Beginner,A value should be displayed,NameError: name 'count' is not defined,Python cannot find the requested module.,Install or import an available module.,"Name Error, Variable scope and naming"
343,Python,print(score),NameError: name 'score' is not defined,Name Error,Undefined variable,Variable scope and naming,Intermediate,A value should be displayed,NameError: name 'score' is not defined,Python cannot find the requested module.,Install or import an available module.,"Name Error, Variable scope and naming"
344,Python,print(result),NameError: name 'result' is not defined,Name Error,Undefined variable,Variable scope and naming,Intermediate,A value should be displayed,NameError: name 'result' is not defined,The statement inside the block is not indented.,Indent the statement inside the if block.,"Name Error, Variable scope and naming"
345,Python,print(total),NameError: name 'total' is not defined,Name Error,Undefined variable,Variable scope and naming,Beginner,A value should be displayed,NameError: name 'total' is not defined,The variable name used in print does not match the declared variable.,Use the exact variable name that was declared.,"Name Error, Variable scope and naming"
346,Python,print(total),NameError: name 'total' is not defined,Name Error,Undefined variable,Variables and identifiers,Intermediate,A value should be displayed,NameError: name 'total' is not defined,Python cannot find the requested module.,Install or import an available module.,"Name Error, Variables and identifiers"
347,Python,print(result),NameError: name 'result' is not defined,Name Error,Undefined variable,Function names,Intermediate,A value should be displayed,NameError: name 'result' is not defined,The statement inside the block is not indented.,Indent the statement inside the if block.,"Name Error, Function names"
348,Python,print(value),NameError: name 'value' is not defined,Name Error,Undefined variable,Variables and identifiers,Intermediate,A value should be displayed,NameError: name 'value' is not defined,The condition produces an incorrect result for the intended logic.,Review the condition so it matches the intended requirement.,"Name Error, Variables and identifiers"
349,Python,print(number),NameError: name 'number' is not defined,Name Error,Undefined variable,Variable scope and naming,Beginner,A value should be displayed,NameError: name 'number' is not defined,The variable name used in print does not match the declared variable.,Use the exact variable name that was declared.,"Name Error, Variable scope and naming"
350,Python,print(count),NameError: name 'count' is not defined,Name Error,Undefined variable,Function names,Beginner,A value should be displayed,NameError: name 'count' is not defined,Python cannot find the requested module.,Install or import an available module.,"Name Error, Function names"
351,Python,print(score),NameError: name 'score' is not defined,Name Error,Undefined variable,Variable scope and naming,Beginner,A value should be displayed,NameError: name 'score' is not defined,The condition produces an incorrect result for the intended logic.,Review the condition so it matches the intended requirement.,"Name Error, Variable scope and naming"
352,Python,print(value),NameError: name 'value' is not defined,Name Error,Undefined variable,Variables and identifiers,Beginner,A value should be displayed,NameError: name 'value' is not defined,The condition produces an incorrect result for the intended logic.,Review the condition so it matches the intended requirement.,"Name Error, Variables and identifiers"
353,Python,print(result),NameError: name 'result' is not defined,Name Error,Undefined variable,Variables and identifiers,Beginner,A value should be displayed,NameError: name 'result' is not defined,The function call does not provide all required arguments.,Pass all required function arguments.,"Name Error, Variables and identifiers"
354,Python,print(score),NameError: name 'score' is not defined,Name Error,Undefined variable,Variable scope and naming,Beginner,A value should be displayed,NameError: name 'score' is not defined,The negative index is outside the valid range.,Use a valid negative index within the list length.,"Name Error, Variable scope and naming"
355,Python,print(result),NameError: name 'result' is not defined,Name Error,Undefined variable,Variable scope and naming,Beginner,A value should be displayed,NameError: name 'result' is not defined,The condition produces an incorrect result for the intended logic.,Review the condition so it matches the intended requirement.,"Name Error, Variable scope and naming"
356,Python,print(value),NameError: name 'value' is not defined,Name Error,Undefined variable,Function names,Intermediate,A value should be displayed,NameError: name 'value' is not defined,The condition produces an incorrect result for the intended logic.,Review the condition so it matches the intended requirement.,"Name Error, Function names"
357,Python,print(total),NameError: name 'total' is not defined,Name Error,Undefined variable,Function names,Intermediate,A value should be displayed,NameError: name 'total' is not defined,The negative index is outside the valid range.,Use a valid negative index within the list length.,"Name Error, Function names"
358,Python,print(total),NameError: name 'total' is not defined,Name Error,Undefined variable,Function names,Beginner,A value should be displayed,NameError: name 'total' is not defined,Python block statements require a colon at the end.,Add a colon after the for statement.,"Name Error, Function names"
359,Python,print(score),NameError: name 'score' is not defined,Name Error,Undefined variable,Variable scope and naming,Beginner,A value should be displayed,NameError: name 'score' is not defined,Python block statements require a colon at the end.,Add a colon after the for statement.,"Name Error, Variable scope and naming"
360,Python,print(result),NameError: name 'result' is not defined,Name Error,Undefined variable,Variables and identifiers,Intermediate,A value should be displayed,NameError: name 'result' is not defined,The operation combines values whose data types are not compatible.,Convert the values to compatible data types before applying the operation.,"Name Error, Variables and identifiers"
361,Python,print(total),NameError: name 'total' is not defined,Name Error,Undefined variable,Function names,Beginner,A value should be displayed,NameError: name 'total' is not defined,Python cannot find the requested module.,Install or import an available module.,"Name Error, Function names"
362,Python,print(total),NameError: name 'total' is not defined,Name Error,Undefined variable,Function names,Intermediate,A value should be displayed,NameError: name 'total' is not defined,The code uses a variable that has not been defined.,Check that the variable is defined before use.,"Name Error, Function names"
363,Python,print(number),NameError: name 'number' is not defined,Name Error,Undefined variable,Function names,Beginner,A value should be displayed,NameError: name 'number' is not defined,The requested index is outside the list range.,Use an index within the valid range of the list.,"Name Error, Function names"
364,Python,print(result),NameError: name 'result' is not defined,Name Error,Undefined variable,Variable scope and naming,Beginner,A value should be displayed,NameError: name 'result' is not defined,The statement inside the block is not indented.,Indent the statement inside the if block.,"Name Error, Variable scope and naming"
365,Python,print(value),NameError: name 'value' is not defined,Name Error,Undefined variable,Variable scope and naming,Intermediate,A value should be displayed,NameError: name 'value' is not defined,The statement inside the block is not indented.,Indent the statement inside the if block.,"Name Error, Variable scope and naming"
366,Python,print(result),NameError: name 'result' is not defined,Name Error,Undefined variable,Variables and identifiers,Beginner,A value should be displayed,NameError: name 'result' is not defined,The code uses a variable that has not been defined.,Check that the variable is defined before use.,"Name Error, Variables and identifiers"
367,Python,print(count),NameError: name 'count' is not defined,Name Error,Undefined variable,Function names,Beginner,A value should be displayed,NameError: name 'count' is not defined,The code uses a variable that has not been defined.,Check that the variable is defined before use.,"Name Error, Function names"
368,Python,print(count),NameError: name 'count' is not defined,Name Error,Undefined variable,Variable scope and naming,Beginner,A value should be displayed,NameError: name 'count' is not defined,The function call does not provide all required arguments.,Pass all required function arguments.,"Name Error, Variable scope and naming"
369,Python,print(number),NameError: name 'number' is not defined,Name Error,Undefined variable,Variable scope and naming,Beginner,A value should be displayed,NameError: name 'number' is not defined,The condition produces an incorrect result for the intended logic.,Review the condition so it matches the intended requirement.,"Name Error, Variable scope and naming"
370,Python,print(value),NameError: name 'value' is not defined,Name Error,Undefined variable,Variable scope and naming,Beginner,A value should be displayed,NameError: name 'value' is not defined,The requested index is outside the list range.,Use an index within the valid range of the list.,"Name Error, Variable scope and naming"
371,Python,print(total),NameError: name 'total' is not defined,Name Error,Undefined variable,Variable scope and naming,Beginner,A value should be displayed,NameError: name 'total' is not defined,Python cannot find the requested module.,Install or import an available module.,"Name Error, Variable scope and naming"
372,Python,print(number),NameError: name 'number' is not defined,Name Error,Undefined variable,Function names,Intermediate,A value should be displayed,NameError: name 'number' is not defined,The condition produces an incorrect result for the intended logic.,Review the condition so it matches the intended requirement.,"Name Error, Function names"
373,Python,print(total),NameError: name 'total' is not defined,Name Error,Undefined variable,Function names,Beginner,A value should be displayed,NameError: name 'total' is not defined,Python block statements require a colon at the end.,Add a colon after the for statement.,"Name Error, Function names"
374,Python,print(total),NameError: name 'total' is not defined,Name Error,Undefined variable,Variable scope and naming,Beginner,A value should be displayed,NameError: name 'total' is not defined,The condition produces an incorrect result for the intended logic.,Review the condition so it matches the intended requirement.,"Name Error, Variable scope and naming"
375,Python,print(result),NameError: name 'result' is not defined,Name Error,Undefined variable,Variables and identifiers,Beginner,A value should be displayed,NameError: name 'result' is not defined,Python block statements require a colon at the end.,Add a colon after the for statement.,"Name Error, Variables and identifiers"
376,Python,print(score),NameError: name 'score' is not defined,Name Error,Undefined variable,Variable scope and naming,Beginner,A value should be displayed,NameError: name 'score' is not defined,Python block statements require a colon at the end.,Add a colon after the for statement.,"Name Error, Variable scope and naming"
377,Python,print(count),NameError: name 'count' is not defined,Name Error,Undefined variable,Variables and identifiers,Beginner,A value should be displayed,NameError: name 'count' is not defined,The function call does not provide all required arguments.,Pass all required function arguments.,"Name Error, Variables and identifiers"
378,Python,print(number),NameError: name 'number' is not defined,Name Error,Undefined variable,Variables and identifiers,Intermediate,A value should be displayed,NameError: name 'number' is not defined,The operation combines values whose data types are not compatible.,Convert the values to compatible data types before applying the operation.,"Name Error, Variables and identifiers"
379,Python,print(value),NameError: name 'value' is not defined,Name Error,Undefined variable,Function names,Intermediate,A value should be displayed,NameError: name 'value' is not defined,The requested index is outside the list range.,Use an index within the valid range of the list.,"Name Error, Function names"
380,Python,print(total),NameError: name 'total' is not defined,Name Error,Undefined variable,Function names,Beginner,A value should be displayed,NameError: name 'total' is not defined,The statement inside the block is not indented.,Indent the statement inside the if block.,"Name Error, Function names"
381,Python,print(number),NameError: name 'number' is not defined,Name Error,Undefined variable,Function names,Beginner,A value should be displayed,NameError: name 'number' is not defined,The code uses a variable that has not been defined.,Check that the variable is defined before use.,"Name Error, Function names"
382,Python,print(score),NameError: name 'score' is not defined,Name Error,Undefined variable,Variable scope and naming,Intermediate,A value should be displayed,NameError: name 'score' is not defined,The variable name used in print does not match the declared variable.,Use the exact variable name that was declared.,"Name Error, Variable scope and naming"
383,Python,print(number),NameError: name 'number' is not defined,Name Error,Undefined variable,Variable scope and naming,Intermediate,A value should be displayed,NameError: name 'number' is not defined,The condition produces an incorrect result for the intended logic.,Review the condition so it matches the intended requirement.,"Name Error, Variable scope and naming"
384,Python,print(score),NameError: name 'score' is not defined,Name Error,Undefined variable,Function names,Beginner,A value should be displayed,NameError: name 'score' is not defined,Python cannot find the requested module.,Install or import an available module.,"Name Error, Function names"
385,Python,print(score),NameError: name 'score' is not defined,Name Error,Undefined variable,Variable scope and naming,Beginner,A value should be displayed,NameError: name 'score' is not defined,The code uses a variable that has not been defined.,Check that the variable is defined before use.,"Name Error, Variable scope and naming"
386,Python,print(count),NameError: name 'count' is not defined,Name Error,Undefined variable,Function names,Beginner,A value should be displayed,NameError: name 'count' is not defined,The function call does not provide all required arguments.,Pass all required function arguments.,"Name Error, Function names"
387,Python,print(total),NameError: name 'total' is not defined,Name Error,Undefined variable,Variables and identifiers,Beginner,A value should be displayed,NameError: name 'total' is not defined,Python cannot find the requested module.,Install or import an available module.,"Name Error, Variables and identifiers"
388,Python,print(number),NameError: name 'number' is not defined,Name Error,Undefined variable,Variable scope and naming,Intermediate,A value should be displayed,NameError: name 'number' is not defined,The condition produces an incorrect result for the intended logic.,Review the condition so it matches the intended requirement.,"Name Error, Variable scope and naming"
389,Python,print(score),NameError: name 'score' is not defined,Name Error,Undefined variable,Variables and identifiers,Intermediate,A value should be displayed,NameError: name 'score' is not defined,Python cannot find the requested module.,Install or import an available module.,"Name Error, Variables and identifiers"
390,Python,print(score),NameError: name 'score' is not defined,Name Error,Undefined variable,Variable scope and naming,Beginner,A value should be displayed,NameError: name 'score' is not defined,The requested index is outside the list range.,Use an index within the valid range of the list.,"Name Error, Variable scope and naming"
391,Python,print(count),NameError: name 'count' is not defined,Name Error,Undefined variable,Variables and identifiers,Beginner,A value should be displayed,NameError: name 'count' is not defined,The negative index is outside the valid range.,Use a valid negative index within the list length.,"Name Error, Variables and identifiers"
392,Python,print(result),NameError: name 'result' is not defined,Name Error,Undefined variable,Function names,Beginner,A value should be displayed,NameError: name 'result' is not defined,The negative index is outside the valid range.,Use a valid negative index within the list length.,"Name Error, Function names"
393,Python,print(result),NameError: name 'result' is not defined,Name Error,Undefined variable,Variable scope and naming,Beginner,A value should be displayed,NameError: name 'result' is not defined,The operation combines values whose data types are not compatible.,Convert the values to compatible data types before applying the operation.,"Name Error, Variable scope and naming"
394,Python,print(result),NameError: name 'result' is not defined,Name Error,Undefined variable,Variables and identifiers,Beginner,A value should be displayed,NameError: name 'result' is not defined,Python block statements require a colon at the end.,Add a colon after the for statement.,"Name Error, Variables and identifiers"
395,Python,print(count),NameError: name 'count' is not defined,Name Error,Undefined variable,Function names,Beginner,A value should be displayed,NameError: name 'count' is not defined,The operation combines values whose data types are not compatible.,Convert the values to compatible data types before applying the operation.,"Name Error, Function names"
396,Python,print(number),NameError: name 'number' is not defined,Name Error,Undefined variable,Variables and identifiers,Intermediate,A value should be displayed,NameError: name 'number' is not defined,The function call does not provide all required arguments.,Pass all required function arguments.,"Name Error, Variables and identifiers"
397,Python,print(count),NameError: name 'count' is not defined,Name Error,Undefined variable,Function names,Intermediate,A value should be displayed,NameError: name 'count' is not defined,The function call does not provide all required arguments.,Pass all required function arguments.,"Name Error, Function names"
398,Python,print(score),NameError: name 'score' is not defined,Name Error,Undefined variable,Function names,Intermediate,A value should be displayed,NameError: name 'score' is not defined,The condition produces an incorrect result for the intended logic.,Review the condition so it matches the intended requirement.,"Name Error, Function names"
399,Python,print(number),NameError: name 'number' is not defined,Name Error,Undefined variable,Variable scope and naming,Beginner,A value should be displayed,NameError: name 'number' is not defined,The operation combines values whose data types are not compatible.,Convert the values to compatible data types before applying the operation.,"Name Error, Variable scope and naming"
400,Python,print(count),NameError: name 'count' is not defined,Name Error,Undefined variable,Variable scope and naming,Beginner,A value should be displayed,NameError: name 'count' is not defined,The function call does not provide all required arguments.,Pass all required function arguments.,"Name Error, Variable scope and naming"
401,Python,print(total),NameError: name 'total' is not defined,Name Error,Undefined variable,Variable scope and naming,Beginner,A value should be displayed,NameError: name 'total' is not defined,The condition produces an incorrect result for the intended logic.,Review the condition so it matches the intended requirement.,"Name Error, Variable scope and naming"
402,Python,print(score),NameError: name 'score' is not defined,Name Error,Undefined variable,Function names,Beginner,A value should be displayed,NameError: name 'score' is not defined,The variable name used in print does not match the declared variable.,Use the exact variable name that was declared.,"Name Error, Function names"
403,Python,print(total),NameError: name 'total' is not defined,Name Error,Undefined variable,Variable scope and naming,Beginner,A value should be displayed,NameError: name 'total' is not defined,The code uses a variable that has not been defined.,Check that the variable is defined before use.,"Name Error, Variable scope and naming"
404,Python,print(count),NameError: name 'count' is not defined,Name Error,Undefined variable,Variable scope and naming,Beginner,A value should be displayed,NameError: name 'count' is not defined,The variable name used in print does not match the declared variable.,Use the exact variable name that was declared.,"Name Error, Variable scope and naming"
405,Python,print(value),NameError: name 'value' is not defined,Name Error,Undefined variable,Function names,Beginner,A value should be displayed,NameError: name 'value' is not defined,The condition produces an incorrect result for the intended logic.,Review the condition so it matches the intended requirement.,"Name Error, Function names"
406,Python,print(value),NameError: name 'value' is not defined,Name Error,Undefined variable,Variable scope and naming,Intermediate,A value should be displayed,NameError: name 'value' is not defined,The condition produces an incorrect result for the intended logic.,Review the condition so it matches the intended requirement.,"Name Error, Variable scope and naming"
407,Python,print(value),NameError: name 'value' is not defined,Name Error,Undefined variable,Variables and identifiers,Intermediate,A value should be displayed,NameError: name 'value' is not defined,The function call does not provide all required arguments.,Pass all required function arguments.,"Name Error, Variables and identifiers"
408,Python,print(value),NameError: name 'value' is not defined,Name Error,Undefined variable,Variables and identifiers,Beginner,A value should be displayed,NameError: name 'value' is not defined,The statement inside the block is not indented.,Indent the statement inside the if block.,"Name Error, Variables and identifiers"
409,Python,print(total),NameError: name 'total' is not defined,Name Error,Undefined variable,Function names,Beginner,A value should be displayed,NameError: name 'total' is not defined,The operation combines values whose data types are not compatible.,Convert the values to compatible data types before applying the operation.,"Name Error, Function names"
410,Python,print(count),NameError: name 'count' is not defined,Name Error,Undefined variable,Variables and identifiers,Beginner,A value should be displayed,NameError: name 'count' is not defined,The statement inside the block is not indented.,Indent the statement inside the if block.,"Name Error, Variables and identifiers"
411,Python,print(total),NameError: name 'total' is not defined,Name Error,Undefined variable,Function names,Beginner,A value should be displayed,NameError: name 'total' is not defined,The operation combines values whose data types are not compatible.,Convert the values to compatible data types before applying the operation.,"Name Error, Function names"
412,Python,print(number),NameError: name 'number' is not defined,Name Error,Undefined variable,Function names,Intermediate,A value should be displayed,NameError: name 'number' is not defined,The function call does not provide all required arguments.,Pass all required function arguments.,"Name Error, Function names"
413,Python,print(result),NameError: name 'result' is not defined,Name Error,Undefined variable,Function names,Beginner,A value should be displayed,NameError: name 'result' is not defined,The condition produces an incorrect result for the intended logic.,Review the condition so it matches the intended requirement.,"Name Error, Function names"
414,Python,print(number),NameError: name 'number' is not defined,Name Error,Undefined variable,Variable scope and naming,Beginner,A value should be displayed,NameError: name 'number' is not defined,Python block statements require a colon at the end.,Add a colon after the for statement.,"Name Error, Variable scope and naming"
415,Python,print(total),NameError: name 'total' is not defined,Name Error,Undefined variable,Variable scope and naming,Intermediate,A value should be displayed,NameError: name 'total' is not defined,The condition produces an incorrect result for the intended logic.,Review the condition so it matches the intended requirement.,"Name Error, Variable scope and naming"
416,Python,print(total),NameError: name 'total' is not defined,Name Error,Undefined variable,Function names,Beginner,A value should be displayed,NameError: name 'total' is not defined,The statement inside the block is not indented.,Indent the statement inside the if block.,"Name Error, Function names"
417,Python,print(count),NameError: name 'count' is not defined,Name Error,Undefined variable,Variables and identifiers,Beginner,A value should be displayed,NameError: name 'count' is not defined,The negative index is outside the valid range.,Use a valid negative index within the list length.,"Name Error, Variables and identifiers"
418,Python,print(count),NameError: name 'count' is not defined,Name Error,Undefined variable,Variable scope and naming,Intermediate,A value should be displayed,NameError: name 'count' is not defined,Python block statements require a colon at the end.,Add a colon after the for statement.,"Name Error, Variable scope and naming"
419,Python,print(score),NameError: name 'score' is not defined,Name Error,Undefined variable,Function names,Beginner,A value should be displayed,NameError: name 'score' is not defined,The operation combines values whose data types are not compatible.,Convert the values to compatible data types before applying the operation.,"Name Error, Function names"
420,Python,print(score),NameError: name 'score' is not defined,Name Error,Undefined variable,Function names,Beginner,A value should be displayed,NameError: name 'score' is not defined,The operation combines values whose data types are not compatible.,Convert the values to compatible data types before applying the operation.,"Name Error, Function names"
421,Python,print(result),NameError: name 'result' is not defined,Name Error,Undefined variable,Function names,Intermediate,A value should be displayed,NameError: name 'result' is not defined,Python cannot find the requested module.,Install or import an available module.,"Name Error, Function names"
422,Python,print(score),NameError: name 'score' is not defined,Name Error,Undefined variable,Function names,Intermediate,A value should be displayed,NameError: name 'score' is not defined,The variable name used in print does not match the declared variable.,Use the exact variable name that was declared.,"Name Error, Function names"
423,Python,print(result),NameError: name 'result' is not defined,Name Error,Undefined variable,Variable scope and naming,Intermediate,A value should be displayed,NameError: name 'result' is not defined,The statement inside the block is not indented.,Indent the statement inside the if block.,"Name Error, Variable scope and naming"
424,Python,print(total),NameError: name 'total' is not defined,Name Error,Undefined variable,Function names,Intermediate,A value should be displayed,NameError: name 'total' is not defined,The negative index is outside the valid range.,Use a valid negative index within the list length.,"Name Error, Function names"
425,Python,print(value),NameError: name 'value' is not defined,Name Error,Undefined variable,Function names,Beginner,A value should be displayed,NameError: name 'value' is not defined,Python cannot find the requested module.,Install or import an available module.,"Name Error, Function names"
426,Python,print(score),NameError: name 'score' is not defined,Name Error,Undefined variable,Variables and identifiers,Beginner,A value should be displayed,NameError: name 'score' is not defined,The statement inside the block is not indented.,Indent the statement inside the if block.,"Name Error, Variables and identifiers"
427,Python,print(number),NameError: name 'number' is not defined,Name Error,Undefined variable,Variables and identifiers,Beginner,A value should be displayed,NameError: name 'number' is not defined,The statement inside the block is not indented.,Indent the statement inside the if block.,"Name Error, Variables and identifiers"
428,Python,print(result),NameError: name 'result' is not defined,Name Error,Undefined variable,Variables and identifiers,Beginner,A value should be displayed,NameError: name 'result' is not defined,The operation combines values whose data types are not compatible.,Convert the values to compatible data types before applying the operation.,"Name Error, Variables and identifiers"
429,Python,print(value),NameError: name 'value' is not defined,Name Error,Undefined variable,Variable scope and naming,Intermediate,A value should be displayed,NameError: name 'value' is not defined,The variable name used in print does not match the declared variable.,Use the exact variable name that was declared.,"Name Error, Variable scope and naming"
430,Python,print(total),NameError: name 'total' is not defined,Name Error,Undefined variable,Function names,Intermediate,A value should be displayed,NameError: name 'total' is not defined,The negative index is outside the valid range.,Use a valid negative index within the list length.,"Name Error, Function names"
431,Python,print(result),NameError: name 'result' is not defined,Name Error,Undefined variable,Variable scope and naming,Intermediate,A value should be displayed,NameError: name 'result' is not defined,The condition produces an incorrect result for the intended logic.,Review the condition so it matches the intended requirement.,"Name Error, Variable scope and naming"
432,Python,print(result),NameError: name 'result' is not defined,Name Error,Undefined variable,Variable scope and naming,Beginner,A value should be displayed,NameError: name 'result' is not defined,The operation combines values whose data types are not compatible.,Convert the values to compatible data types before applying the operation.,"Name Error, Variable scope and naming"
433,Python,print(result),NameError: name 'result' is not defined,Name Error,Undefined variable,Function names,Intermediate,A value should be displayed,NameError: name 'result' is not defined,The condition produces an incorrect result for the intended logic.,Review the condition so it matches the intended requirement.,"Name Error, Function names"
434,Python,print(number),NameError: name 'number' is not defined,Name Error,Undefined variable,Variable scope and naming,Beginner,A value should be displayed,NameError: name 'number' is not defined,The code uses a variable that has not been defined.,Check that the variable is defined before use.,"Name Error, Variable scope and naming"
435,Python,print(number),NameError: name 'number' is not defined,Name Error,Undefined variable,Function names,Intermediate,A value should be displayed,NameError: name 'number' is not defined,The requested index is outside the list range.,Use an index within the valid range of the list.,"Name Error, Function names"
436,Python,print(result),NameError: name 'result' is not defined,Name Error,Undefined variable,Variable scope and naming,Intermediate,A value should be displayed,NameError: name 'result' is not defined,The function call does not provide all required arguments.,Pass all required function arguments.,"Name Error, Variable scope and naming"
437,Python,print(number),NameError: name 'number' is not defined,Name Error,Undefined variable,Variables and identifiers,Beginner,A value should be displayed,NameError: name 'number' is not defined,Python block statements require a colon at the end.,Add a colon after the for statement.,"Name Error, Variables and identifiers"
438,Python,print(number),NameError: name 'number' is not defined,Name Error,Undefined variable,Variable scope and naming,Beginner,A value should be displayed,NameError: name 'number' is not defined,The condition produces an incorrect result for the intended logic.,Review the condition so it matches the intended requirement.,"Name Error, Variable scope and naming"
439,Python,print(value),NameError: name 'value' is not defined,Name Error,Undefined variable,Variable scope and naming,Intermediate,A value should be displayed,NameError: name 'value' is not defined,Python cannot find the requested module.,Install or import an available module.,"Name Error, Variable scope and naming"
440,Python,print(result),NameError: name 'result' is not defined,Name Error,Undefined variable,Variable scope and naming,Intermediate,A value should be displayed,NameError: name 'result' is not defined,The operation combines values whose data types are not compatible.,Convert the values to compatible data types before applying the operation.,"Name Error, Variable scope and naming"
441,Python,print(total),NameError: name 'total' is not defined,Name Error,Undefined variable,Variables and identifiers,Intermediate,A value should be displayed,NameError: name 'total' is not defined,Python block statements require a colon at the end.,Add a colon after the for statement.,"Name Error, Variables and identifiers"
442,Python,print(value),NameError: name 'value' is not defined,Name Error,Undefined variable,Variable scope and naming,Beginner,A value should be displayed,NameError: name 'value' is not defined,The statement inside the block is not indented.,Indent the statement inside the if block.,"Name Error, Variable scope and naming"
443,Python,print(total),NameError: name 'total' is not defined,Name Error,Undefined variable,Function names,Beginner,A value should be displayed,NameError: name 'total' is not defined,The negative index is outside the valid range.,Use a valid negative index within the list length.,"Name Error, Function names"
444,Python,print(score),NameError: name 'score' is not defined,Name Error,Undefined variable,Variables and identifiers,Beginner,A value should be displayed,NameError: name 'score' is not defined,The operation combines values whose data types are not compatible.,Convert the values to compatible data types before applying the operation.,"Name Error, Variables and identifiers"
445,Python,print(number),NameError: name 'number' is not defined,Name Error,Undefined variable,Function names,Beginner,A value should be displayed,NameError: name 'number' is not defined,The operation combines values whose data types are not compatible.,Convert the values to compatible data types before applying the operation.,"Name Error, Function names"
446,Python,print(score),NameError: name 'score' is not defined,Name Error,Undefined variable,Variables and identifiers,Beginner,A value should be displayed,NameError: name 'score' is not defined,The function call does not provide all required arguments.,Pass all required function arguments.,"Name Error, Variables and identifiers"
447,Python,print(number),NameError: name 'number' is not defined,Name Error,Undefined variable,Variable scope and naming,Intermediate,A value should be displayed,NameError: name 'number' is not defined,The code uses a variable that has not been defined.,Check that the variable is defined before use.,"Name Error, Variable scope and naming"
448,Python,print(number),NameError: name 'number' is not defined,Name Error,Undefined variable,Variable scope and naming,Beginner,A value should be displayed,NameError: name 'number' is not defined,The requested index is outside the list range.,Use an index within the valid range of the list.,"Name Error, Variable scope and naming"
449,Python,print(total),NameError: name 'total' is not defined,Name Error,Undefined variable,Variable scope and naming,Beginner,A value should be displayed,NameError: name 'total' is not defined,The requested index is outside the list range.,Use an index within the valid range of the list.,"Name Error, Variable scope and naming"
450,Python,print(result),NameError: name 'result' is not defined,Name Error,Undefined variable,Variables and identifiers,Beginner,A value should be displayed,NameError: name 'result' is not defined,The statement inside the block is not indented.,Indent the statement inside the if block.,"Name Error, Variables and identifiers"
451,Python,print(number),NameError: name 'number' is not defined,Name Error,Undefined variable,Variables and identifiers,Intermediate,A value should be displayed,NameError: name 'number' is not defined,Python block statements require a colon at the end.,Add a colon after the for statement.,"Name Error, Variables and identifiers"
452,Python,print(number),NameError: name 'number' is not defined,Name Error,Undefined variable,Variables and identifiers,Intermediate,A value should be displayed,NameError: name 'number' is not defined,The function call does not provide all required arguments.,Pass all required function arguments.,"Name Error, Variables and identifiers"
453,Python,print(total),NameError: name 'total' is not defined,Name Error,Undefined variable,Variables and identifiers,Beginner,A value should be displayed,NameError: name 'total' is not defined,The variable name used in print does not match the declared variable.,Use the exact variable name that was declared.,"Name Error, Variables and identifiers"
454,Python,print(value),NameError: name 'value' is not defined,Name Error,Undefined variable,Variables and identifiers,Intermediate,A value should be displayed,NameError: name 'value' is not defined,The operation combines values whose data types are not compatible.,Convert the values to compatible data types before applying the operation.,"Name Error, Variables and identifiers"
455,Python,print(number),NameError: name 'number' is not defined,Name Error,Undefined variable,Function names,Beginner,A value should be displayed,NameError: name 'number' is not defined,The negative index is outside the valid range.,Use a valid negative index within the list length.,"Name Error, Function names"
456,Python,print(score),NameError: name 'score' is not defined,Name Error,Undefined variable,Variable scope and naming,Beginner,A value should be displayed,NameError: name 'score' is not defined,The requested index is outside the list range.,Use an index within the valid range of the list.,"Name Error, Variable scope and naming"
457,Python,print(number),NameError: name 'number' is not defined,Name Error,Undefined variable,Variables and identifiers,Intermediate,A value should be displayed,NameError: name 'number' is not defined,The requested index is outside the list range.,Use an index within the valid range of the list.,"Name Error, Variables and identifiers"
458,Python,print(total),NameError: name 'total' is not defined,Name Error,Undefined variable,Function names,Beginner,A value should be displayed,NameError: name 'total' is not defined,The function call does not provide all required arguments.,Pass all required function arguments.,"Name Error, Function names"
459,Python,print(value),NameError: name 'value' is not defined,Name Error,Undefined variable,Variable scope and naming,Beginner,A value should be displayed,NameError: name 'value' is not defined,The condition produces an incorrect result for the intended logic.,Review the condition so it matches the intended requirement.,"Name Error, Variable scope and naming"
460,Python,print(value),NameError: name 'value' is not defined,Name Error,Undefined variable,Function names,Beginner,A value should be displayed,NameError: name 'value' is not defined,The negative index is outside the valid range.,Use a valid negative index within the list length.,"Name Error, Function names"
461,Python,print(score),NameError: name 'score' is not defined,Name Error,Undefined variable,Function names,Beginner,A value should be displayed,NameError: name 'score' is not defined,The operation combines values whose data types are not compatible.,Convert the values to compatible data types before applying the operation.,"Name Error, Function names"
462,Python,print(score),NameError: name 'score' is not defined,Name Error,Undefined variable,Variables and identifiers,Beginner,A value should be displayed,NameError: name 'score' is not defined,The condition produces an incorrect result for the intended logic.,Review the condition so it matches the intended requirement.,"Name Error, Variables and identifiers"
463,Python,print(result),NameError: name 'result' is not defined,Name Error,Undefined variable,Function names,Intermediate,A value should be displayed,NameError: name 'result' is not defined,Python cannot find the requested module.,Install or import an available module.,"Name Error, Function names"
464,Python,print(value),NameError: name 'value' is not defined,Name Error,Undefined variable,Function names,Beginner,A value should be displayed,NameError: name 'value' is not defined,The variable name used in print does not match the declared variable.,Use the exact variable name that was declared.,"Name Error, Function names"
465,Python,print(value),NameError: name 'value' is not defined,Name Error,Undefined variable,Variables and identifiers,Intermediate,A value should be displayed,NameError: name 'value' is not defined,The negative index is outside the valid range.,Use a valid negative index within the list length.,"Name Error, Variables and identifiers"
466,Python,print(total),NameError: name 'total' is not defined,Name Error,Undefined variable,Function names,Beginner,A value should be displayed,NameError: name 'total' is not defined,The negative index is outside the valid range.,Use a valid negative index within the list length.,"Name Error, Function names"
467,Python,print(count),NameError: name 'count' is not defined,Name Error,Undefined variable,Variable scope and naming,Beginner,A value should be displayed,NameError: name 'count' is not defined,The code uses a variable that has not been defined.,Check that the variable is defined before use.,"Name Error, Variable scope and naming"
468,Python,print(count),NameError: name 'count' is not defined,Name Error,Undefined variable,Variable scope and naming,Beginner,A value should be displayed,NameError: name 'count' is not defined,Python block statements require a colon at the end.,Add a colon after the for statement.,"Name Error, Variable scope and naming"
469,Python,print(score),NameError: name 'score' is not defined,Name Error,Undefined variable,Variable scope and naming,Beginner,A value should be displayed,NameError: name 'score' is not defined,The variable name used in print does not match the declared variable.,Use the exact variable name that was declared.,"Name Error, Variable scope and naming"
470,Python,print(value),NameError: name 'value' is not defined,Name Error,Undefined variable,Function names,Intermediate,A value should be displayed,NameError: name 'value' is not defined,The variable name used in print does not match the declared variable.,Use the exact variable name that was declared.,"Name Error, Function names"
471,Python,print(total),NameError: name 'total' is not defined,Name Error,Undefined variable,Variable scope and naming,Beginner,A value should be displayed,NameError: name 'total' is not defined,The operation combines values whose data types are not compatible.,Convert the values to compatible data types before applying the operation.,"Name Error, Variable scope and naming"
472,Python,print(count),NameError: name 'count' is not defined,Name Error,Undefined variable,Function names,Beginner,A value should be displayed,NameError: name 'count' is not defined,The statement inside the block is not indented.,Indent the statement inside the if block.,"Name Error, Function names"
473,Python,print(count),NameError: name 'count' is not defined,Name Error,Undefined variable,Function names,Beginner,A value should be displayed,NameError: name 'count' is not defined,The function call does not provide all required arguments.,Pass all required function arguments.,"Name Error, Function names"
474,Python,print(result),NameError: name 'result' is not defined,Name Error,Undefined variable,Function names,Beginner,A value should be displayed,NameError: name 'result' is not defined,The operation combines values whose data types are not compatible.,Convert the values to compatible data types before applying the operation.,"Name Error, Function names"
475,Python,print(total),NameError: name 'total' is not defined,Name Error,Undefined variable,Function names,Beginner,A value should be displayed,NameError: name 'total' is not defined,The function call does not provide all required arguments.,Pass all required function arguments.,"Name Error, Function names"
476,Python,print(result),NameError: name 'result' is not defined,Name Error,Undefined variable,Variables and identifiers,Beginner,A value should be displayed,NameError: name 'result' is not defined,The code uses a variable that has not been defined.,Check that the variable is defined before use.,"Name Error, Variables and identifiers"
477,Python,print(value),NameError: name 'value' is not defined,Name Error,Undefined variable,Variable scope and naming,Beginner,A value should be displayed,NameError: name 'value' is not defined,Python block statements require a colon at the end.,Add a colon after the for statement.,"Name Error, Variable scope and naming"
478,Python,print(score),NameError: name 'score' is not defined,Name Error,Undefined variable,Function names,Beginner,A value should be displayed,NameError: name 'score' is not defined,The function call does not provide all required arguments.,Pass all required function arguments.,"Name Error, Function names"
479,Python,print(score),NameError: name 'score' is not defined,Name Error,Undefined variable,Function names,Beginner,A value should be displayed,NameError: name 'score' is not defined,The requested index is outside the list range.,Use an index within the valid range of the list.,"Name Error, Function names"
480,Python,print(score),NameError: name 'score' is not defined,Name Error,Undefined variable,Variables and identifiers,Beginner,A value should be displayed,NameError: name 'score' is not defined,The statement inside the block is not indented.,Indent the statement inside the if block.,"Name Error, Variables and identifiers"
481,Python,print(number),NameError: name 'number' is not defined,Name Error,Undefined variable,Variable scope and naming,Intermediate,A value should be displayed,NameError: name 'number' is not defined,Python cannot find the requested module.,Install or import an available module.,"Name Error, Variable scope and naming"
482,Python,print(score),NameError: name 'score' is not defined,Name Error,Undefined variable,Variable scope and naming,Beginner,A value should be displayed,NameError: name 'score' is not defined,Python cannot find the requested module.,Install or import an available module.,"Name Error, Variable scope and naming"
483,Python,print(score),NameError: name 'score' is not defined,Name Error,Undefined variable,Variable scope and naming,Intermediate,A value should be displayed,NameError: name 'score' is not defined,The function call does not provide all required arguments.,Pass all required function arguments.,"Name Error, Variable scope and naming"
484,Python,print(count),NameError: name 'count' is not defined,Name Error,Undefined variable,Variable scope and naming,Beginner,A value should be displayed,NameError: name 'count' is not defined,The variable name used in print does not match the declared variable.,Use the exact variable name that was declared.,"Name Error, Variable scope and naming"
485,Python,print(value),NameError: name 'value' is not defined,Name Error,Undefined variable,Variables and identifiers,Beginner,A value should be displayed,NameError: name 'value' is not defined,Python cannot find the requested module.,Install or import an available module.,"Name Error, Variables and identifiers"
486,Python,print(score),NameError: name 'score' is not defined,Name Error,Undefined variable,Function names,Beginner,A value should be displayed,NameError: name 'score' is not defined,Python block statements require a colon at the end.,Add a colon after the for statement.,"Name Error, Function names"
487,Python,print(count),NameError: name 'count' is not defined,Name Error,Undefined variable,Variables and identifiers,Beginner,A value should be displayed,NameError: name 'count' is not defined,The statement inside the block is not indented.,Indent the statement inside the if block.,"Name Error, Variables and identifiers"
488,Python,print(value),NameError: name 'value' is not defined,Name Error,Undefined variable,Variable scope and naming,Intermediate,A value should be displayed,NameError: name 'value' is not defined,The function call does not provide all required arguments.,Pass all required function arguments.,"Name Error, Variable scope and naming"
489,Python,print(count),NameError: name 'count' is not defined,Name Error,Undefined variable,Variable scope and naming,Beginner,A value should be displayed,NameError: name 'count' is not defined,The operation combines values whose data types are not compatible.,Convert the values to compatible data types before applying the operation.,"Name Error, Variable scope and naming"
490,Python,print(total),NameError: name 'total' is not defined,Name Error,Undefined variable,Variable scope and naming,Intermediate,A value should be displayed,NameError: name 'total' is not defined,The function call does not provide all required arguments.,Pass all required function arguments.,"Name Error, Variable scope and naming"
491,Python,print(number),NameError: name 'number' is not defined,Name Error,Undefined variable,Variable scope and naming,Beginner,A value should be displayed,NameError: name 'number' is not defined,The condition produces an incorrect result for the intended logic.,Review the condition so it matches the intended requirement.,"Name Error, Variable scope and naming"
492,Python,print(total),NameError: name 'total' is not defined,Name Error,Undefined variable,Function names,Intermediate,A value should be displayed,NameError: name 'total' is not defined,The code uses a variable that has not been defined.,Check that the variable is defined before use.,"Name Error, Function names"
493,Python,print(score),NameError: name 'score' is not defined,Name Error,Undefined variable,Function names,Intermediate,A value should be displayed,NameError: name 'score' is not defined,Python cannot find the requested module.,Install or import an available module.,"Name Error, Function names"
494,Python,print(total),NameError: name 'total' is not defined,Name Error,Undefined variable,Function names,Beginner,A value should be displayed,NameError: name 'total' is not defined,The operation combines values whose data types are not compatible.,Convert the values to compatible data types before applying the operation.,"Name Error, Function names"
495,Python,print(total),NameError: name 'total' is not defined,Name Error,Undefined variable,Function names,Beginner,A value should be displayed,NameError: name 'total' is not defined,The function call does not provide all required arguments.,Pass all required function arguments.,"Name Error, Function names"
496,Python,print(count),NameError: name 'count' is not defined,Name Error,Undefined variable,Variables and identifiers,Beginner,A value should be displayed,NameError: name 'count' is not defined,The requested index is outside the list range.,Use an index within the valid range of the list.,"Name Error, Variables and identifiers"
497,Python,print(value),NameError: name 'value' is not defined,Name Error,Undefined variable,Variable scope and naming,Beginner,A value should be displayed,NameError: name 'value' is not defined,Python cannot find the requested module.,Install or import an available module.,"Name Error, Variable scope and naming"
498,Python,print(count),NameError: name 'count' is not defined,Name Error,Undefined variable,Function names,Beginner,A value should be displayed,NameError: name 'count' is not defined,The operation combines values whose data types are not compatible.,Convert the values to compatible data types before applying the operation.,"Name Error, Function names"
499,Python,print(number),NameError: name 'number' is not defined,Name Error,Undefined variable,Variable scope and naming,Beginner,A value should be displayed,NameError: name 'number' is not defined,The statement inside the block is not indented.,Indent the statement inside the if block.,"Name Error, Variable scope and naming"
500,Python,print(value),NameError: name 'value' is not defined,Name Error,Undefined variable,Function names,Beginner,A value should be displayed,NameError: name 'value' is not defined,The operation combines values whose data types are not compatible.,Convert the values to compatible data types before applying the operation.,"Name Error, Function names"
501,Python,"numbers = [1, 2]
print(numbers + 5)",'NoneType' object is not callable,Type Error,Incompatible data types,Functions and None,Beginner,Operation should complete successfully,'NoneType' object is not callable,The statement inside the block is not indented.,Indent the statement inside the if block.,"Type Error, Functions and None"
502,Python,"total = 10
for x in total:
    print(x)",unsupported operand type(s),Type Error,Incompatible data types,Data types and operators,Beginner,Operation should complete successfully,unsupported operand type(s),The code uses a variable that has not been defined.,Check that the variable is defined before use.,"Type Error, Data types and operators"
503,Python,"age = 20
print('Age: ' + age)",'NoneType' object is not callable,Type Error,Incompatible data types,Functions and None,Beginner,Operation should complete successfully,'NoneType' object is not callable,The negative index is outside the valid range.,Use a valid negative index within the list length.,"Type Error, Functions and None"
504,Python,"total = 10
for x in total:
    print(x)",'int' object is not iterable,Type Error,Incompatible data types,Iteration and data types,Intermediate,Operation should complete successfully,'int' object is not iterable,The function call does not provide all required arguments.,Pass all required function arguments.,"Type Error, Iteration and data types"
505,Python,"total = 10
for x in total:
    print(x)",'int' object is not iterable,Type Error,Incompatible data types,Iteration and data types,Beginner,Operation should complete successfully,'int' object is not iterable,The function call does not provide all required arguments.,Pass all required function arguments.,"Type Error, Iteration and data types"
506,Python,"x = 10
print(x.lower())",can only concatenate str,Type Error,Incompatible data types,String and numeric types,Beginner,Operation should complete successfully,can only concatenate str,The variable name used in print does not match the declared variable.,Use the exact variable name that was declared.,"Type Error, String and numeric types"
507,Python,"numbers = [1, 2]
print(numbers + 5)",'NoneType' object is not callable,Type Error,Incompatible data types,Functions and None,Intermediate,Operation should complete successfully,'NoneType' object is not callable,The variable name used in print does not match the declared variable.,Use the exact variable name that was declared.,"Type Error, Functions and None"
508,Python,"numbers = [1, 2]
print(numbers + 5)",'int' object is not iterable,Type Error,Incompatible data types,Iteration and data types,Beginner,Operation should complete successfully,'int' object is not iterable,The variable name used in print does not match the declared variable.,Use the exact variable name that was declared.,"Type Error, Iteration and data types"
509,Python,"numbers = [1, 2]
print(numbers + 5)",can only concatenate str,Type Error,Incompatible data types,String and numeric types,Intermediate,Operation should complete successfully,can only concatenate str,The operation combines values whose data types are not compatible.,Convert the values to compatible data types before applying the operation.,"Type Error, String and numeric types"
510,Python,"total = 10
for x in total:
    print(x)",can only concatenate str,Type Error,Incompatible data types,String and numeric types,Beginner,Operation should complete successfully,can only concatenate str,The variable name used in print does not match the declared variable.,Use the exact variable name that was declared.,"Type Error, String and numeric types"
511,Python,"age = 20
print('Age: ' + age)",can only concatenate str,Type Error,Incompatible data types,String and numeric types,Beginner,Operation should complete successfully,can only concatenate str,The function call does not provide all required arguments.,Pass all required function arguments.,"Type Error, String and numeric types"
512,Python,"total = 10
for x in total:
    print(x)",'int' object is not iterable,Type Error,Incompatible data types,Iteration and data types,Intermediate,Operation should complete successfully,'int' object is not iterable,The function call does not provide all required arguments.,Pass all required function arguments.,"Type Error, Iteration and data types"
513,Python,"numbers = [1, 2]
print(numbers + 5)",unsupported operand type(s),Type Error,Incompatible data types,Data types and operators,Beginner,Operation should complete successfully,unsupported operand type(s),The variable name used in print does not match the declared variable.,Use the exact variable name that was declared.,"Type Error, Data types and operators"
514,Python,"x = 10
print(x.lower())",'NoneType' object is not callable,Type Error,Incompatible data types,Functions and None,Beginner,Operation should complete successfully,'NoneType' object is not callable,The negative index is outside the valid range.,Use a valid negative index within the list length.,"Type Error, Functions and None"
515,Python,"numbers = [1, 2]
print(numbers + 5)",unsupported operand type(s),Type Error,Incompatible data types,Data types and operators,Intermediate,Operation should complete successfully,unsupported operand type(s),The operation combines values whose data types are not compatible.,Convert the values to compatible data types before applying the operation.,"Type Error, Data types and operators"
516,Python,"x = 10
print(x.lower())",unsupported operand type(s),Type Error,Incompatible data types,Data types and operators,Intermediate,Operation should complete successfully,unsupported operand type(s),The function call does not provide all required arguments.,Pass all required function arguments.,"Type Error, Data types and operators"
517,Python,"total = 10
for x in total:
    print(x)",'int' object is not iterable,Type Error,Incompatible data types,Iteration and data types,Beginner,Operation should complete successfully,'int' object is not iterable,The operation combines values whose data types are not compatible.,Convert the values to compatible data types before applying the operation.,"Type Error, Iteration and data types"
518,Python,"age = 20
print('Age: ' + age)",'NoneType' object is not callable,Type Error,Incompatible data types,Functions and None,Beginner,Operation should complete successfully,'NoneType' object is not callable,The negative index is outside the valid range.,Use a valid negative index within the list length.,"Type Error, Functions and None"
519,Python,"total = 10
for x in total:
    print(x)",can only concatenate str,Type Error,Incompatible data types,String and numeric types,Beginner,Operation should complete successfully,can only concatenate str,Python block statements require a colon at the end.,Add a colon after the for statement.,"Type Error, String and numeric types"
520,Python,"numbers = [1, 2]
print(numbers + 5)",'int' object is not iterable,Type Error,Incompatible data types,Iteration and data types,Intermediate,Operation should complete successfully,'int' object is not iterable,The requested index is outside the list range.,Use an index within the valid range of the list.,"Type Error, Iteration and data types"
521,Python,"numbers = [1, 2]
print(numbers + 5)",'int' object is not iterable,Type Error,Incompatible data types,Iteration and data types,Beginner,Operation should complete successfully,'int' object is not iterable,The variable name used in print does not match the declared variable.,Use the exact variable name that was declared.,"Type Error, Iteration and data types"
522,Python,"numbers = [1, 2]
print(numbers + 5)",'int' object is not iterable,Type Error,Incompatible data types,Iteration and data types,Intermediate,Operation should complete successfully,'int' object is not iterable,The operation combines values whose data types are not compatible.,Convert the values to compatible data types before applying the operation.,"Type Error, Iteration and data types"
523,Python,"total = 10
for x in total:
    print(x)",unsupported operand type(s),Type Error,Incompatible data types,Data types and operators,Intermediate,Operation should complete successfully,unsupported operand type(s),The negative index is outside the valid range.,Use a valid negative index within the list length.,"Type Error, Data types and operators"
524,Python,"numbers = [1, 2]
print(numbers + 5)",can only concatenate str,Type Error,Incompatible data types,String and numeric types,Intermediate,Operation should complete successfully,can only concatenate str,The operation combines values whose data types are not compatible.,Convert the values to compatible data types before applying the operation.,"Type Error, String and numeric types"
525,Python,"age = 20
print('Age: ' + age)",unsupported operand type(s),Type Error,Incompatible data types,Data types and operators,Beginner,Operation should complete successfully,unsupported operand type(s),The code uses a variable that has not been defined.,Check that the variable is defined before use.,"Type Error, Data types and operators"
526,Python,"x = 10
print(x.lower())",'int' object is not iterable,Type Error,Incompatible data types,Iteration and data types,Intermediate,Operation should complete successfully,'int' object is not iterable,The requested index is outside the list range.,Use an index within the valid range of the list.,"Type Error, Iteration and data types"
527,Python,"numbers = [1, 2]
print(numbers + 5)",unsupported operand type(s),Type Error,Incompatible data types,Data types and operators,Intermediate,Operation should complete successfully,unsupported operand type(s),The function call does not provide all required arguments.,Pass all required function arguments.,"Type Error, Data types and operators"
528,Python,"total = 10
for x in total:
    print(x)",'int' object is not iterable,Type Error,Incompatible data types,Iteration and data types,Intermediate,Operation should complete successfully,'int' object is not iterable,The function call does not provide all required arguments.,Pass all required function arguments.,"Type Error, Iteration and data types"
529,Python,"x = 10
print(x.lower())",'NoneType' object is not callable,Type Error,Incompatible data types,Functions and None,Beginner,Operation should complete successfully,'NoneType' object is not callable,Python block statements require a colon at the end.,Add a colon after the for statement.,"Type Error, Functions and None"
530,Python,"x = 10
print(x.lower())",unsupported operand type(s),Type Error,Incompatible data types,Data types and operators,Beginner,Operation should complete successfully,unsupported operand type(s),The operation combines values whose data types are not compatible.,Convert the values to compatible data types before applying the operation.,"Type Error, Data types and operators"
531,Python,"total = 10
for x in total:
    print(x)",'NoneType' object is not callable,Type Error,Incompatible data types,Functions and None,Beginner,Operation should complete successfully,'NoneType' object is not callable,The function call does not provide all required arguments.,Pass all required function arguments.,"Type Error, Functions and None"
532,Python,"numbers = [1, 2]
print(numbers + 5)",can only concatenate str,Type Error,Incompatible data types,String and numeric types,Intermediate,Operation should complete successfully,can only concatenate str,The statement inside the block is not indented.,Indent the statement inside the if block.,"Type Error, String and numeric types"
533,Python,"total = 10
for x in total:
    print(x)",'int' object is not iterable,Type Error,Incompatible data types,Iteration and data types,Beginner,Operation should complete successfully,'int' object is not iterable,Python cannot find the requested module.,Install or import an available module.,"Type Error, Iteration and data types"
534,Python,"total = 10
for x in total:
    print(x)",unsupported operand type(s),Type Error,Incompatible data types,Data types and operators,Beginner,Operation should complete successfully,unsupported operand type(s),The statement inside the block is not indented.,Indent the statement inside the if block.,"Type Error, Data types and operators"
535,Python,"x = 10
print(x.lower())",unsupported operand type(s),Type Error,Incompatible data types,Data types and operators,Beginner,Operation should complete successfully,unsupported operand type(s),Python block statements require a colon at the end.,Add a colon after the for statement.,"Type Error, Data types and operators"
536,Python,"age = 20
print('Age: ' + age)",can only concatenate str,Type Error,Incompatible data types,String and numeric types,Beginner,Operation should complete successfully,can only concatenate str,The variable name used in print does not match the declared variable.,Use the exact variable name that was declared.,"Type Error, String and numeric types"
537,Python,"x = 10
print(x.lower())",'NoneType' object is not callable,Type Error,Incompatible data types,Functions and None,Beginner,Operation should complete successfully,'NoneType' object is not callable,The condition produces an incorrect result for the intended logic.,Review the condition so it matches the intended requirement.,"Type Error, Functions and None"
538,Python,"numbers = [1, 2]
print(numbers + 5)",can only concatenate str,Type Error,Incompatible data types,String and numeric types,Beginner,Operation should complete successfully,can only concatenate str,The statement inside the block is not indented.,Indent the statement inside the if block.,"Type Error, String and numeric types"
539,Python,"x = 10
print(x.lower())",can only concatenate str,Type Error,Incompatible data types,String and numeric types,Beginner,Operation should complete successfully,can only concatenate str,The function call does not provide all required arguments.,Pass all required function arguments.,"Type Error, String and numeric types"
540,Python,"age = 20
print('Age: ' + age)",'int' object is not iterable,Type Error,Incompatible data types,Iteration and data types,Beginner,Operation should complete successfully,'int' object is not iterable,The function call does not provide all required arguments.,Pass all required function arguments.,"Type Error, Iteration and data types"
541,Python,"x = 10
print(x.lower())",'NoneType' object is not callable,Type Error,Incompatible data types,Functions and None,Beginner,Operation should complete successfully,'NoneType' object is not callable,The negative index is outside the valid range.,Use a valid negative index within the list length.,"Type Error, Functions and None"
542,Python,"numbers = [1, 2]
print(numbers + 5)",can only concatenate str,Type Error,Incompatible data types,String and numeric types,Beginner,Operation should complete successfully,can only concatenate str,The condition produces an incorrect result for the intended logic.,Review the condition so it matches the intended requirement.,"Type Error, String and numeric types"
543,Python,"x = 10
print(x.lower())",unsupported operand type(s),Type Error,Incompatible data types,Data types and operators,Intermediate,Operation should complete successfully,unsupported operand type(s),Python block statements require a colon at the end.,Add a colon after the for statement.,"Type Error, Data types and operators"
544,Python,"age = 20
print('Age: ' + age)",'NoneType' object is not callable,Type Error,Incompatible data types,Functions and None,Beginner,Operation should complete successfully,'NoneType' object is not callable,Python block statements require a colon at the end.,Add a colon after the for statement.,"Type Error, Functions and None"
545,Python,"numbers = [1, 2]
print(numbers + 5)",'NoneType' object is not callable,Type Error,Incompatible data types,Functions and None,Intermediate,Operation should complete successfully,'NoneType' object is not callable,The operation combines values whose data types are not compatible.,Convert the values to compatible data types before applying the operation.,"Type Error, Functions and None"
546,Python,"numbers = [1, 2]
print(numbers + 5)",'int' object is not iterable,Type Error,Incompatible data types,Iteration and data types,Beginner,Operation should complete successfully,'int' object is not iterable,Python cannot find the requested module.,Install or import an available module.,"Type Error, Iteration and data types"
547,Python,"total = 10
for x in total:
    print(x)",'NoneType' object is not callable,Type Error,Incompatible data types,Functions and None,Beginner,Operation should complete successfully,'NoneType' object is not callable,The code uses a variable that has not been defined.,Check that the variable is defined before use.,"Type Error, Functions and None"
548,Python,"x = 10
print(x.lower())",'int' object is not iterable,Type Error,Incompatible data types,Iteration and data types,Intermediate,Operation should complete successfully,'int' object is not iterable,The variable name used in print does not match the declared variable.,Use the exact variable name that was declared.,"Type Error, Iteration and data types"
549,Python,"numbers = [1, 2]
print(numbers + 5)",'NoneType' object is not callable,Type Error,Incompatible data types,Functions and None,Intermediate,Operation should complete successfully,'NoneType' object is not callable,The negative index is outside the valid range.,Use a valid negative index within the list length.,"Type Error, Functions and None"
550,Python,"age = 20
print('Age: ' + age)",unsupported operand type(s),Type Error,Incompatible data types,Data types and operators,Beginner,Operation should complete successfully,unsupported operand type(s),The operation combines values whose data types are not compatible.,Convert the values to compatible data types before applying the operation.,"Type Error, Data types and operators"
551,Python,"numbers = [1, 2]
print(numbers + 5)",'int' object is not iterable,Type Error,Incompatible data types,Iteration and data types,Beginner,Operation should complete successfully,'int' object is not iterable,The statement inside the block is not indented.,Indent the statement inside the if block.,"Type Error, Iteration and data types"
552,Python,"x = 10
print(x.lower())",can only concatenate str,Type Error,Incompatible data types,String and numeric types,Intermediate,Operation should complete successfully,can only concatenate str,The condition produces an incorrect result for the intended logic.,Review the condition so it matches the intended requirement.,"Type Error, String and numeric types"
553,Python,"age = 20
print('Age: ' + age)",unsupported operand type(s),Type Error,Incompatible data types,Data types and operators,Beginner,Operation should complete successfully,unsupported operand type(s),The code uses a variable that has not been defined.,Check that the variable is defined before use.,"Type Error, Data types and operators"
554,Python,"x = 10
print(x.lower())",'int' object is not iterable,Type Error,Incompatible data types,Iteration and data types,Beginner,Operation should complete successfully,'int' object is not iterable,The function call does not provide all required arguments.,Pass all required function arguments.,"Type Error, Iteration and data types"
555,Python,"numbers = [1, 2]
print(numbers + 5)",can only concatenate str,Type Error,Incompatible data types,String and numeric types,Beginner,Operation should complete successfully,can only concatenate str,The statement inside the block is not indented.,Indent the statement inside the if block.,"Type Error, String and numeric types"
556,Python,"numbers = [1, 2]
print(numbers + 5)",'NoneType' object is not callable,Type Error,Incompatible data types,Functions and None,Intermediate,Operation should complete successfully,'NoneType' object is not callable,The condition produces an incorrect result for the intended logic.,Review the condition so it matches the intended requirement.,"Type Error, Functions and None"
557,Python,"x = 10
print(x.lower())",'int' object is not iterable,Type Error,Incompatible data types,Iteration and data types,Intermediate,Operation should complete successfully,'int' object is not iterable,The negative index is outside the valid range.,Use a valid negative index within the list length.,"Type Error, Iteration and data types"
558,Python,"age = 20
print('Age: ' + age)",'int' object is not iterable,Type Error,Incompatible data types,Iteration and data types,Beginner,Operation should complete successfully,'int' object is not iterable,The function call does not provide all required arguments.,Pass all required function arguments.,"Type Error, Iteration and data types"
559,Python,"x = 10
print(x.lower())",'int' object is not iterable,Type Error,Incompatible data types,Iteration and data types,Intermediate,Operation should complete successfully,'int' object is not iterable,The variable name used in print does not match the declared variable.,Use the exact variable name that was declared.,"Type Error, Iteration and data types"
560,Python,"x = 10
print(x.lower())",'int' object is not iterable,Type Error,Incompatible data types,Iteration and data types,Beginner,Operation should complete successfully,'int' object is not iterable,The code uses a variable that has not been defined.,Check that the variable is defined before use.,"Type Error, Iteration and data types"
561,Python,"x = 10
print(x.lower())",can only concatenate str,Type Error,Incompatible data types,String and numeric types,Beginner,Operation should complete successfully,can only concatenate str,The code uses a variable that has not been defined.,Check that the variable is defined before use.,"Type Error, String and numeric types"
562,Python,"total = 10
for x in total:
    print(x)",'NoneType' object is not callable,Type Error,Incompatible data types,Functions and None,Beginner,Operation should complete successfully,'NoneType' object is not callable,The operation combines values whose data types are not compatible.,Convert the values to compatible data types before applying the operation.,"Type Error, Functions and None"
563,Python,"age = 20
print('Age: ' + age)",unsupported operand type(s),Type Error,Incompatible data types,Data types and operators,Beginner,Operation should complete successfully,unsupported operand type(s),The requested index is outside the list range.,Use an index within the valid range of the list.,"Type Error, Data types and operators"
564,Python,"total = 10
for x in total:
    print(x)",'int' object is not iterable,Type Error,Incompatible data types,Iteration and data types,Beginner,Operation should complete successfully,'int' object is not iterable,Python cannot find the requested module.,Install or import an available module.,"Type Error, Iteration and data types"
565,Python,"x = 10
print(x.lower())",can only concatenate str,Type Error,Incompatible data types,String and numeric types,Intermediate,Operation should complete successfully,can only concatenate str,Python cannot find the requested module.,Install or import an available module.,"Type Error, String and numeric types"
566,Python,"total = 10
for x in total:
    print(x)",unsupported operand type(s),Type Error,Incompatible data types,Data types and operators,Intermediate,Operation should complete successfully,unsupported operand type(s),The operation combines values whose data types are not compatible.,Convert the values to compatible data types before applying the operation.,"Type Error, Data types and operators"
567,Python,"x = 10
print(x.lower())",'int' object is not iterable,Type Error,Incompatible data types,Iteration and data types,Beginner,Operation should complete successfully,'int' object is not iterable,The function call does not provide all required arguments.,Pass all required function arguments.,"Type Error, Iteration and data types"
568,Python,"numbers = [1, 2]
print(numbers + 5)",can only concatenate str,Type Error,Incompatible data types,String and numeric types,Intermediate,Operation should complete successfully,can only concatenate str,The function call does not provide all required arguments.,Pass all required function arguments.,"Type Error, String and numeric types"
569,Python,"x = 10
print(x.lower())",'int' object is not iterable,Type Error,Incompatible data types,Iteration and data types,Beginner,Operation should complete successfully,'int' object is not iterable,Python block statements require a colon at the end.,Add a colon after the for statement.,"Type Error, Iteration and data types"
570,Python,"numbers = [1, 2]
print(numbers + 5)",can only concatenate str,Type Error,Incompatible data types,String and numeric types,Beginner,Operation should complete successfully,can only concatenate str,Python block statements require a colon at the end.,Add a colon after the for statement.,"Type Error, String and numeric types"
571,Python,"total = 10
for x in total:
    print(x)",'int' object is not iterable,Type Error,Incompatible data types,Iteration and data types,Intermediate,Operation should complete successfully,'int' object is not iterable,Python block statements require a colon at the end.,Add a colon after the for statement.,"Type Error, Iteration and data types"
572,Python,"x = 10
print(x.lower())",'NoneType' object is not callable,Type Error,Incompatible data types,Functions and None,Beginner,Operation should complete successfully,'NoneType' object is not callable,The statement inside the block is not indented.,Indent the statement inside the if block.,"Type Error, Functions and None"
573,Python,"age = 20
print('Age: ' + age)",'int' object is not iterable,Type Error,Incompatible data types,Iteration and data types,Intermediate,Operation should complete successfully,'int' object is not iterable,Python block statements require a colon at the end.,Add a colon after the for statement.,"Type Error, Iteration and data types"
574,Python,"numbers = [1, 2]
print(numbers + 5)",'NoneType' object is not callable,Type Error,Incompatible data types,Functions and None,Beginner,Operation should complete successfully,'NoneType' object is not callable,Python cannot find the requested module.,Install or import an available module.,"Type Error, Functions and None"
575,Python,"numbers = [1, 2]
print(numbers + 5)",'int' object is not iterable,Type Error,Incompatible data types,Iteration and data types,Intermediate,Operation should complete successfully,'int' object is not iterable,The code uses a variable that has not been defined.,Check that the variable is defined before use.,"Type Error, Iteration and data types"
576,Python,"x = 10
print(x.lower())",unsupported operand type(s),Type Error,Incompatible data types,Data types and operators,Intermediate,Operation should complete successfully,unsupported operand type(s),The statement inside the block is not indented.,Indent the statement inside the if block.,"Type Error, Data types and operators"
577,Python,"total = 10
for x in total:
    print(x)",'int' object is not iterable,Type Error,Incompatible data types,Iteration and data types,Beginner,Operation should complete successfully,'int' object is not iterable,The function call does not provide all required arguments.,Pass all required function arguments.,"Type Error, Iteration and data types"
578,Python,"numbers = [1, 2]
print(numbers + 5)",'int' object is not iterable,Type Error,Incompatible data types,Iteration and data types,Beginner,Operation should complete successfully,'int' object is not iterable,The negative index is outside the valid range.,Use a valid negative index within the list length.,"Type Error, Iteration and data types"
579,Python,"total = 10
for x in total:
    print(x)",unsupported operand type(s),Type Error,Incompatible data types,Data types and operators,Beginner,Operation should complete successfully,unsupported operand type(s),The condition produces an incorrect result for the intended logic.,Review the condition so it matches the intended requirement.,"Type Error, Data types and operators"
580,Python,"total = 10
for x in total:
    print(x)",unsupported operand type(s),Type Error,Incompatible data types,Data types and operators,Intermediate,Operation should complete successfully,unsupported operand type(s),The negative index is outside the valid range.,Use a valid negative index within the list length.,"Type Error, Data types and operators"
581,Python,"age = 20
print('Age: ' + age)",can only concatenate str,Type Error,Incompatible data types,String and numeric types,Beginner,Operation should complete successfully,can only concatenate str,The code uses a variable that has not been defined.,Check that the variable is defined before use.,"Type Error, String and numeric types"
582,Python,"age = 20
print('Age: ' + age)",'int' object is not iterable,Type Error,Incompatible data types,Iteration and data types,Intermediate,Operation should complete successfully,'int' object is not iterable,The function call does not provide all required arguments.,Pass all required function arguments.,"Type Error, Iteration and data types"
583,Python,"total = 10
for x in total:
    print(x)",can only concatenate str,Type Error,Incompatible data types,String and numeric types,Beginner,Operation should complete successfully,can only concatenate str,The code uses a variable that has not been defined.,Check that the variable is defined before use.,"Type Error, String and numeric types"
584,Python,"total = 10
for x in total:
    print(x)",'NoneType' object is not callable,Type Error,Incompatible data types,Functions and None,Beginner,Operation should complete successfully,'NoneType' object is not callable,The function call does not provide all required arguments.,Pass all required function arguments.,"Type Error, Functions and None"
585,Python,"age = 20
print('Age: ' + age)",'int' object is not iterable,Type Error,Incompatible data types,Iteration and data types,Beginner,Operation should complete successfully,'int' object is not iterable,Python block statements require a colon at the end.,Add a colon after the for statement.,"Type Error, Iteration and data types"
586,Python,"age = 20
print('Age: ' + age)",can only concatenate str,Type Error,Incompatible data types,String and numeric types,Beginner,Operation should complete successfully,can only concatenate str,The negative index is outside the valid range.,Use a valid negative index within the list length.,"Type Error, String and numeric types"
587,Python,"age = 20
print('Age: ' + age)",'NoneType' object is not callable,Type Error,Incompatible data types,Functions and None,Beginner,Operation should complete successfully,'NoneType' object is not callable,The operation combines values whose data types are not compatible.,Convert the values to compatible data types before applying the operation.,"Type Error, Functions and None"
588,Python,"numbers = [1, 2]
print(numbers + 5)",'NoneType' object is not callable,Type Error,Incompatible data types,Functions and None,Beginner,Operation should complete successfully,'NoneType' object is not callable,The operation combines values whose data types are not compatible.,Convert the values to compatible data types before applying the operation.,"Type Error, Functions and None"
589,Python,"age = 20
print('Age: ' + age)",unsupported operand type(s),Type Error,Incompatible data types,Data types and operators,Beginner,Operation should complete successfully,unsupported operand type(s),Python block statements require a colon at the end.,Add a colon after the for statement.,"Type Error, Data types and operators"
590,Python,"x = 10
print(x.lower())",'int' object is not iterable,Type Error,Incompatible data types,Iteration and data types,Beginner,Operation should complete successfully,'int' object is not iterable,The function call does not provide all required arguments.,Pass all required function arguments.,"Type Error, Iteration and data types"
591,Python,"total = 10
for x in total:
    print(x)",'NoneType' object is not callable,Type Error,Incompatible data types,Functions and None,Beginner,Operation should complete successfully,'NoneType' object is not callable,Python block statements require a colon at the end.,Add a colon after the for statement.,"Type Error, Functions and None"
592,Python,"x = 10
print(x.lower())",'int' object is not iterable,Type Error,Incompatible data types,Iteration and data types,Intermediate,Operation should complete successfully,'int' object is not iterable,The operation combines values whose data types are not compatible.,Convert the values to compatible data types before applying the operation.,"Type Error, Iteration and data types"
593,Python,"age = 20
print('Age: ' + age)",'int' object is not iterable,Type Error,Incompatible data types,Iteration and data types,Intermediate,Operation should complete successfully,'int' object is not iterable,The operation combines values whose data types are not compatible.,Convert the values to compatible data types before applying the operation.,"Type Error, Iteration and data types"
594,Python,"total = 10
for x in total:
    print(x)",'int' object is not iterable,Type Error,Incompatible data types,Iteration and data types,Beginner,Operation should complete successfully,'int' object is not iterable,Python block statements require a colon at the end.,Add a colon after the for statement.,"Type Error, Iteration and data types"
595,Python,"numbers = [1, 2]
print(numbers + 5)",'NoneType' object is not callable,Type Error,Incompatible data types,Functions and None,Beginner,Operation should complete successfully,'NoneType' object is not callable,Python cannot find the requested module.,Install or import an available module.,"Type Error, Functions and None"
596,Python,"total = 10
for x in total:
    print(x)",'NoneType' object is not callable,Type Error,Incompatible data types,Functions and None,Beginner,Operation should complete successfully,'NoneType' object is not callable,The variable name used in print does not match the declared variable.,Use the exact variable name that was declared.,"Type Error, Functions and None"
597,Python,"total = 10
for x in total:
    print(x)",'NoneType' object is not callable,Type Error,Incompatible data types,Functions and None,Beginner,Operation should complete successfully,'NoneType' object is not callable,The statement inside the block is not indented.,Indent the statement inside the if block.,"Type Error, Functions and None"
598,Python,"total = 10
for x in total:
    print(x)",'int' object is not iterable,Type Error,Incompatible data types,Iteration and data types,Beginner,Operation should complete successfully,'int' object is not iterable,Python cannot find the requested module.,Install or import an available module.,"Type Error, Iteration and data types"
599,Python,"numbers = [1, 2]
print(numbers + 5)",'int' object is not iterable,Type Error,Incompatible data types,Iteration and data types,Intermediate,Operation should complete successfully,'int' object is not iterable,The statement inside the block is not indented.,Indent the statement inside the if block.,"Type Error, Iteration and data types"
600,Python,"numbers = [1, 2]
print(numbers + 5)",unsupported operand type(s),Type Error,Incompatible data types,Data types and operators,Intermediate,Operation should complete successfully,unsupported operand type(s),Python block statements require a colon at the end.,Add a colon after the for statement.,"Type Error, Data types and operators"
601,Python,"age = 20
print('Age: ' + age)",can only concatenate str,Type Error,Incompatible data types,String and numeric types,Beginner,Operation should complete successfully,can only concatenate str,The code uses a variable that has not been defined.,Check that the variable is defined before use.,"Type Error, String and numeric types"
602,Python,"x = 10
print(x.lower())",'int' object is not iterable,Type Error,Incompatible data types,Iteration and data types,Intermediate,Operation should complete successfully,'int' object is not iterable,The operation combines values whose data types are not compatible.,Convert the values to compatible data types before applying the operation.,"Type Error, Iteration and data types"
603,Python,"numbers = [1, 2]
print(numbers + 5)",'int' object is not iterable,Type Error,Incompatible data types,Iteration and data types,Beginner,Operation should complete successfully,'int' object is not iterable,The variable name used in print does not match the declared variable.,Use the exact variable name that was declared.,"Type Error, Iteration and data types"
604,Python,"total = 10
for x in total:
    print(x)",can only concatenate str,Type Error,Incompatible data types,String and numeric types,Beginner,Operation should complete successfully,can only concatenate str,The requested index is outside the list range.,Use an index within the valid range of the list.,"Type Error, String and numeric types"
605,Python,"numbers = [1, 2]
print(numbers + 5)",can only concatenate str,Type Error,Incompatible data types,String and numeric types,Beginner,Operation should complete successfully,can only concatenate str,The function call does not provide all required arguments.,Pass all required function arguments.,"Type Error, String and numeric types"
606,Python,"total = 10
for x in total:
    print(x)",'NoneType' object is not callable,Type Error,Incompatible data types,Functions and None,Beginner,Operation should complete successfully,'NoneType' object is not callable,The negative index is outside the valid range.,Use a valid negative index within the list length.,"Type Error, Functions and None"
607,Python,"x = 10
print(x.lower())",unsupported operand type(s),Type Error,Incompatible data types,Data types and operators,Intermediate,Operation should complete successfully,unsupported operand type(s),The negative index is outside the valid range.,Use a valid negative index within the list length.,"Type Error, Data types and operators"
608,Python,"age = 20
print('Age: ' + age)",'int' object is not iterable,Type Error,Incompatible data types,Iteration and data types,Beginner,Operation should complete successfully,'int' object is not iterable,The variable name used in print does not match the declared variable.,Use the exact variable name that was declared.,"Type Error, Iteration and data types"
609,Python,"total = 10
for x in total:
    print(x)",can only concatenate str,Type Error,Incompatible data types,String and numeric types,Beginner,Operation should complete successfully,can only concatenate str,The condition produces an incorrect result for the intended logic.,Review the condition so it matches the intended requirement.,"Type Error, String and numeric types"
610,Python,"x = 10
print(x.lower())",'int' object is not iterable,Type Error,Incompatible data types,Iteration and data types,Beginner,Operation should complete successfully,'int' object is not iterable,The negative index is outside the valid range.,Use a valid negative index within the list length.,"Type Error, Iteration and data types"
611,Python,"x = 10
print(x.lower())",can only concatenate str,Type Error,Incompatible data types,String and numeric types,Beginner,Operation should complete successfully,can only concatenate str,The condition produces an incorrect result for the intended logic.,Review the condition so it matches the intended requirement.,"Type Error, String and numeric types"
612,Python,"x = 10
print(x.lower())",'NoneType' object is not callable,Type Error,Incompatible data types,Functions and None,Beginner,Operation should complete successfully,'NoneType' object is not callable,The code uses a variable that has not been defined.,Check that the variable is defined before use.,"Type Error, Functions and None"
613,Python,"age = 20
print('Age: ' + age)",'NoneType' object is not callable,Type Error,Incompatible data types,Functions and None,Intermediate,Operation should complete successfully,'NoneType' object is not callable,The function call does not provide all required arguments.,Pass all required function arguments.,"Type Error, Functions and None"
614,Python,"age = 20
print('Age: ' + age)",'NoneType' object is not callable,Type Error,Incompatible data types,Functions and None,Beginner,Operation should complete successfully,'NoneType' object is not callable,Python block statements require a colon at the end.,Add a colon after the for statement.,"Type Error, Functions and None"
615,Python,"total = 10
for x in total:
    print(x)",'int' object is not iterable,Type Error,Incompatible data types,Iteration and data types,Intermediate,Operation should complete successfully,'int' object is not iterable,The code uses a variable that has not been defined.,Check that the variable is defined before use.,"Type Error, Iteration and data types"
616,Python,"x = 10
print(x.lower())",unsupported operand type(s),Type Error,Incompatible data types,Data types and operators,Beginner,Operation should complete successfully,unsupported operand type(s),The code uses a variable that has not been defined.,Check that the variable is defined before use.,"Type Error, Data types and operators"
617,Python,"age = 20
print('Age: ' + age)",unsupported operand type(s),Type Error,Incompatible data types,Data types and operators,Beginner,Operation should complete successfully,unsupported operand type(s),The negative index is outside the valid range.,Use a valid negative index within the list length.,"Type Error, Data types and operators"
618,Python,"numbers = [1, 2]
print(numbers + 5)",'NoneType' object is not callable,Type Error,Incompatible data types,Functions and None,Beginner,Operation should complete successfully,'NoneType' object is not callable,The code uses a variable that has not been defined.,Check that the variable is defined before use.,"Type Error, Functions and None"
619,Python,"x = 10
print(x.lower())",can only concatenate str,Type Error,Incompatible data types,String and numeric types,Beginner,Operation should complete successfully,can only concatenate str,The operation combines values whose data types are not compatible.,Convert the values to compatible data types before applying the operation.,"Type Error, String and numeric types"
620,Python,"x = 10
print(x.lower())",'NoneType' object is not callable,Type Error,Incompatible data types,Functions and None,Beginner,Operation should complete successfully,'NoneType' object is not callable,The function call does not provide all required arguments.,Pass all required function arguments.,"Type Error, Functions and None"
621,Python,"total = 10
for x in total:
    print(x)",unsupported operand type(s),Type Error,Incompatible data types,Data types and operators,Intermediate,Operation should complete successfully,unsupported operand type(s),The negative index is outside the valid range.,Use a valid negative index within the list length.,"Type Error, Data types and operators"
622,Python,"total = 10
for x in total:
    print(x)",'int' object is not iterable,Type Error,Incompatible data types,Iteration and data types,Intermediate,Operation should complete successfully,'int' object is not iterable,The variable name used in print does not match the declared variable.,Use the exact variable name that was declared.,"Type Error, Iteration and data types"
623,Python,"total = 10
for x in total:
    print(x)",'NoneType' object is not callable,Type Error,Incompatible data types,Functions and None,Intermediate,Operation should complete successfully,'NoneType' object is not callable,The negative index is outside the valid range.,Use a valid negative index within the list length.,"Type Error, Functions and None"
624,Python,"age = 20
print('Age: ' + age)",can only concatenate str,Type Error,Incompatible data types,String and numeric types,Beginner,Operation should complete successfully,can only concatenate str,The code uses a variable that has not been defined.,Check that the variable is defined before use.,"Type Error, String and numeric types"
625,Python,"x = 10
print(x.lower())",'NoneType' object is not callable,Type Error,Incompatible data types,Functions and None,Intermediate,Operation should complete successfully,'NoneType' object is not callable,The negative index is outside the valid range.,Use a valid negative index within the list length.,"Type Error, Functions and None"
626,Python,"total = 10
for x in total:
    print(x)",'NoneType' object is not callable,Type Error,Incompatible data types,Functions and None,Beginner,Operation should complete successfully,'NoneType' object is not callable,The requested index is outside the list range.,Use an index within the valid range of the list.,"Type Error, Functions and None"
627,Python,"numbers = [1, 2]
print(numbers + 5)",'int' object is not iterable,Type Error,Incompatible data types,Iteration and data types,Beginner,Operation should complete successfully,'int' object is not iterable,The operation combines values whose data types are not compatible.,Convert the values to compatible data types before applying the operation.,"Type Error, Iteration and data types"
628,Python,"x = 10
print(x.lower())",unsupported operand type(s),Type Error,Incompatible data types,Data types and operators,Intermediate,Operation should complete successfully,unsupported operand type(s),The code uses a variable that has not been defined.,Check that the variable is defined before use.,"Type Error, Data types and operators"
629,Python,"total = 10
for x in total:
    print(x)",unsupported operand type(s),Type Error,Incompatible data types,Data types and operators,Beginner,Operation should complete successfully,unsupported operand type(s),The requested index is outside the list range.,Use an index within the valid range of the list.,"Type Error, Data types and operators"
630,Python,"age = 20
print('Age: ' + age)",unsupported operand type(s),Type Error,Incompatible data types,Data types and operators,Beginner,Operation should complete successfully,unsupported operand type(s),The condition produces an incorrect result for the intended logic.,Review the condition so it matches the intended requirement.,"Type Error, Data types and operators"
631,Python,"age = 20
print('Age: ' + age)",unsupported operand type(s),Type Error,Incompatible data types,Data types and operators,Beginner,Operation should complete successfully,unsupported operand type(s),The requested index is outside the list range.,Use an index within the valid range of the list.,"Type Error, Data types and operators"
632,Python,"total = 10
for x in total:
    print(x)",'NoneType' object is not callable,Type Error,Incompatible data types,Functions and None,Beginner,Operation should complete successfully,'NoneType' object is not callable,The requested index is outside the list range.,Use an index within the valid range of the list.,"Type Error, Functions and None"
633,Python,"numbers = [1, 2]
print(numbers + 5)",can only concatenate str,Type Error,Incompatible data types,String and numeric types,Beginner,Operation should complete successfully,can only concatenate str,The negative index is outside the valid range.,Use a valid negative index within the list length.,"Type Error, String and numeric types"
634,Python,"numbers = [1, 2]
print(numbers + 5)",'int' object is not iterable,Type Error,Incompatible data types,Iteration and data types,Beginner,Operation should complete successfully,'int' object is not iterable,The condition produces an incorrect result for the intended logic.,Review the condition so it matches the intended requirement.,"Type Error, Iteration and data types"
635,Python,"total = 10
for x in total:
    print(x)",'int' object is not iterable,Type Error,Incompatible data types,Iteration and data types,Beginner,Operation should complete successfully,'int' object is not iterable,The operation combines values whose data types are not compatible.,Convert the values to compatible data types before applying the operation.,"Type Error, Iteration and data types"
636,Python,"age = 20
print('Age: ' + age)",'int' object is not iterable,Type Error,Incompatible data types,Iteration and data types,Intermediate,Operation should complete successfully,'int' object is not iterable,Python block statements require a colon at the end.,Add a colon after the for statement.,"Type Error, Iteration and data types"
637,Python,"x = 10
print(x.lower())",can only concatenate str,Type Error,Incompatible data types,String and numeric types,Beginner,Operation should complete successfully,can only concatenate str,Python cannot find the requested module.,Install or import an available module.,"Type Error, String and numeric types"
638,Python,"numbers = [1, 2]
print(numbers + 5)",'int' object is not iterable,Type Error,Incompatible data types,Iteration and data types,Intermediate,Operation should complete successfully,'int' object is not iterable,Python cannot find the requested module.,Install or import an available module.,"Type Error, Iteration and data types"
639,Python,"total = 10
for x in total:
    print(x)",'NoneType' object is not callable,Type Error,Incompatible data types,Functions and None,Beginner,Operation should complete successfully,'NoneType' object is not callable,Python cannot find the requested module.,Install or import an available module.,"Type Error, Functions and None"
640,Python,"x = 10
print(x.lower())",'NoneType' object is not callable,Type Error,Incompatible data types,Functions and None,Beginner,Operation should complete successfully,'NoneType' object is not callable,The operation combines values whose data types are not compatible.,Convert the values to compatible data types before applying the operation.,"Type Error, Functions and None"
641,Python,"total = 10
for x in total:
    print(x)",can only concatenate str,Type Error,Incompatible data types,String and numeric types,Beginner,Operation should complete successfully,can only concatenate str,Python block statements require a colon at the end.,Add a colon after the for statement.,"Type Error, String and numeric types"
642,Python,"x = 10
print(x.lower())",unsupported operand type(s),Type Error,Incompatible data types,Data types and operators,Beginner,Operation should complete successfully,unsupported operand type(s),The negative index is outside the valid range.,Use a valid negative index within the list length.,"Type Error, Data types and operators"
643,Python,"total = 10
for x in total:
    print(x)",can only concatenate str,Type Error,Incompatible data types,String and numeric types,Beginner,Operation should complete successfully,can only concatenate str,Python cannot find the requested module.,Install or import an available module.,"Type Error, String and numeric types"
644,Python,"age = 20
print('Age: ' + age)",can only concatenate str,Type Error,Incompatible data types,String and numeric types,Beginner,Operation should complete successfully,can only concatenate str,The statement inside the block is not indented.,Indent the statement inside the if block.,"Type Error, String and numeric types"
645,Python,"total = 10
for x in total:
    print(x)",'int' object is not iterable,Type Error,Incompatible data types,Iteration and data types,Beginner,Operation should complete successfully,'int' object is not iterable,The variable name used in print does not match the declared variable.,Use the exact variable name that was declared.,"Type Error, Iteration and data types"
646,Python,"age = 20
print('Age: ' + age)",'int' object is not iterable,Type Error,Incompatible data types,Iteration and data types,Beginner,Operation should complete successfully,'int' object is not iterable,Python cannot find the requested module.,Install or import an available module.,"Type Error, Iteration and data types"
647,Python,"total = 10
for x in total:
    print(x)",can only concatenate str,Type Error,Incompatible data types,String and numeric types,Beginner,Operation should complete successfully,can only concatenate str,The condition produces an incorrect result for the intended logic.,Review the condition so it matches the intended requirement.,"Type Error, String and numeric types"
648,Python,"numbers = [1, 2]
print(numbers + 5)",can only concatenate str,Type Error,Incompatible data types,String and numeric types,Beginner,Operation should complete successfully,can only concatenate str,The statement inside the block is not indented.,Indent the statement inside the if block.,"Type Error, String and numeric types"
649,Python,"age = 20
print('Age: ' + age)",can only concatenate str,Type Error,Incompatible data types,String and numeric types,Intermediate,Operation should complete successfully,can only concatenate str,The requested index is outside the list range.,Use an index within the valid range of the list.,"Type Error, String and numeric types"
650,Python,"total = 10
for x in total:
    print(x)",'NoneType' object is not callable,Type Error,Incompatible data types,Functions and None,Beginner,Operation should complete successfully,'NoneType' object is not callable,The requested index is outside the list range.,Use an index within the valid range of the list.,"Type Error, Functions and None"
651,Python,"numbers = [1, 2]
print(numbers + 5)",can only concatenate str,Type Error,Incompatible data types,String and numeric types,Beginner,Operation should complete successfully,can only concatenate str,The negative index is outside the valid range.,Use a valid negative index within the list length.,"Type Error, String and numeric types"
652,Python,"numbers = [1, 2]
print(numbers + 5)",'NoneType' object is not callable,Type Error,Incompatible data types,Functions and None,Beginner,Operation should complete successfully,'NoneType' object is not callable,The function call does not provide all required arguments.,Pass all required function arguments.,"Type Error, Functions and None"
653,Python,"x = 10
print(x.lower())",'int' object is not iterable,Type Error,Incompatible data types,Iteration and data types,Beginner,Operation should complete successfully,'int' object is not iterable,The statement inside the block is not indented.,Indent the statement inside the if block.,"Type Error, Iteration and data types"
654,Python,"numbers = [1, 2]
print(numbers + 5)",unsupported operand type(s),Type Error,Incompatible data types,Data types and operators,Beginner,Operation should complete successfully,unsupported operand type(s),The function call does not provide all required arguments.,Pass all required function arguments.,"Type Error, Data types and operators"
655,Python,"x = 10
print(x.lower())",'int' object is not iterable,Type Error,Incompatible data types,Iteration and data types,Beginner,Operation should complete successfully,'int' object is not iterable,The statement inside the block is not indented.,Indent the statement inside the if block.,"Type Error, Iteration and data types"
656,Python,"age = 20
print('Age: ' + age)",can only concatenate str,Type Error,Incompatible data types,String and numeric types,Beginner,Operation should complete successfully,can only concatenate str,The operation combines values whose data types are not compatible.,Convert the values to compatible data types before applying the operation.,"Type Error, String and numeric types"
657,Python,"total = 10
for x in total:
    print(x)",'NoneType' object is not callable,Type Error,Incompatible data types,Functions and None,Beginner,Operation should complete successfully,'NoneType' object is not callable,Python block statements require a colon at the end.,Add a colon after the for statement.,"Type Error, Functions and None"
658,Python,"x = 10
print(x.lower())",'int' object is not iterable,Type Error,Incompatible data types,Iteration and data types,Intermediate,Operation should complete successfully,'int' object is not iterable,The requested index is outside the list range.,Use an index within the valid range of the list.,"Type Error, Iteration and data types"
659,Python,"numbers = [1, 2]
print(numbers + 5)",can only concatenate str,Type Error,Incompatible data types,String and numeric types,Beginner,Operation should complete successfully,can only concatenate str,The function call does not provide all required arguments.,Pass all required function arguments.,"Type Error, String and numeric types"
660,Python,"x = 10
print(x.lower())",'NoneType' object is not callable,Type Error,Incompatible data types,Functions and None,Beginner,Operation should complete successfully,'NoneType' object is not callable,The function call does not provide all required arguments.,Pass all required function arguments.,"Type Error, Functions and None"
661,Python,"total = 10
for x in total:
    print(x)",'int' object is not iterable,Type Error,Incompatible data types,Iteration and data types,Intermediate,Operation should complete successfully,'int' object is not iterable,The operation combines values whose data types are not compatible.,Convert the values to compatible data types before applying the operation.,"Type Error, Iteration and data types"
662,Python,"age = 20
print('Age: ' + age)",'NoneType' object is not callable,Type Error,Incompatible data types,Functions and None,Intermediate,Operation should complete successfully,'NoneType' object is not callable,The operation combines values whose data types are not compatible.,Convert the values to compatible data types before applying the operation.,"Type Error, Functions and None"
663,Python,"age = 20
print('Age: ' + age)",unsupported operand type(s),Type Error,Incompatible data types,Data types and operators,Beginner,Operation should complete successfully,unsupported operand type(s),The variable name used in print does not match the declared variable.,Use the exact variable name that was declared.,"Type Error, Data types and operators"
664,Python,"total = 10
for x in total:
    print(x)",'NoneType' object is not callable,Type Error,Incompatible data types,Functions and None,Beginner,Operation should complete successfully,'NoneType' object is not callable,The operation combines values whose data types are not compatible.,Convert the values to compatible data types before applying the operation.,"Type Error, Functions and None"
665,Python,"total = 10
for x in total:
    print(x)",can only concatenate str,Type Error,Incompatible data types,String and numeric types,Intermediate,Operation should complete successfully,can only concatenate str,The code uses a variable that has not been defined.,Check that the variable is defined before use.,"Type Error, String and numeric types"
666,Python,"age = 20
print('Age: ' + age)",'NoneType' object is not callable,Type Error,Incompatible data types,Functions and None,Intermediate,Operation should complete successfully,'NoneType' object is not callable,The statement inside the block is not indented.,Indent the statement inside the if block.,"Type Error, Functions and None"
667,Python,"age = 20
print('Age: ' + age)",'NoneType' object is not callable,Type Error,Incompatible data types,Functions and None,Beginner,Operation should complete successfully,'NoneType' object is not callable,The function call does not provide all required arguments.,Pass all required function arguments.,"Type Error, Functions and None"
668,Python,"age = 20
print('Age: ' + age)",'NoneType' object is not callable,Type Error,Incompatible data types,Functions and None,Intermediate,Operation should complete successfully,'NoneType' object is not callable,The code uses a variable that has not been defined.,Check that the variable is defined before use.,"Type Error, Functions and None"
669,Python,"numbers = [1, 2]
print(numbers + 5)",'int' object is not iterable,Type Error,Incompatible data types,Iteration and data types,Beginner,Operation should complete successfully,'int' object is not iterable,The negative index is outside the valid range.,Use a valid negative index within the list length.,"Type Error, Iteration and data types"
670,Python,"age = 20
print('Age: ' + age)",'NoneType' object is not callable,Type Error,Incompatible data types,Functions and None,Beginner,Operation should complete successfully,'NoneType' object is not callable,The operation combines values whose data types are not compatible.,Convert the values to compatible data types before applying the operation.,"Type Error, Functions and None"
671,Python,"total = 10
for x in total:
    print(x)",can only concatenate str,Type Error,Incompatible data types,String and numeric types,Intermediate,Operation should complete successfully,can only concatenate str,The requested index is outside the list range.,Use an index within the valid range of the list.,"Type Error, String and numeric types"
672,Python,"numbers = [1, 2]
print(numbers + 5)",'int' object is not iterable,Type Error,Incompatible data types,Iteration and data types,Beginner,Operation should complete successfully,'int' object is not iterable,The statement inside the block is not indented.,Indent the statement inside the if block.,"Type Error, Iteration and data types"
673,Python,"x = 10
print(x.lower())",unsupported operand type(s),Type Error,Incompatible data types,Data types and operators,Beginner,Operation should complete successfully,unsupported operand type(s),The statement inside the block is not indented.,Indent the statement inside the if block.,"Type Error, Data types and operators"
674,Python,"numbers = [1, 2]
print(numbers + 5)",can only concatenate str,Type Error,Incompatible data types,String and numeric types,Intermediate,Operation should complete successfully,can only concatenate str,The requested index is outside the list range.,Use an index within the valid range of the list.,"Type Error, String and numeric types"
675,Python,"age = 20
print('Age: ' + age)",unsupported operand type(s),Type Error,Incompatible data types,Data types and operators,Beginner,Operation should complete successfully,unsupported operand type(s),The code uses a variable that has not been defined.,Check that the variable is defined before use.,"Type Error, Data types and operators"
676,Python,"x = 10
print(x.lower())",'NoneType' object is not callable,Type Error,Incompatible data types,Functions and None,Beginner,Operation should complete successfully,'NoneType' object is not callable,Python cannot find the requested module.,Install or import an available module.,"Type Error, Functions and None"
677,Python,"age = 20
print('Age: ' + age)",unsupported operand type(s),Type Error,Incompatible data types,Data types and operators,Beginner,Operation should complete successfully,unsupported operand type(s),The operation combines values whose data types are not compatible.,Convert the values to compatible data types before applying the operation.,"Type Error, Data types and operators"
678,Python,"age = 20
print('Age: ' + age)",'NoneType' object is not callable,Type Error,Incompatible data types,Functions and None,Intermediate,Operation should complete successfully,'NoneType' object is not callable,The statement inside the block is not indented.,Indent the statement inside the if block.,"Type Error, Functions and None"
679,Python,"total = 10
for x in total:
    print(x)",unsupported operand type(s),Type Error,Incompatible data types,Data types and operators,Intermediate,Operation should complete successfully,unsupported operand type(s),The requested index is outside the list range.,Use an index within the valid range of the list.,"Type Error, Data types and operators"
680,Python,"age = 20
print('Age: ' + age)",'NoneType' object is not callable,Type Error,Incompatible data types,Functions and None,Beginner,Operation should complete successfully,'NoneType' object is not callable,Python block statements require a colon at the end.,Add a colon after the for statement.,"Type Error, Functions and None"
681,Python,"age = 20
print('Age: ' + age)",'int' object is not iterable,Type Error,Incompatible data types,Iteration and data types,Beginner,Operation should complete successfully,'int' object is not iterable,The negative index is outside the valid range.,Use a valid negative index within the list length.,"Type Error, Iteration and data types"
682,Python,"total = 10
for x in total:
    print(x)",'int' object is not iterable,Type Error,Incompatible data types,Iteration and data types,Intermediate,Operation should complete successfully,'int' object is not iterable,The code uses a variable that has not been defined.,Check that the variable is defined before use.,"Type Error, Iteration and data types"
683,Python,"age = 20
print('Age: ' + age)",can only concatenate str,Type Error,Incompatible data types,String and numeric types,Beginner,Operation should complete successfully,can only concatenate str,Python cannot find the requested module.,Install or import an available module.,"Type Error, String and numeric types"
684,Python,"total = 10
for x in total:
    print(x)",can only concatenate str,Type Error,Incompatible data types,String and numeric types,Intermediate,Operation should complete successfully,can only concatenate str,The condition produces an incorrect result for the intended logic.,Review the condition so it matches the intended requirement.,"Type Error, String and numeric types"
685,Python,"numbers = [1, 2]
print(numbers + 5)",'NoneType' object is not callable,Type Error,Incompatible data types,Functions and None,Beginner,Operation should complete successfully,'NoneType' object is not callable,The negative index is outside the valid range.,Use a valid negative index within the list length.,"Type Error, Functions and None"
686,Python,"numbers = [1, 2]
print(numbers + 5)",can only concatenate str,Type Error,Incompatible data types,String and numeric types,Beginner,Operation should complete successfully,can only concatenate str,The variable name used in print does not match the declared variable.,Use the exact variable name that was declared.,"Type Error, String and numeric types"
687,Python,"total = 10
for x in total:
    print(x)",unsupported operand type(s),Type Error,Incompatible data types,Data types and operators,Beginner,Operation should complete successfully,unsupported operand type(s),Python cannot find the requested module.,Install or import an available module.,"Type Error, Data types and operators"
688,Python,"x = 10
print(x.lower())",'int' object is not iterable,Type Error,Incompatible data types,Iteration and data types,Beginner,Operation should complete successfully,'int' object is not iterable,The condition produces an incorrect result for the intended logic.,Review the condition so it matches the intended requirement.,"Type Error, Iteration and data types"
689,Python,"x = 10
print(x.lower())",unsupported operand type(s),Type Error,Incompatible data types,Data types and operators,Beginner,Operation should complete successfully,unsupported operand type(s),Python block statements require a colon at the end.,Add a colon after the for statement.,"Type Error, Data types and operators"
690,Python,"x = 10
print(x.lower())",can only concatenate str,Type Error,Incompatible data types,String and numeric types,Beginner,Operation should complete successfully,can only concatenate str,The statement inside the block is not indented.,Indent the statement inside the if block.,"Type Error, String and numeric types"
691,Python,"x = 10
print(x.lower())",can only concatenate str,Type Error,Incompatible data types,String and numeric types,Beginner,Operation should complete successfully,can only concatenate str,The condition produces an incorrect result for the intended logic.,Review the condition so it matches the intended requirement.,"Type Error, String and numeric types"
692,Python,"age = 20
print('Age: ' + age)",'int' object is not iterable,Type Error,Incompatible data types,Iteration and data types,Beginner,Operation should complete successfully,'int' object is not iterable,The requested index is outside the list range.,Use an index within the valid range of the list.,"Type Error, Iteration and data types"
693,Python,"x = 10
print(x.lower())",'int' object is not iterable,Type Error,Incompatible data types,Iteration and data types,Intermediate,Operation should complete successfully,'int' object is not iterable,The operation combines values whose data types are not compatible.,Convert the values to compatible data types before applying the operation.,"Type Error, Iteration and data types"
694,Python,"numbers = [1, 2]
print(numbers + 5)",can only concatenate str,Type Error,Incompatible data types,String and numeric types,Beginner,Operation should complete successfully,can only concatenate str,Python cannot find the requested module.,Install or import an available module.,"Type Error, String and numeric types"
695,Python,"age = 20
print('Age: ' + age)",unsupported operand type(s),Type Error,Incompatible data types,Data types and operators,Beginner,Operation should complete successfully,unsupported operand type(s),The variable name used in print does not match the declared variable.,Use the exact variable name that was declared.,"Type Error, Data types and operators"
696,Python,"numbers = [1, 2]
print(numbers + 5)",'NoneType' object is not callable,Type Error,Incompatible data types,Functions and None,Beginner,Operation should complete successfully,'NoneType' object is not callable,The statement inside the block is not indented.,Indent the statement inside the if block.,"Type Error, Functions and None"
697,Python,"total = 10
for x in total:
    print(x)",can only concatenate str,Type Error,Incompatible data types,String and numeric types,Beginner,Operation should complete successfully,can only concatenate str,The variable name used in print does not match the declared variable.,Use the exact variable name that was declared.,"Type Error, String and numeric types"
698,Python,"x = 10
print(x.lower())",'NoneType' object is not callable,Type Error,Incompatible data types,Functions and None,Beginner,Operation should complete successfully,'NoneType' object is not callable,The negative index is outside the valid range.,Use a valid negative index within the list length.,"Type Error, Functions and None"
699,Python,"numbers = [1, 2]
print(numbers + 5)",unsupported operand type(s),Type Error,Incompatible data types,Data types and operators,Intermediate,Operation should complete successfully,unsupported operand type(s),The variable name used in print does not match the declared variable.,Use the exact variable name that was declared.,"Type Error, Data types and operators"
700,Python,"numbers = [1, 2]
print(numbers + 5)",unsupported operand type(s),Type Error,Incompatible data types,Data types and operators,Beginner,Operation should complete successfully,unsupported operand type(s),The condition produces an incorrect result for the intended logic.,Review the condition so it matches the intended requirement.,"Type Error, Data types and operators"
701,Python,"x = 10
print(x.lower())",unsupported operand type(s),Type Error,Incompatible data types,Data types and operators,Beginner,Operation should complete successfully,unsupported operand type(s),Python block statements require a colon at the end.,Add a colon after the for statement.,"Type Error, Data types and operators"
702,Python,"total = 10
for x in total:
    print(x)",unsupported operand type(s),Type Error,Incompatible data types,Data types and operators,Intermediate,Operation should complete successfully,unsupported operand type(s),The negative index is outside the valid range.,Use a valid negative index within the list length.,"Type Error, Data types and operators"
703,Python,"total = 10
for x in total:
    print(x)",can only concatenate str,Type Error,Incompatible data types,String and numeric types,Beginner,Operation should complete successfully,can only concatenate str,Python cannot find the requested module.,Install or import an available module.,"Type Error, String and numeric types"
704,Python,"numbers = [1, 2]
print(numbers + 5)",'int' object is not iterable,Type Error,Incompatible data types,Iteration and data types,Beginner,Operation should complete successfully,'int' object is not iterable,Python block statements require a colon at the end.,Add a colon after the for statement.,"Type Error, Iteration and data types"
705,Python,"total = 10
for x in total:
    print(x)",can only concatenate str,Type Error,Incompatible data types,String and numeric types,Beginner,Operation should complete successfully,can only concatenate str,The variable name used in print does not match the declared variable.,Use the exact variable name that was declared.,"Type Error, String and numeric types"
706,Python,"numbers = [1, 2]
print(numbers + 5)",'int' object is not iterable,Type Error,Incompatible data types,Iteration and data types,Beginner,Operation should complete successfully,'int' object is not iterable,Python cannot find the requested module.,Install or import an available module.,"Type Error, Iteration and data types"
707,Python,"numbers = [1, 2]
print(numbers + 5)",unsupported operand type(s),Type Error,Incompatible data types,Data types and operators,Beginner,Operation should complete successfully,unsupported operand type(s),The statement inside the block is not indented.,Indent the statement inside the if block.,"Type Error, Data types and operators"
708,Python,"total = 10
for x in total:
    print(x)",'NoneType' object is not callable,Type Error,Incompatible data types,Functions and None,Beginner,Operation should complete successfully,'NoneType' object is not callable,The condition produces an incorrect result for the intended logic.,Review the condition so it matches the intended requirement.,"Type Error, Functions and None"
709,Python,"numbers = [1, 2]
print(numbers + 5)",unsupported operand type(s),Type Error,Incompatible data types,Data types and operators,Beginner,Operation should complete successfully,unsupported operand type(s),The operation combines values whose data types are not compatible.,Convert the values to compatible data types before applying the operation.,"Type Error, Data types and operators"
710,Python,"x = 10
print(x.lower())",'NoneType' object is not callable,Type Error,Incompatible data types,Functions and None,Beginner,Operation should complete successfully,'NoneType' object is not callable,The statement inside the block is not indented.,Indent the statement inside the if block.,"Type Error, Functions and None"
711,Python,"x = 10
print(x.lower())",'NoneType' object is not callable,Type Error,Incompatible data types,Functions and None,Intermediate,Operation should complete successfully,'NoneType' object is not callable,The statement inside the block is not indented.,Indent the statement inside the if block.,"Type Error, Functions and None"
712,Python,"numbers = [1, 2]
print(numbers + 5)",can only concatenate str,Type Error,Incompatible data types,String and numeric types,Intermediate,Operation should complete successfully,can only concatenate str,Python block statements require a colon at the end.,Add a colon after the for statement.,"Type Error, String and numeric types"
713,Python,"numbers = [1, 2]
print(numbers + 5)",can only concatenate str,Type Error,Incompatible data types,String and numeric types,Beginner,Operation should complete successfully,can only concatenate str,The function call does not provide all required arguments.,Pass all required function arguments.,"Type Error, String and numeric types"
714,Python,"numbers = [1, 2]
print(numbers + 5)",'NoneType' object is not callable,Type Error,Incompatible data types,Functions and None,Intermediate,Operation should complete successfully,'NoneType' object is not callable,The statement inside the block is not indented.,Indent the statement inside the if block.,"Type Error, Functions and None"
715,Python,"total = 10
for x in total:
    print(x)",'NoneType' object is not callable,Type Error,Incompatible data types,Functions and None,Beginner,Operation should complete successfully,'NoneType' object is not callable,The condition produces an incorrect result for the intended logic.,Review the condition so it matches the intended requirement.,"Type Error, Functions and None"
716,Python,"x = 10
print(x.lower())",'NoneType' object is not callable,Type Error,Incompatible data types,Functions and None,Beginner,Operation should complete successfully,'NoneType' object is not callable,Python block statements require a colon at the end.,Add a colon after the for statement.,"Type Error, Functions and None"
717,Python,"total = 10
for x in total:
    print(x)",unsupported operand type(s),Type Error,Incompatible data types,Data types and operators,Intermediate,Operation should complete successfully,unsupported operand type(s),The condition produces an incorrect result for the intended logic.,Review the condition so it matches the intended requirement.,"Type Error, Data types and operators"
718,Python,"age = 20
print('Age: ' + age)",can only concatenate str,Type Error,Incompatible data types,String and numeric types,Intermediate,Operation should complete successfully,can only concatenate str,The negative index is outside the valid range.,Use a valid negative index within the list length.,"Type Error, String and numeric types"
719,Python,"x = 10
print(x.lower())",'NoneType' object is not callable,Type Error,Incompatible data types,Functions and None,Beginner,Operation should complete successfully,'NoneType' object is not callable,The requested index is outside the list range.,Use an index within the valid range of the list.,"Type Error, Functions and None"
720,Python,"x = 10
print(x.lower())",unsupported operand type(s),Type Error,Incompatible data types,Data types and operators,Beginner,Operation should complete successfully,unsupported operand type(s),Python cannot find the requested module.,Install or import an available module.,"Type Error, Data types and operators"
721,Python,"numbers = [1, 2]
print(numbers + 5)",'int' object is not iterable,Type Error,Incompatible data types,Iteration and data types,Intermediate,Operation should complete successfully,'int' object is not iterable,The requested index is outside the list range.,Use an index within the valid range of the list.,"Type Error, Iteration and data types"
722,Python,"x = 10
print(x.lower())",can only concatenate str,Type Error,Incompatible data types,String and numeric types,Beginner,Operation should complete successfully,can only concatenate str,Python cannot find the requested module.,Install or import an available module.,"Type Error, String and numeric types"
723,Python,"x = 10
print(x.lower())",'NoneType' object is not callable,Type Error,Incompatible data types,Functions and None,Intermediate,Operation should complete successfully,'NoneType' object is not callable,The condition produces an incorrect result for the intended logic.,Review the condition so it matches the intended requirement.,"Type Error, Functions and None"
724,Python,"x = 10
print(x.lower())",'NoneType' object is not callable,Type Error,Incompatible data types,Functions and None,Intermediate,Operation should complete successfully,'NoneType' object is not callable,The negative index is outside the valid range.,Use a valid negative index within the list length.,"Type Error, Functions and None"
725,Python,"age = 20
print('Age: ' + age)",unsupported operand type(s),Type Error,Incompatible data types,Data types and operators,Beginner,Operation should complete successfully,unsupported operand type(s),The statement inside the block is not indented.,Indent the statement inside the if block.,"Type Error, Data types and operators"
726,Python,"total = 10
for x in total:
    print(x)",can only concatenate str,Type Error,Incompatible data types,String and numeric types,Intermediate,Operation should complete successfully,can only concatenate str,The statement inside the block is not indented.,Indent the statement inside the if block.,"Type Error, String and numeric types"
727,Python,"x = 10
print(x.lower())",unsupported operand type(s),Type Error,Incompatible data types,Data types and operators,Beginner,Operation should complete successfully,unsupported operand type(s),The condition produces an incorrect result for the intended logic.,Review the condition so it matches the intended requirement.,"Type Error, Data types and operators"
728,Python,"age = 20
print('Age: ' + age)",'NoneType' object is not callable,Type Error,Incompatible data types,Functions and None,Beginner,Operation should complete successfully,'NoneType' object is not callable,The variable name used in print does not match the declared variable.,Use the exact variable name that was declared.,"Type Error, Functions and None"
729,Python,"total = 10
for x in total:
    print(x)",'int' object is not iterable,Type Error,Incompatible data types,Iteration and data types,Beginner,Operation should complete successfully,'int' object is not iterable,The requested index is outside the list range.,Use an index within the valid range of the list.,"Type Error, Iteration and data types"
730,Python,"x = 10
print(x.lower())",'int' object is not iterable,Type Error,Incompatible data types,Iteration and data types,Intermediate,Operation should complete successfully,'int' object is not iterable,Python cannot find the requested module.,Install or import an available module.,"Type Error, Iteration and data types"
731,Python,"age = 20
print('Age: ' + age)",can only concatenate str,Type Error,Incompatible data types,String and numeric types,Beginner,Operation should complete successfully,can only concatenate str,The statement inside the block is not indented.,Indent the statement inside the if block.,"Type Error, String and numeric types"
732,Python,"x = 10
print(x.lower())",unsupported operand type(s),Type Error,Incompatible data types,Data types and operators,Beginner,Operation should complete successfully,unsupported operand type(s),Python block statements require a colon at the end.,Add a colon after the for statement.,"Type Error, Data types and operators"
733,Python,"numbers = [1, 2]
print(numbers + 5)",unsupported operand type(s),Type Error,Incompatible data types,Data types and operators,Beginner,Operation should complete successfully,unsupported operand type(s),The operation combines values whose data types are not compatible.,Convert the values to compatible data types before applying the operation.,"Type Error, Data types and operators"
734,Python,"total = 10
for x in total:
    print(x)",'int' object is not iterable,Type Error,Incompatible data types,Iteration and data types,Intermediate,Operation should complete successfully,'int' object is not iterable,The function call does not provide all required arguments.,Pass all required function arguments.,"Type Error, Iteration and data types"
735,Python,"x = 10
print(x.lower())",'NoneType' object is not callable,Type Error,Incompatible data types,Functions and None,Beginner,Operation should complete successfully,'NoneType' object is not callable,The statement inside the block is not indented.,Indent the statement inside the if block.,"Type Error, Functions and None"
736,Python,"numbers = [1, 2]
print(numbers + 5)",'NoneType' object is not callable,Type Error,Incompatible data types,Functions and None,Beginner,Operation should complete successfully,'NoneType' object is not callable,The function call does not provide all required arguments.,Pass all required function arguments.,"Type Error, Functions and None"
737,Python,"age = 20
print('Age: ' + age)",'int' object is not iterable,Type Error,Incompatible data types,Iteration and data types,Beginner,Operation should complete successfully,'int' object is not iterable,The code uses a variable that has not been defined.,Check that the variable is defined before use.,"Type Error, Iteration and data types"
738,Python,"total = 10
for x in total:
    print(x)",'int' object is not iterable,Type Error,Incompatible data types,Iteration and data types,Intermediate,Operation should complete successfully,'int' object is not iterable,The variable name used in print does not match the declared variable.,Use the exact variable name that was declared.,"Type Error, Iteration and data types"
739,Python,"total = 10
for x in total:
    print(x)",can only concatenate str,Type Error,Incompatible data types,String and numeric types,Intermediate,Operation should complete successfully,can only concatenate str,The negative index is outside the valid range.,Use a valid negative index within the list length.,"Type Error, String and numeric types"
740,Python,"x = 10
print(x.lower())",can only concatenate str,Type Error,Incompatible data types,String and numeric types,Beginner,Operation should complete successfully,can only concatenate str,The statement inside the block is not indented.,Indent the statement inside the if block.,"Type Error, String and numeric types"
741,Python,"total = 10
for x in total:
    print(x)",can only concatenate str,Type Error,Incompatible data types,String and numeric types,Beginner,Operation should complete successfully,can only concatenate str,Python cannot find the requested module.,Install or import an available module.,"Type Error, String and numeric types"
742,Python,"age = 20
print('Age: ' + age)",'NoneType' object is not callable,Type Error,Incompatible data types,Functions and None,Intermediate,Operation should complete successfully,'NoneType' object is not callable,Python cannot find the requested module.,Install or import an available module.,"Type Error, Functions and None"
743,Python,"x = 10
print(x.lower())",can only concatenate str,Type Error,Incompatible data types,String and numeric types,Beginner,Operation should complete successfully,can only concatenate str,The function call does not provide all required arguments.,Pass all required function arguments.,"Type Error, String and numeric types"
744,Python,"total = 10
for x in total:
    print(x)",unsupported operand type(s),Type Error,Incompatible data types,Data types and operators,Beginner,Operation should complete successfully,unsupported operand type(s),The requested index is outside the list range.,Use an index within the valid range of the list.,"Type Error, Data types and operators"
745,Python,"age = 20
print('Age: ' + age)",unsupported operand type(s),Type Error,Incompatible data types,Data types and operators,Intermediate,Operation should complete successfully,unsupported operand type(s),The condition produces an incorrect result for the intended logic.,Review the condition so it matches the intended requirement.,"Type Error, Data types and operators"
746,Python,"numbers = [1, 2]
print(numbers + 5)",can only concatenate str,Type Error,Incompatible data types,String and numeric types,Beginner,Operation should complete successfully,can only concatenate str,The statement inside the block is not indented.,Indent the statement inside the if block.,"Type Error, String and numeric types"
747,Python,"numbers = [1, 2]
print(numbers + 5)",'NoneType' object is not callable,Type Error,Incompatible data types,Functions and None,Intermediate,Operation should complete successfully,'NoneType' object is not callable,The variable name used in print does not match the declared variable.,Use the exact variable name that was declared.,"Type Error, Functions and None"
748,Python,"numbers = [1, 2]
print(numbers + 5)",'NoneType' object is not callable,Type Error,Incompatible data types,Functions and None,Intermediate,Operation should complete successfully,'NoneType' object is not callable,The negative index is outside the valid range.,Use a valid negative index within the list length.,"Type Error, Functions and None"
749,Python,"x = 10
print(x.lower())",'NoneType' object is not callable,Type Error,Incompatible data types,Functions and None,Intermediate,Operation should complete successfully,'NoneType' object is not callable,The condition produces an incorrect result for the intended logic.,Review the condition so it matches the intended requirement.,"Type Error, Functions and None"
750,Python,"numbers = [1, 2]
print(numbers + 5)",unsupported operand type(s),Type Error,Incompatible data types,Data types and operators,Beginner,Operation should complete successfully,unsupported operand type(s),The statement inside the block is not indented.,Indent the statement inside the if block.,"Type Error, Data types and operators"
751,Python,"data = {'name': 'Ali'}
print(data['age'])",OverflowError,Runtime Error,Error during program execution,Numeric limits,Intermediate,Program should execute without an exception,OverflowError,The operation combines values whose data types are not compatible.,Convert the values to compatible data types before applying the operation.,"Runtime Error, Numeric limits"
752,Python,num = int('abc'),OverflowError,Runtime Error,Error during program execution,Numeric limits,Beginner,Program should execute without an exception,OverflowError,The variable name used in print does not match the declared variable.,Use the exact variable name that was declared.,"Runtime Error, Numeric limits"
753,Python,"data = {'name': 'Ali'}
print(data['age'])",ZeroDivisionError: division by zero,Runtime Error,Error during program execution,Division and exception handling,Beginner,Program should execute without an exception,ZeroDivisionError: division by zero,The requested index is outside the list range.,Use an index within the valid range of the list.,"Runtime Error, Division and exception handling"
754,Python,num = int('abc'),ValueError: invalid literal,Runtime Error,Error during program execution,Type conversion,Intermediate,Program should execute without an exception,ValueError: invalid literal,The statement inside the block is not indented.,Indent the statement inside the if block.,"Runtime Error, Type conversion"
755,Python,"import math
print(math.factorial(100000))",AttributeError,Runtime Error,Error during program execution,Object attributes and methods,Beginner,Program should execute without an exception,AttributeError,Python cannot find the requested module.,Install or import an available module.,"Runtime Error, Object attributes and methods"
756,Python,"text = 'hello'
print(text.uppercase())",OverflowError,Runtime Error,Error during program execution,Numeric limits,Beginner,Program should execute without an exception,OverflowError,Python cannot find the requested module.,Install or import an available module.,"Runtime Error, Numeric limits"
757,Python,num = int('abc'),AttributeError,Runtime Error,Error during program execution,Object attributes and methods,Intermediate,Program should execute without an exception,AttributeError,The negative index is outside the valid range.,Use a valid negative index within the list length.,"Runtime Error, Object attributes and methods"
758,Python,"data = {'name': 'Ali'}
print(data['age'])",ValueError: invalid literal,Runtime Error,Error during program execution,Type conversion,Beginner,Program should execute without an exception,ValueError: invalid literal,The function call does not provide all required arguments.,Pass all required function arguments.,"Runtime Error, Type conversion"
759,Python,"text = 'hello'
print(text.uppercase())",ValueError: invalid literal,Runtime Error,Error during program execution,Type conversion,Intermediate,Program should execute without an exception,ValueError: invalid literal,The statement inside the block is not indented.,Indent the statement inside the if block.,"Runtime Error, Type conversion"
760,Python,"a = 10
b = 0
print(a / b)",ZeroDivisionError: division by zero,Runtime Error,Error during program execution,Division and exception handling,Beginner,Program should execute without an exception,ZeroDivisionError: division by zero,The statement inside the block is not indented.,Indent the statement inside the if block.,"Runtime Error, Division and exception handling"
761,Python,"text = 'hello'
print(text.uppercase())",ValueError: invalid literal,Runtime Error,Error during program execution,Type conversion,Intermediate,Program should execute without an exception,ValueError: invalid literal,The requested index is outside the list range.,Use an index within the valid range of the list.,"Runtime Error, Type conversion"
762,Python,"text = 'hello'
print(text.uppercase())",OverflowError,Runtime Error,Error during program execution,Numeric limits,Intermediate,Program should execute without an exception,OverflowError,The function call does not provide all required arguments.,Pass all required function arguments.,"Runtime Error, Numeric limits"
763,Python,"text = 'hello'
print(text.uppercase())",AttributeError,Runtime Error,Error during program execution,Object attributes and methods,Beginner,Program should execute without an exception,AttributeError,Python cannot find the requested module.,Install or import an available module.,"Runtime Error, Object attributes and methods"
764,Python,"import math
print(math.factorial(100000))",ValueError: invalid literal,Runtime Error,Error during program execution,Type conversion,Beginner,Program should execute without an exception,ValueError: invalid literal,The variable name used in print does not match the declared variable.,Use the exact variable name that was declared.,"Runtime Error, Type conversion"
765,Python,"a = 10
b = 0
print(a / b)",ValueError: invalid literal,Runtime Error,Error during program execution,Type conversion,Beginner,Program should execute without an exception,ValueError: invalid literal,Python block statements require a colon at the end.,Add a colon after the for statement.,"Runtime Error, Type conversion"
766,Python,"data = {'name': 'Ali'}
print(data['age'])",ValueError: invalid literal,Runtime Error,Error during program execution,Type conversion,Beginner,Program should execute without an exception,ValueError: invalid literal,The negative index is outside the valid range.,Use a valid negative index within the list length.,"Runtime Error, Type conversion"
767,Python,"text = 'hello'
print(text.uppercase())",AttributeError,Runtime Error,Error during program execution,Object attributes and methods,Intermediate,Program should execute without an exception,AttributeError,The condition produces an incorrect result for the intended logic.,Review the condition so it matches the intended requirement.,"Runtime Error, Object attributes and methods"
768,Python,"import math
print(math.factorial(100000))",OverflowError,Runtime Error,Error during program execution,Numeric limits,Beginner,Program should execute without an exception,OverflowError,The variable name used in print does not match the declared variable.,Use the exact variable name that was declared.,"Runtime Error, Numeric limits"
769,Python,"data = {'name': 'Ali'}
print(data['age'])",KeyError,Runtime Error,Error during program execution,Dictionary access,Intermediate,Program should execute without an exception,KeyError,The negative index is outside the valid range.,Use a valid negative index within the list length.,"Runtime Error, Dictionary access"
770,Python,"import math
print(math.factorial(100000))",ZeroDivisionError: division by zero,Runtime Error,Error during program execution,Division and exception handling,Beginner,Program should execute without an exception,ZeroDivisionError: division by zero,The function call does not provide all required arguments.,Pass all required function arguments.,"Runtime Error, Division and exception handling"
771,Python,num = int('abc'),AttributeError,Runtime Error,Error during program execution,Object attributes and methods,Beginner,Program should execute without an exception,AttributeError,The variable name used in print does not match the declared variable.,Use the exact variable name that was declared.,"Runtime Error, Object attributes and methods"
772,Python,"data = {'name': 'Ali'}
print(data['age'])",ZeroDivisionError: division by zero,Runtime Error,Error during program execution,Division and exception handling,Beginner,Program should execute without an exception,ZeroDivisionError: division by zero,The function call does not provide all required arguments.,Pass all required function arguments.,"Runtime Error, Division and exception handling"
773,Python,"a = 10
b = 0
print(a / b)",ZeroDivisionError: division by zero,Runtime Error,Error during program execution,Division and exception handling,Beginner,Program should execute without an exception,ZeroDivisionError: division by zero,The function call does not provide all required arguments.,Pass all required function arguments.,"Runtime Error, Division and exception handling"
774,Python,"data = {'name': 'Ali'}
print(data['age'])",ValueError: invalid literal,Runtime Error,Error during program execution,Type conversion,Intermediate,Program should execute without an exception,ValueError: invalid literal,The condition produces an incorrect result for the intended logic.,Review the condition so it matches the intended requirement.,"Runtime Error, Type conversion"
775,Python,num = int('abc'),OverflowError,Runtime Error,Error during program execution,Numeric limits,Intermediate,Program should execute without an exception,OverflowError,Python cannot find the requested module.,Install or import an available module.,"Runtime Error, Numeric limits"
776,Python,num = int('abc'),ValueError: invalid literal,Runtime Error,Error during program execution,Type conversion,Beginner,Program should execute without an exception,ValueError: invalid literal,The requested index is outside the list range.,Use an index within the valid range of the list.,"Runtime Error, Type conversion"
777,Python,"import math
print(math.factorial(100000))",OverflowError,Runtime Error,Error during program execution,Numeric limits,Beginner,Program should execute without an exception,OverflowError,The statement inside the block is not indented.,Indent the statement inside the if block.,"Runtime Error, Numeric limits"
778,Python,num = int('abc'),OverflowError,Runtime Error,Error during program execution,Numeric limits,Beginner,Program should execute without an exception,OverflowError,The negative index is outside the valid range.,Use a valid negative index within the list length.,"Runtime Error, Numeric limits"
779,Python,"import math
print(math.factorial(100000))",KeyError,Runtime Error,Error during program execution,Dictionary access,Beginner,Program should execute without an exception,KeyError,Python block statements require a colon at the end.,Add a colon after the for statement.,"Runtime Error, Dictionary access"
780,Python,num = int('abc'),OverflowError,Runtime Error,Error during program execution,Numeric limits,Beginner,Program should execute without an exception,OverflowError,The variable name used in print does not match the declared variable.,Use the exact variable name that was declared.,"Runtime Error, Numeric limits"
781,Python,num = int('abc'),ZeroDivisionError: division by zero,Runtime Error,Error during program execution,Division and exception handling,Intermediate,Program should execute without an exception,ZeroDivisionError: division by zero,Python block statements require a colon at the end.,Add a colon after the for statement.,"Runtime Error, Division and exception handling"
782,Python,num = int('abc'),ValueError: invalid literal,Runtime Error,Error during program execution,Type conversion,Intermediate,Program should execute without an exception,ValueError: invalid literal,The requested index is outside the list range.,Use an index within the valid range of the list.,"Runtime Error, Type conversion"
783,Python,"text = 'hello'
print(text.uppercase())",KeyError,Runtime Error,Error during program execution,Dictionary access,Beginner,Program should execute without an exception,KeyError,The requested index is outside the list range.,Use an index within the valid range of the list.,"Runtime Error, Dictionary access"
784,Python,"data = {'name': 'Ali'}
print(data['age'])",ValueError: invalid literal,Runtime Error,Error during program execution,Type conversion,Intermediate,Program should execute without an exception,ValueError: invalid literal,The condition produces an incorrect result for the intended logic.,Review the condition so it matches the intended requirement.,"Runtime Error, Type conversion"
785,Python,"text = 'hello'
print(text.uppercase())",AttributeError,Runtime Error,Error during program execution,Object attributes and methods,Beginner,Program should execute without an exception,AttributeError,Python cannot find the requested module.,Install or import an available module.,"Runtime Error, Object attributes and methods"
786,Python,"import math
print(math.factorial(100000))",ZeroDivisionError: division by zero,Runtime Error,Error during program execution,Division and exception handling,Intermediate,Program should execute without an exception,ZeroDivisionError: division by zero,Python cannot find the requested module.,Install or import an available module.,"Runtime Error, Division and exception handling"
787,Python,"text = 'hello'
print(text.uppercase())",KeyError,Runtime Error,Error during program execution,Dictionary access,Beginner,Program should execute without an exception,KeyError,The statement inside the block is not indented.,Indent the statement inside the if block.,"Runtime Error, Dictionary access"
788,Python,"a = 10
b = 0
print(a / b)",KeyError,Runtime Error,Error during program execution,Dictionary access,Intermediate,Program should execute without an exception,KeyError,The condition produces an incorrect result for the intended logic.,Review the condition so it matches the intended requirement.,"Runtime Error, Dictionary access"
789,Python,"data = {'name': 'Ali'}
print(data['age'])",ZeroDivisionError: division by zero,Runtime Error,Error during program execution,Division and exception handling,Beginner,Program should execute without an exception,ZeroDivisionError: division by zero,The function call does not provide all required arguments.,Pass all required function arguments.,"Runtime Error, Division and exception handling"
790,Python,num = int('abc'),OverflowError,Runtime Error,Error during program execution,Numeric limits,Beginner,Program should execute without an exception,OverflowError,Python cannot find the requested module.,Install or import an available module.,"Runtime Error, Numeric limits"
791,Python,"data = {'name': 'Ali'}
print(data['age'])",ValueError: invalid literal,Runtime Error,Error during program execution,Type conversion,Beginner,Program should execute without an exception,ValueError: invalid literal,The function call does not provide all required arguments.,Pass all required function arguments.,"Runtime Error, Type conversion"
792,Python,"import math
print(math.factorial(100000))",KeyError,Runtime Error,Error during program execution,Dictionary access,Intermediate,Program should execute without an exception,KeyError,The statement inside the block is not indented.,Indent the statement inside the if block.,"Runtime Error, Dictionary access"
793,Python,"text = 'hello'
print(text.uppercase())",ValueError: invalid literal,Runtime Error,Error during program execution,Type conversion,Beginner,Program should execute without an exception,ValueError: invalid literal,The condition produces an incorrect result for the intended logic.,Review the condition so it matches the intended requirement.,"Runtime Error, Type conversion"
794,Python,"a = 10
b = 0
print(a / b)",ZeroDivisionError: division by zero,Runtime Error,Error during program execution,Division and exception handling,Intermediate,Program should execute without an exception,ZeroDivisionError: division by zero,The code uses a variable that has not been defined.,Check that the variable is defined before use.,"Runtime Error, Division and exception handling"
795,Python,"a = 10
b = 0
print(a / b)",AttributeError,Runtime Error,Error during program execution,Object attributes and methods,Beginner,Program should execute without an exception,AttributeError,The code uses a variable that has not been defined.,Check that the variable is defined before use.,"Runtime Error, Object attributes and methods"
796,Python,"a = 10
b = 0
print(a / b)",AttributeError,Runtime Error,Error during program execution,Object attributes and methods,Beginner,Program should execute without an exception,AttributeError,The function call does not provide all required arguments.,Pass all required function arguments.,"Runtime Error, Object attributes and methods"
797,Python,"data = {'name': 'Ali'}
print(data['age'])",ValueError: invalid literal,Runtime Error,Error during program execution,Type conversion,Beginner,Program should execute without an exception,ValueError: invalid literal,The operation combines values whose data types are not compatible.,Convert the values to compatible data types before applying the operation.,"Runtime Error, Type conversion"
798,Python,"data = {'name': 'Ali'}
print(data['age'])",KeyError,Runtime Error,Error during program execution,Dictionary access,Beginner,Program should execute without an exception,KeyError,The variable name used in print does not match the declared variable.,Use the exact variable name that was declared.,"Runtime Error, Dictionary access"
799,Python,num = int('abc'),ZeroDivisionError: division by zero,Runtime Error,Error during program execution,Division and exception handling,Beginner,Program should execute without an exception,ZeroDivisionError: division by zero,The statement inside the block is not indented.,Indent the statement inside the if block.,"Runtime Error, Division and exception handling"
800,Python,num = int('abc'),AttributeError,Runtime Error,Error during program execution,Object attributes and methods,Beginner,Program should execute without an exception,AttributeError,Python block statements require a colon at the end.,Add a colon after the for statement.,"Runtime Error, Object attributes and methods"
801,Python,"a = 10
b = 0
print(a / b)",ZeroDivisionError: division by zero,Runtime Error,Error during program execution,Division and exception handling,Beginner,Program should execute without an exception,ZeroDivisionError: division by zero,The variable name used in print does not match the declared variable.,Use the exact variable name that was declared.,"Runtime Error, Division and exception handling"
802,Python,num = int('abc'),AttributeError,Runtime Error,Error during program execution,Object attributes and methods,Intermediate,Program should execute without an exception,AttributeError,The variable name used in print does not match the declared variable.,Use the exact variable name that was declared.,"Runtime Error, Object attributes and methods"
803,Python,"text = 'hello'
print(text.uppercase())",ValueError: invalid literal,Runtime Error,Error during program execution,Type conversion,Beginner,Program should execute without an exception,ValueError: invalid literal,The negative index is outside the valid range.,Use a valid negative index within the list length.,"Runtime Error, Type conversion"
804,Python,"a = 10
b = 0
print(a / b)",ZeroDivisionError: division by zero,Runtime Error,Error during program execution,Division and exception handling,Beginner,Program should execute without an exception,ZeroDivisionError: division by zero,The statement inside the block is not indented.,Indent the statement inside the if block.,"Runtime Error, Division and exception handling"
805,Python,"a = 10
b = 0
print(a / b)",ValueError: invalid literal,Runtime Error,Error during program execution,Type conversion,Beginner,Program should execute without an exception,ValueError: invalid literal,The function call does not provide all required arguments.,Pass all required function arguments.,"Runtime Error, Type conversion"
806,Python,"a = 10
b = 0
print(a / b)",AttributeError,Runtime Error,Error during program execution,Object attributes and methods,Beginner,Program should execute without an exception,AttributeError,The variable name used in print does not match the declared variable.,Use the exact variable name that was declared.,"Runtime Error, Object attributes and methods"
807,Python,"data = {'name': 'Ali'}
print(data['age'])",KeyError,Runtime Error,Error during program execution,Dictionary access,Beginner,Program should execute without an exception,KeyError,The statement inside the block is not indented.,Indent the statement inside the if block.,"Runtime Error, Dictionary access"
808,Python,num = int('abc'),AttributeError,Runtime Error,Error during program execution,Object attributes and methods,Beginner,Program should execute without an exception,AttributeError,The operation combines values whose data types are not compatible.,Convert the values to compatible data types before applying the operation.,"Runtime Error, Object attributes and methods"
809,Python,"a = 10
b = 0
print(a / b)",OverflowError,Runtime Error,Error during program execution,Numeric limits,Intermediate,Program should execute without an exception,OverflowError,The condition produces an incorrect result for the intended logic.,Review the condition so it matches the intended requirement.,"Runtime Error, Numeric limits"
810,Python,"data = {'name': 'Ali'}
print(data['age'])",ValueError: invalid literal,Runtime Error,Error during program execution,Type conversion,Intermediate,Program should execute without an exception,ValueError: invalid literal,The function call does not provide all required arguments.,Pass all required function arguments.,"Runtime Error, Type conversion"
811,Python,"text = 'hello'
print(text.uppercase())",ValueError: invalid literal,Runtime Error,Error during program execution,Type conversion,Intermediate,Program should execute without an exception,ValueError: invalid literal,The operation combines values whose data types are not compatible.,Convert the values to compatible data types before applying the operation.,"Runtime Error, Type conversion"
812,Python,"a = 10
b = 0
print(a / b)",AttributeError,Runtime Error,Error during program execution,Object attributes and methods,Beginner,Program should execute without an exception,AttributeError,The requested index is outside the list range.,Use an index within the valid range of the list.,"Runtime Error, Object attributes and methods"
813,Python,"import math
print(math.factorial(100000))",ValueError: invalid literal,Runtime Error,Error during program execution,Type conversion,Intermediate,Program should execute without an exception,ValueError: invalid literal,The variable name used in print does not match the declared variable.,Use the exact variable name that was declared.,"Runtime Error, Type conversion"
814,Python,"text = 'hello'
print(text.uppercase())",AttributeError,Runtime Error,Error during program execution,Object attributes and methods,Beginner,Program should execute without an exception,AttributeError,The statement inside the block is not indented.,Indent the statement inside the if block.,"Runtime Error, Object attributes and methods"
815,Python,"data = {'name': 'Ali'}
print(data['age'])",ValueError: invalid literal,Runtime Error,Error during program execution,Type conversion,Intermediate,Program should execute without an exception,ValueError: invalid literal,The requested index is outside the list range.,Use an index within the valid range of the list.,"Runtime Error, Type conversion"
816,Python,"import math
print(math.factorial(100000))",ZeroDivisionError: division by zero,Runtime Error,Error during program execution,Division and exception handling,Intermediate,Program should execute without an exception,ZeroDivisionError: division by zero,The requested index is outside the list range.,Use an index within the valid range of the list.,"Runtime Error, Division and exception handling"
817,Python,"data = {'name': 'Ali'}
print(data['age'])",OverflowError,Runtime Error,Error during program execution,Numeric limits,Intermediate,Program should execute without an exception,OverflowError,The condition produces an incorrect result for the intended logic.,Review the condition so it matches the intended requirement.,"Runtime Error, Numeric limits"
818,Python,num = int('abc'),ZeroDivisionError: division by zero,Runtime Error,Error during program execution,Division and exception handling,Intermediate,Program should execute without an exception,ZeroDivisionError: division by zero,Python block statements require a colon at the end.,Add a colon after the for statement.,"Runtime Error, Division and exception handling"
819,Python,num = int('abc'),OverflowError,Runtime Error,Error during program execution,Numeric limits,Intermediate,Program should execute without an exception,OverflowError,The negative index is outside the valid range.,Use a valid negative index within the list length.,"Runtime Error, Numeric limits"
820,Python,"a = 10
b = 0
print(a / b)",AttributeError,Runtime Error,Error during program execution,Object attributes and methods,Beginner,Program should execute without an exception,AttributeError,Python block statements require a colon at the end.,Add a colon after the for statement.,"Runtime Error, Object attributes and methods"
821,Python,"a = 10
b = 0
print(a / b)",AttributeError,Runtime Error,Error during program execution,Object attributes and methods,Beginner,Program should execute without an exception,AttributeError,Python cannot find the requested module.,Install or import an available module.,"Runtime Error, Object attributes and methods"
822,Python,"a = 10
b = 0
print(a / b)",AttributeError,Runtime Error,Error during program execution,Object attributes and methods,Intermediate,Program should execute without an exception,AttributeError,The condition produces an incorrect result for the intended logic.,Review the condition so it matches the intended requirement.,"Runtime Error, Object attributes and methods"
823,Python,"data = {'name': 'Ali'}
print(data['age'])",ZeroDivisionError: division by zero,Runtime Error,Error during program execution,Division and exception handling,Beginner,Program should execute without an exception,ZeroDivisionError: division by zero,The statement inside the block is not indented.,Indent the statement inside the if block.,"Runtime Error, Division and exception handling"
824,Python,"text = 'hello'
print(text.uppercase())",AttributeError,Runtime Error,Error during program execution,Object attributes and methods,Beginner,Program should execute without an exception,AttributeError,The condition produces an incorrect result for the intended logic.,Review the condition so it matches the intended requirement.,"Runtime Error, Object attributes and methods"
825,Python,"text = 'hello'
print(text.uppercase())",OverflowError,Runtime Error,Error during program execution,Numeric limits,Beginner,Program should execute without an exception,OverflowError,The operation combines values whose data types are not compatible.,Convert the values to compatible data types before applying the operation.,"Runtime Error, Numeric limits"
826,Python,"a = 10
b = 0
print(a / b)",ZeroDivisionError: division by zero,Runtime Error,Error during program execution,Division and exception handling,Beginner,Program should execute without an exception,ZeroDivisionError: division by zero,The condition produces an incorrect result for the intended logic.,Review the condition so it matches the intended requirement.,"Runtime Error, Division and exception handling"
827,Python,"a = 10
b = 0
print(a / b)",KeyError,Runtime Error,Error during program execution,Dictionary access,Beginner,Program should execute without an exception,KeyError,The requested index is outside the list range.,Use an index within the valid range of the list.,"Runtime Error, Dictionary access"
828,Python,"data = {'name': 'Ali'}
print(data['age'])",AttributeError,Runtime Error,Error during program execution,Object attributes and methods,Intermediate,Program should execute without an exception,AttributeError,The negative index is outside the valid range.,Use a valid negative index within the list length.,"Runtime Error, Object attributes and methods"
829,Python,"text = 'hello'
print(text.uppercase())",OverflowError,Runtime Error,Error during program execution,Numeric limits,Intermediate,Program should execute without an exception,OverflowError,Python cannot find the requested module.,Install or import an available module.,"Runtime Error, Numeric limits"
830,Python,"import math
print(math.factorial(100000))",AttributeError,Runtime Error,Error during program execution,Object attributes and methods,Intermediate,Program should execute without an exception,AttributeError,The variable name used in print does not match the declared variable.,Use the exact variable name that was declared.,"Runtime Error, Object attributes and methods"
831,Python,"data = {'name': 'Ali'}
print(data['age'])",OverflowError,Runtime Error,Error during program execution,Numeric limits,Beginner,Program should execute without an exception,OverflowError,The operation combines values whose data types are not compatible.,Convert the values to compatible data types before applying the operation.,"Runtime Error, Numeric limits"
832,Python,"import math
print(math.factorial(100000))",KeyError,Runtime Error,Error during program execution,Dictionary access,Beginner,Program should execute without an exception,KeyError,The variable name used in print does not match the declared variable.,Use the exact variable name that was declared.,"Runtime Error, Dictionary access"
833,Python,"data = {'name': 'Ali'}
print(data['age'])",ValueError: invalid literal,Runtime Error,Error during program execution,Type conversion,Beginner,Program should execute without an exception,ValueError: invalid literal,The negative index is outside the valid range.,Use a valid negative index within the list length.,"Runtime Error, Type conversion"
834,Python,"data = {'name': 'Ali'}
print(data['age'])",OverflowError,Runtime Error,Error during program execution,Numeric limits,Intermediate,Program should execute without an exception,OverflowError,The variable name used in print does not match the declared variable.,Use the exact variable name that was declared.,"Runtime Error, Numeric limits"
835,Python,"a = 10
b = 0
print(a / b)",AttributeError,Runtime Error,Error during program execution,Object attributes and methods,Beginner,Program should execute without an exception,AttributeError,The requested index is outside the list range.,Use an index within the valid range of the list.,"Runtime Error, Object attributes and methods"
836,Python,"a = 10
b = 0
print(a / b)",ZeroDivisionError: division by zero,Runtime Error,Error during program execution,Division and exception handling,Beginner,Program should execute without an exception,ZeroDivisionError: division by zero,Python cannot find the requested module.,Install or import an available module.,"Runtime Error, Division and exception handling"
837,Python,"a = 10
b = 0
print(a / b)",OverflowError,Runtime Error,Error during program execution,Numeric limits,Beginner,Program should execute without an exception,OverflowError,The condition produces an incorrect result for the intended logic.,Review the condition so it matches the intended requirement.,"Runtime Error, Numeric limits"
838,Python,"a = 10
b = 0
print(a / b)",ValueError: invalid literal,Runtime Error,Error during program execution,Type conversion,Intermediate,Program should execute without an exception,ValueError: invalid literal,The variable name used in print does not match the declared variable.,Use the exact variable name that was declared.,"Runtime Error, Type conversion"
839,Python,num = int('abc'),ValueError: invalid literal,Runtime Error,Error during program execution,Type conversion,Beginner,Program should execute without an exception,ValueError: invalid literal,The code uses a variable that has not been defined.,Check that the variable is defined before use.,"Runtime Error, Type conversion"
840,Python,"import math
print(math.factorial(100000))",KeyError,Runtime Error,Error during program execution,Dictionary access,Intermediate,Program should execute without an exception,KeyError,The negative index is outside the valid range.,Use a valid negative index within the list length.,"Runtime Error, Dictionary access"
841,Python,"data = {'name': 'Ali'}
print(data['age'])",KeyError,Runtime Error,Error during program execution,Dictionary access,Beginner,Program should execute without an exception,KeyError,The operation combines values whose data types are not compatible.,Convert the values to compatible data types before applying the operation.,"Runtime Error, Dictionary access"
842,Python,"a = 10
b = 0
print(a / b)",KeyError,Runtime Error,Error during program execution,Dictionary access,Beginner,Program should execute without an exception,KeyError,The variable name used in print does not match the declared variable.,Use the exact variable name that was declared.,"Runtime Error, Dictionary access"
843,Python,"import math
print(math.factorial(100000))",AttributeError,Runtime Error,Error during program execution,Object attributes and methods,Beginner,Program should execute without an exception,AttributeError,Python block statements require a colon at the end.,Add a colon after the for statement.,"Runtime Error, Object attributes and methods"
844,Python,"a = 10
b = 0
print(a / b)",KeyError,Runtime Error,Error during program execution,Dictionary access,Beginner,Program should execute without an exception,KeyError,The condition produces an incorrect result for the intended logic.,Review the condition so it matches the intended requirement.,"Runtime Error, Dictionary access"
845,Python,"data = {'name': 'Ali'}
print(data['age'])",AttributeError,Runtime Error,Error during program execution,Object attributes and methods,Beginner,Program should execute without an exception,AttributeError,The negative index is outside the valid range.,Use a valid negative index within the list length.,"Runtime Error, Object attributes and methods"
846,Python,num = int('abc'),AttributeError,Runtime Error,Error during program execution,Object attributes and methods,Beginner,Program should execute without an exception,AttributeError,The condition produces an incorrect result for the intended logic.,Review the condition so it matches the intended requirement.,"Runtime Error, Object attributes and methods"
847,Python,"a = 10
b = 0
print(a / b)",ValueError: invalid literal,Runtime Error,Error during program execution,Type conversion,Intermediate,Program should execute without an exception,ValueError: invalid literal,Python block statements require a colon at the end.,Add a colon after the for statement.,"Runtime Error, Type conversion"
848,Python,"import math
print(math.factorial(100000))",ZeroDivisionError: division by zero,Runtime Error,Error during program execution,Division and exception handling,Beginner,Program should execute without an exception,ZeroDivisionError: division by zero,The requested index is outside the list range.,Use an index within the valid range of the list.,"Runtime Error, Division and exception handling"
849,Python,num = int('abc'),ZeroDivisionError: division by zero,Runtime Error,Error during program execution,Division and exception handling,Beginner,Program should execute without an exception,ZeroDivisionError: division by zero,The code uses a variable that has not been defined.,Check that the variable is defined before use.,"Runtime Error, Division and exception handling"
850,Python,"text = 'hello'
print(text.uppercase())",AttributeError,Runtime Error,Error during program execution,Object attributes and methods,Beginner,Program should execute without an exception,AttributeError,The statement inside the block is not indented.,Indent the statement inside the if block.,"Runtime Error, Object attributes and methods"
851,Python,"import math
print(math.factorial(100000))",ValueError: invalid literal,Runtime Error,Error during program execution,Type conversion,Intermediate,Program should execute without an exception,ValueError: invalid literal,The code uses a variable that has not been defined.,Check that the variable is defined before use.,"Runtime Error, Type conversion"
852,Python,"data = {'name': 'Ali'}
print(data['age'])",AttributeError,Runtime Error,Error during program execution,Object attributes and methods,Beginner,Program should execute without an exception,AttributeError,The requested index is outside the list range.,Use an index within the valid range of the list.,"Runtime Error, Object attributes and methods"
853,Python,"data = {'name': 'Ali'}
print(data['age'])",AttributeError,Runtime Error,Error during program execution,Object attributes and methods,Beginner,Program should execute without an exception,AttributeError,The statement inside the block is not indented.,Indent the statement inside the if block.,"Runtime Error, Object attributes and methods"
854,Python,"a = 10
b = 0
print(a / b)",OverflowError,Runtime Error,Error during program execution,Numeric limits,Intermediate,Program should execute without an exception,OverflowError,The statement inside the block is not indented.,Indent the statement inside the if block.,"Runtime Error, Numeric limits"
855,Python,num = int('abc'),ZeroDivisionError: division by zero,Runtime Error,Error during program execution,Division and exception handling,Intermediate,Program should execute without an exception,ZeroDivisionError: division by zero,The operation combines values whose data types are not compatible.,Convert the values to compatible data types before applying the operation.,"Runtime Error, Division and exception handling"
856,Python,"a = 10
b = 0
print(a / b)",ZeroDivisionError: division by zero,Runtime Error,Error during program execution,Division and exception handling,Beginner,Program should execute without an exception,ZeroDivisionError: division by zero,Python cannot find the requested module.,Install or import an available module.,"Runtime Error, Division and exception handling"
857,Python,"data = {'name': 'Ali'}
print(data['age'])",KeyError,Runtime Error,Error during program execution,Dictionary access,Beginner,Program should execute without an exception,KeyError,Python block statements require a colon at the end.,Add a colon after the for statement.,"Runtime Error, Dictionary access"
858,Python,"a = 10
b = 0
print(a / b)",OverflowError,Runtime Error,Error during program execution,Numeric limits,Beginner,Program should execute without an exception,OverflowError,The function call does not provide all required arguments.,Pass all required function arguments.,"Runtime Error, Numeric limits"
859,Python,"import math
print(math.factorial(100000))",ValueError: invalid literal,Runtime Error,Error during program execution,Type conversion,Beginner,Program should execute without an exception,ValueError: invalid literal,Python block statements require a colon at the end.,Add a colon after the for statement.,"Runtime Error, Type conversion"
860,Python,"text = 'hello'
print(text.uppercase())",OverflowError,Runtime Error,Error during program execution,Numeric limits,Beginner,Program should execute without an exception,OverflowError,The requested index is outside the list range.,Use an index within the valid range of the list.,"Runtime Error, Numeric limits"
861,Python,num = int('abc'),OverflowError,Runtime Error,Error during program execution,Numeric limits,Intermediate,Program should execute without an exception,OverflowError,The function call does not provide all required arguments.,Pass all required function arguments.,"Runtime Error, Numeric limits"
862,Python,num = int('abc'),OverflowError,Runtime Error,Error during program execution,Numeric limits,Beginner,Program should execute without an exception,OverflowError,The requested index is outside the list range.,Use an index within the valid range of the list.,"Runtime Error, Numeric limits"
863,Python,num = int('abc'),AttributeError,Runtime Error,Error during program execution,Object attributes and methods,Intermediate,Program should execute without an exception,AttributeError,The code uses a variable that has not been defined.,Check that the variable is defined before use.,"Runtime Error, Object attributes and methods"
864,Python,"data = {'name': 'Ali'}
print(data['age'])",KeyError,Runtime Error,Error during program execution,Dictionary access,Beginner,Program should execute without an exception,KeyError,The code uses a variable that has not been defined.,Check that the variable is defined before use.,"Runtime Error, Dictionary access"
865,Python,"a = 10
b = 0
print(a / b)",AttributeError,Runtime Error,Error during program execution,Object attributes and methods,Beginner,Program should execute without an exception,AttributeError,Python block statements require a colon at the end.,Add a colon after the for statement.,"Runtime Error, Object attributes and methods"
866,Python,"text = 'hello'
print(text.uppercase())",OverflowError,Runtime Error,Error during program execution,Numeric limits,Beginner,Program should execute without an exception,OverflowError,The requested index is outside the list range.,Use an index within the valid range of the list.,"Runtime Error, Numeric limits"
867,Python,"data = {'name': 'Ali'}
print(data['age'])",ZeroDivisionError: division by zero,Runtime Error,Error during program execution,Division and exception handling,Beginner,Program should execute without an exception,ZeroDivisionError: division by zero,The operation combines values whose data types are not compatible.,Convert the values to compatible data types before applying the operation.,"Runtime Error, Division and exception handling"
868,Python,"import math
print(math.factorial(100000))",ZeroDivisionError: division by zero,Runtime Error,Error during program execution,Division and exception handling,Beginner,Program should execute without an exception,ZeroDivisionError: division by zero,The requested index is outside the list range.,Use an index within the valid range of the list.,"Runtime Error, Division and exception handling"
869,Python,"a = 10
b = 0
print(a / b)",KeyError,Runtime Error,Error during program execution,Dictionary access,Intermediate,Program should execute without an exception,KeyError,The function call does not provide all required arguments.,Pass all required function arguments.,"Runtime Error, Dictionary access"
870,Python,num = int('abc'),ZeroDivisionError: division by zero,Runtime Error,Error during program execution,Division and exception handling,Intermediate,Program should execute without an exception,ZeroDivisionError: division by zero,The negative index is outside the valid range.,Use a valid negative index within the list length.,"Runtime Error, Division and exception handling"
871,Python,"import math
print(math.factorial(100000))",AttributeError,Runtime Error,Error during program execution,Object attributes and methods,Intermediate,Program should execute without an exception,AttributeError,The variable name used in print does not match the declared variable.,Use the exact variable name that was declared.,"Runtime Error, Object attributes and methods"
872,Python,num = int('abc'),ZeroDivisionError: division by zero,Runtime Error,Error during program execution,Division and exception handling,Beginner,Program should execute without an exception,ZeroDivisionError: division by zero,Python cannot find the requested module.,Install or import an available module.,"Runtime Error, Division and exception handling"
873,Python,"data = {'name': 'Ali'}
print(data['age'])",KeyError,Runtime Error,Error during program execution,Dictionary access,Beginner,Program should execute without an exception,KeyError,Python block statements require a colon at the end.,Add a colon after the for statement.,"Runtime Error, Dictionary access"
874,Python,"text = 'hello'
print(text.uppercase())",KeyError,Runtime Error,Error during program execution,Dictionary access,Beginner,Program should execute without an exception,KeyError,The statement inside the block is not indented.,Indent the statement inside the if block.,"Runtime Error, Dictionary access"
875,Python,num = int('abc'),ValueError: invalid literal,Runtime Error,Error during program execution,Type conversion,Beginner,Program should execute without an exception,ValueError: invalid literal,The variable name used in print does not match the declared variable.,Use the exact variable name that was declared.,"Runtime Error, Type conversion"
876,Python,num = int('abc'),OverflowError,Runtime Error,Error during program execution,Numeric limits,Beginner,Program should execute without an exception,OverflowError,The variable name used in print does not match the declared variable.,Use the exact variable name that was declared.,"Runtime Error, Numeric limits"
877,Python,"text = 'hello'
print(text.uppercase())",ValueError: invalid literal,Runtime Error,Error during program execution,Type conversion,Beginner,Program should execute without an exception,ValueError: invalid literal,The function call does not provide all required arguments.,Pass all required function arguments.,"Runtime Error, Type conversion"
878,Python,"import math
print(math.factorial(100000))",AttributeError,Runtime Error,Error during program execution,Object attributes and methods,Beginner,Program should execute without an exception,AttributeError,The variable name used in print does not match the declared variable.,Use the exact variable name that was declared.,"Runtime Error, Object attributes and methods"
879,Python,"data = {'name': 'Ali'}
print(data['age'])",ValueError: invalid literal,Runtime Error,Error during program execution,Type conversion,Beginner,Program should execute without an exception,ValueError: invalid literal,The function call does not provide all required arguments.,Pass all required function arguments.,"Runtime Error, Type conversion"
880,Python,"a = 10
b = 0
print(a / b)",KeyError,Runtime Error,Error during program execution,Dictionary access,Beginner,Program should execute without an exception,KeyError,The variable name used in print does not match the declared variable.,Use the exact variable name that was declared.,"Runtime Error, Dictionary access"
881,Python,"a = 10
b = 0
print(a / b)",KeyError,Runtime Error,Error during program execution,Dictionary access,Beginner,Program should execute without an exception,KeyError,The condition produces an incorrect result for the intended logic.,Review the condition so it matches the intended requirement.,"Runtime Error, Dictionary access"
882,Python,"a = 10
b = 0
print(a / b)",KeyError,Runtime Error,Error during program execution,Dictionary access,Intermediate,Program should execute without an exception,KeyError,The operation combines values whose data types are not compatible.,Convert the values to compatible data types before applying the operation.,"Runtime Error, Dictionary access"
883,Python,"text = 'hello'
print(text.uppercase())",ValueError: invalid literal,Runtime Error,Error during program execution,Type conversion,Intermediate,Program should execute without an exception,ValueError: invalid literal,The statement inside the block is not indented.,Indent the statement inside the if block.,"Runtime Error, Type conversion"
884,Python,"data = {'name': 'Ali'}
print(data['age'])",ZeroDivisionError: division by zero,Runtime Error,Error during program execution,Division and exception handling,Beginner,Program should execute without an exception,ZeroDivisionError: division by zero,Python block statements require a colon at the end.,Add a colon after the for statement.,"Runtime Error, Division and exception handling"
885,Python,"text = 'hello'
print(text.uppercase())",ZeroDivisionError: division by zero,Runtime Error,Error during program execution,Division and exception handling,Intermediate,Program should execute without an exception,ZeroDivisionError: division by zero,Python cannot find the requested module.,Install or import an available module.,"Runtime Error, Division and exception handling"
886,Python,"a = 10
b = 0
print(a / b)",OverflowError,Runtime Error,Error during program execution,Numeric limits,Beginner,Program should execute without an exception,OverflowError,The requested index is outside the list range.,Use an index within the valid range of the list.,"Runtime Error, Numeric limits"
887,Python,"a = 10
b = 0
print(a / b)",ZeroDivisionError: division by zero,Runtime Error,Error during program execution,Division and exception handling,Beginner,Program should execute without an exception,ZeroDivisionError: division by zero,The operation combines values whose data types are not compatible.,Convert the values to compatible data types before applying the operation.,"Runtime Error, Division and exception handling"
888,Python,num = int('abc'),ZeroDivisionError: division by zero,Runtime Error,Error during program execution,Division and exception handling,Beginner,Program should execute without an exception,ZeroDivisionError: division by zero,The requested index is outside the list range.,Use an index within the valid range of the list.,"Runtime Error, Division and exception handling"
889,Python,"a = 10
b = 0
print(a / b)",AttributeError,Runtime Error,Error during program execution,Object attributes and methods,Intermediate,Program should execute without an exception,AttributeError,The statement inside the block is not indented.,Indent the statement inside the if block.,"Runtime Error, Object attributes and methods"
890,Python,"a = 10
b = 0
print(a / b)",OverflowError,Runtime Error,Error during program execution,Numeric limits,Beginner,Program should execute without an exception,OverflowError,Python block statements require a colon at the end.,Add a colon after the for statement.,"Runtime Error, Numeric limits"
891,Python,"text = 'hello'
print(text.uppercase())",ZeroDivisionError: division by zero,Runtime Error,Error during program execution,Division and exception handling,Beginner,Program should execute without an exception,ZeroDivisionError: division by zero,The requested index is outside the list range.,Use an index within the valid range of the list.,"Runtime Error, Division and exception handling"
892,Python,"a = 10
b = 0
print(a / b)",ZeroDivisionError: division by zero,Runtime Error,Error during program execution,Division and exception handling,Beginner,Program should execute without an exception,ZeroDivisionError: division by zero,The statement inside the block is not indented.,Indent the statement inside the if block.,"Runtime Error, Division and exception handling"
893,Python,num = int('abc'),AttributeError,Runtime Error,Error during program execution,Object attributes and methods,Intermediate,Program should execute without an exception,AttributeError,The code uses a variable that has not been defined.,Check that the variable is defined before use.,"Runtime Error, Object attributes and methods"
894,Python,"text = 'hello'
print(text.uppercase())",AttributeError,Runtime Error,Error during program execution,Object attributes and methods,Beginner,Program should execute without an exception,AttributeError,Python cannot find the requested module.,Install or import an available module.,"Runtime Error, Object attributes and methods"
895,Python,num = int('abc'),AttributeError,Runtime Error,Error during program execution,Object attributes and methods,Beginner,Program should execute without an exception,AttributeError,Python cannot find the requested module.,Install or import an available module.,"Runtime Error, Object attributes and methods"
896,Python,"data = {'name': 'Ali'}
print(data['age'])",ValueError: invalid literal,Runtime Error,Error during program execution,Type conversion,Beginner,Program should execute without an exception,ValueError: invalid literal,The operation combines values whose data types are not compatible.,Convert the values to compatible data types before applying the operation.,"Runtime Error, Type conversion"
897,Python,"a = 10
b = 0
print(a / b)",AttributeError,Runtime Error,Error during program execution,Object attributes and methods,Intermediate,Program should execute without an exception,AttributeError,The operation combines values whose data types are not compatible.,Convert the values to compatible data types before applying the operation.,"Runtime Error, Object attributes and methods"
898,Python,num = int('abc'),OverflowError,Runtime Error,Error during program execution,Numeric limits,Intermediate,Program should execute without an exception,OverflowError,The condition produces an incorrect result for the intended logic.,Review the condition so it matches the intended requirement.,"Runtime Error, Numeric limits"
899,Python,"text = 'hello'
print(text.uppercase())",KeyError,Runtime Error,Error during program execution,Dictionary access,Intermediate,Program should execute without an exception,KeyError,The function call does not provide all required arguments.,Pass all required function arguments.,"Runtime Error, Dictionary access"
900,Python,"a = 10
b = 0
print(a / b)",AttributeError,Runtime Error,Error during program execution,Object attributes and methods,Beginner,Program should execute without an exception,AttributeError,The code uses a variable that has not been defined.,Check that the variable is defined before use.,"Runtime Error, Object attributes and methods"
901,Python,"text = 'hello'
print(text.uppercase())",AttributeError,Runtime Error,Error during program execution,Object attributes and methods,Beginner,Program should execute without an exception,AttributeError,The operation combines values whose data types are not compatible.,Convert the values to compatible data types before applying the operation.,"Runtime Error, Object attributes and methods"
902,Python,"import math
print(math.factorial(100000))",OverflowError,Runtime Error,Error during program execution,Numeric limits,Beginner,Program should execute without an exception,OverflowError,The requested index is outside the list range.,Use an index within the valid range of the list.,"Runtime Error, Numeric limits"
903,Python,"text = 'hello'
print(text.uppercase())",AttributeError,Runtime Error,Error during program execution,Object attributes and methods,Intermediate,Program should execute without an exception,AttributeError,The statement inside the block is not indented.,Indent the statement inside the if block.,"Runtime Error, Object attributes and methods"
904,Python,"import math
print(math.factorial(100000))",AttributeError,Runtime Error,Error during program execution,Object attributes and methods,Intermediate,Program should execute without an exception,AttributeError,The statement inside the block is not indented.,Indent the statement inside the if block.,"Runtime Error, Object attributes and methods"
905,Python,"data = {'name': 'Ali'}
print(data['age'])",KeyError,Runtime Error,Error during program execution,Dictionary access,Beginner,Program should execute without an exception,KeyError,Python cannot find the requested module.,Install or import an available module.,"Runtime Error, Dictionary access"
906,Python,"import math
print(math.factorial(100000))",ZeroDivisionError: division by zero,Runtime Error,Error during program execution,Division and exception handling,Beginner,Program should execute without an exception,ZeroDivisionError: division by zero,The statement inside the block is not indented.,Indent the statement inside the if block.,"Runtime Error, Division and exception handling"
907,Python,"a = 10
b = 0
print(a / b)",ZeroDivisionError: division by zero,Runtime Error,Error during program execution,Division and exception handling,Beginner,Program should execute without an exception,ZeroDivisionError: division by zero,Python block statements require a colon at the end.,Add a colon after the for statement.,"Runtime Error, Division and exception handling"
908,Python,"import math
print(math.factorial(100000))",OverflowError,Runtime Error,Error during program execution,Numeric limits,Beginner,Program should execute without an exception,OverflowError,The statement inside the block is not indented.,Indent the statement inside the if block.,"Runtime Error, Numeric limits"
909,Python,num = int('abc'),ValueError: invalid literal,Runtime Error,Error during program execution,Type conversion,Intermediate,Program should execute without an exception,ValueError: invalid literal,The variable name used in print does not match the declared variable.,Use the exact variable name that was declared.,"Runtime Error, Type conversion"
910,Python,"import math
print(math.factorial(100000))",ValueError: invalid literal,Runtime Error,Error during program execution,Type conversion,Intermediate,Program should execute without an exception,ValueError: invalid literal,Python block statements require a colon at the end.,Add a colon after the for statement.,"Runtime Error, Type conversion"
911,Python,"import math
print(math.factorial(100000))",ZeroDivisionError: division by zero,Runtime Error,Error during program execution,Division and exception handling,Beginner,Program should execute without an exception,ZeroDivisionError: division by zero,The requested index is outside the list range.,Use an index within the valid range of the list.,"Runtime Error, Division and exception handling"
912,Python,num = int('abc'),KeyError,Runtime Error,Error during program execution,Dictionary access,Beginner,Program should execute without an exception,KeyError,The operation combines values whose data types are not compatible.,Convert the values to compatible data types before applying the operation.,"Runtime Error, Dictionary access"
913,Python,"data = {'name': 'Ali'}
print(data['age'])",OverflowError,Runtime Error,Error during program execution,Numeric limits,Intermediate,Program should execute without an exception,OverflowError,The statement inside the block is not indented.,Indent the statement inside the if block.,"Runtime Error, Numeric limits"
914,Python,"import math
print(math.factorial(100000))",ZeroDivisionError: division by zero,Runtime Error,Error during program execution,Division and exception handling,Intermediate,Program should execute without an exception,ZeroDivisionError: division by zero,The statement inside the block is not indented.,Indent the statement inside the if block.,"Runtime Error, Division and exception handling"
915,Python,num = int('abc'),ValueError: invalid literal,Runtime Error,Error during program execution,Type conversion,Beginner,Program should execute without an exception,ValueError: invalid literal,The condition produces an incorrect result for the intended logic.,Review the condition so it matches the intended requirement.,"Runtime Error, Type conversion"
916,Python,num = int('abc'),OverflowError,Runtime Error,Error during program execution,Numeric limits,Beginner,Program should execute without an exception,OverflowError,Python block statements require a colon at the end.,Add a colon after the for statement.,"Runtime Error, Numeric limits"
917,Python,"a = 10
b = 0
print(a / b)",ZeroDivisionError: division by zero,Runtime Error,Error during program execution,Division and exception handling,Beginner,Program should execute without an exception,ZeroDivisionError: division by zero,The variable name used in print does not match the declared variable.,Use the exact variable name that was declared.,"Runtime Error, Division and exception handling"
918,Python,"a = 10
b = 0
print(a / b)",OverflowError,Runtime Error,Error during program execution,Numeric limits,Intermediate,Program should execute without an exception,OverflowError,The requested index is outside the list range.,Use an index within the valid range of the list.,"Runtime Error, Numeric limits"
919,Python,"data = {'name': 'Ali'}
print(data['age'])",AttributeError,Runtime Error,Error during program execution,Object attributes and methods,Intermediate,Program should execute without an exception,AttributeError,The code uses a variable that has not been defined.,Check that the variable is defined before use.,"Runtime Error, Object attributes and methods"
920,Python,"data = {'name': 'Ali'}
print(data['age'])",ValueError: invalid literal,Runtime Error,Error during program execution,Type conversion,Intermediate,Program should execute without an exception,ValueError: invalid literal,The operation combines values whose data types are not compatible.,Convert the values to compatible data types before applying the operation.,"Runtime Error, Type conversion"
921,Python,"a = 10
b = 0
print(a / b)",ValueError: invalid literal,Runtime Error,Error during program execution,Type conversion,Beginner,Program should execute without an exception,ValueError: invalid literal,The statement inside the block is not indented.,Indent the statement inside the if block.,"Runtime Error, Type conversion"
922,Python,num = int('abc'),ValueError: invalid literal,Runtime Error,Error during program execution,Type conversion,Beginner,Program should execute without an exception,ValueError: invalid literal,The condition produces an incorrect result for the intended logic.,Review the condition so it matches the intended requirement.,"Runtime Error, Type conversion"
923,Python,"a = 10
b = 0
print(a / b)",OverflowError,Runtime Error,Error during program execution,Numeric limits,Beginner,Program should execute without an exception,OverflowError,The statement inside the block is not indented.,Indent the statement inside the if block.,"Runtime Error, Numeric limits"
924,Python,"a = 10
b = 0
print(a / b)",AttributeError,Runtime Error,Error during program execution,Object attributes and methods,Beginner,Program should execute without an exception,AttributeError,The condition produces an incorrect result for the intended logic.,Review the condition so it matches the intended requirement.,"Runtime Error, Object attributes and methods"
925,Python,num = int('abc'),KeyError,Runtime Error,Error during program execution,Dictionary access,Beginner,Program should execute without an exception,KeyError,The statement inside the block is not indented.,Indent the statement inside the if block.,"Runtime Error, Dictionary access"
926,Python,"data = {'name': 'Ali'}
print(data['age'])",AttributeError,Runtime Error,Error during program execution,Object attributes and methods,Beginner,Program should execute without an exception,AttributeError,The function call does not provide all required arguments.,Pass all required function arguments.,"Runtime Error, Object attributes and methods"
927,Python,"data = {'name': 'Ali'}
print(data['age'])",OverflowError,Runtime Error,Error during program execution,Numeric limits,Beginner,Program should execute without an exception,OverflowError,The condition produces an incorrect result for the intended logic.,Review the condition so it matches the intended requirement.,"Runtime Error, Numeric limits"
928,Python,"text = 'hello'
print(text.uppercase())",OverflowError,Runtime Error,Error during program execution,Numeric limits,Beginner,Program should execute without an exception,OverflowError,The operation combines values whose data types are not compatible.,Convert the values to compatible data types before applying the operation.,"Runtime Error, Numeric limits"
929,Python,num = int('abc'),KeyError,Runtime Error,Error during program execution,Dictionary access,Intermediate,Program should execute without an exception,KeyError,The operation combines values whose data types are not compatible.,Convert the values to compatible data types before applying the operation.,"Runtime Error, Dictionary access"
930,Python,"text = 'hello'
print(text.uppercase())",ZeroDivisionError: division by zero,Runtime Error,Error during program execution,Division and exception handling,Intermediate,Program should execute without an exception,ZeroDivisionError: division by zero,The condition produces an incorrect result for the intended logic.,Review the condition so it matches the intended requirement.,"Runtime Error, Division and exception handling"
931,Python,"import math
print(math.factorial(100000))",ZeroDivisionError: division by zero,Runtime Error,Error during program execution,Division and exception handling,Beginner,Program should execute without an exception,ZeroDivisionError: division by zero,The operation combines values whose data types are not compatible.,Convert the values to compatible data types before applying the operation.,"Runtime Error, Division and exception handling"
932,Python,"import math
print(math.factorial(100000))",OverflowError,Runtime Error,Error during program execution,Numeric limits,Beginner,Program should execute without an exception,OverflowError,The requested index is outside the list range.,Use an index within the valid range of the list.,"Runtime Error, Numeric limits"
933,Python,"data = {'name': 'Ali'}
print(data['age'])",AttributeError,Runtime Error,Error during program execution,Object attributes and methods,Intermediate,Program should execute without an exception,AttributeError,The operation combines values whose data types are not compatible.,Convert the values to compatible data types before applying the operation.,"Runtime Error, Object attributes and methods"
934,Python,"data = {'name': 'Ali'}
print(data['age'])",ZeroDivisionError: division by zero,Runtime Error,Error during program execution,Division and exception handling,Beginner,Program should execute without an exception,ZeroDivisionError: division by zero,The requested index is outside the list range.,Use an index within the valid range of the list.,"Runtime Error, Division and exception handling"
935,Python,"data = {'name': 'Ali'}
print(data['age'])",ValueError: invalid literal,Runtime Error,Error during program execution,Type conversion,Beginner,Program should execute without an exception,ValueError: invalid literal,The variable name used in print does not match the declared variable.,Use the exact variable name that was declared.,"Runtime Error, Type conversion"
936,Python,num = int('abc'),ZeroDivisionError: division by zero,Runtime Error,Error during program execution,Division and exception handling,Beginner,Program should execute without an exception,ZeroDivisionError: division by zero,Python block statements require a colon at the end.,Add a colon after the for statement.,"Runtime Error, Division and exception handling"
937,Python,"data = {'name': 'Ali'}
print(data['age'])",ZeroDivisionError: division by zero,Runtime Error,Error during program execution,Division and exception handling,Beginner,Program should execute without an exception,ZeroDivisionError: division by zero,The statement inside the block is not indented.,Indent the statement inside the if block.,"Runtime Error, Division and exception handling"
938,Python,"text = 'hello'
print(text.uppercase())",ZeroDivisionError: division by zero,Runtime Error,Error during program execution,Division and exception handling,Beginner,Program should execute without an exception,ZeroDivisionError: division by zero,The code uses a variable that has not been defined.,Check that the variable is defined before use.,"Runtime Error, Division and exception handling"
939,Python,"text = 'hello'
print(text.uppercase())",AttributeError,Runtime Error,Error during program execution,Object attributes and methods,Beginner,Program should execute without an exception,AttributeError,The operation combines values whose data types are not compatible.,Convert the values to compatible data types before applying the operation.,"Runtime Error, Object attributes and methods"
940,Python,"import math
print(math.factorial(100000))",AttributeError,Runtime Error,Error during program execution,Object attributes and methods,Beginner,Program should execute without an exception,AttributeError,The statement inside the block is not indented.,Indent the statement inside the if block.,"Runtime Error, Object attributes and methods"
941,Python,"import math
print(math.factorial(100000))",ZeroDivisionError: division by zero,Runtime Error,Error during program execution,Division and exception handling,Intermediate,Program should execute without an exception,ZeroDivisionError: division by zero,The function call does not provide all required arguments.,Pass all required function arguments.,"Runtime Error, Division and exception handling"
942,Python,"text = 'hello'
print(text.uppercase())",ValueError: invalid literal,Runtime Error,Error during program execution,Type conversion,Beginner,Program should execute without an exception,ValueError: invalid literal,The operation combines values whose data types are not compatible.,Convert the values to compatible data types before applying the operation.,"Runtime Error, Type conversion"
943,Python,"a = 10
b = 0
print(a / b)",ZeroDivisionError: division by zero,Runtime Error,Error during program execution,Division and exception handling,Beginner,Program should execute without an exception,ZeroDivisionError: division by zero,Python block statements require a colon at the end.,Add a colon after the for statement.,"Runtime Error, Division and exception handling"
944,Python,"a = 10
b = 0
print(a / b)",KeyError,Runtime Error,Error during program execution,Dictionary access,Beginner,Program should execute without an exception,KeyError,The variable name used in print does not match the declared variable.,Use the exact variable name that was declared.,"Runtime Error, Dictionary access"
945,Python,num = int('abc'),ValueError: invalid literal,Runtime Error,Error during program execution,Type conversion,Intermediate,Program should execute without an exception,ValueError: invalid literal,Python cannot find the requested module.,Install or import an available module.,"Runtime Error, Type conversion"
946,Python,"a = 10
b = 0
print(a / b)",ZeroDivisionError: division by zero,Runtime Error,Error during program execution,Division and exception handling,Beginner,Program should execute without an exception,ZeroDivisionError: division by zero,The negative index is outside the valid range.,Use a valid negative index within the list length.,"Runtime Error, Division and exception handling"
947,Python,"text = 'hello'
print(text.uppercase())",OverflowError,Runtime Error,Error during program execution,Numeric limits,Intermediate,Program should execute without an exception,OverflowError,The condition produces an incorrect result for the intended logic.,Review the condition so it matches the intended requirement.,"Runtime Error, Numeric limits"
948,Python,num = int('abc'),ZeroDivisionError: division by zero,Runtime Error,Error during program execution,Division and exception handling,Intermediate,Program should execute without an exception,ZeroDivisionError: division by zero,Python cannot find the requested module.,Install or import an available module.,"Runtime Error, Division and exception handling"
949,Python,"a = 10
b = 0
print(a / b)",AttributeError,Runtime Error,Error during program execution,Object attributes and methods,Beginner,Program should execute without an exception,AttributeError,The operation combines values whose data types are not compatible.,Convert the values to compatible data types before applying the operation.,"Runtime Error, Object attributes and methods"
950,Python,num = int('abc'),KeyError,Runtime Error,Error during program execution,Dictionary access,Beginner,Program should execute without an exception,KeyError,The requested index is outside the list range.,Use an index within the valid range of the list.,"Runtime Error, Dictionary access"
951,Python,"data = {'name': 'Ali'}
print(data['age'])",OverflowError,Runtime Error,Error during program execution,Numeric limits,Intermediate,Program should execute without an exception,OverflowError,The negative index is outside the valid range.,Use a valid negative index within the list length.,"Runtime Error, Numeric limits"
952,Python,num = int('abc'),KeyError,Runtime Error,Error during program execution,Dictionary access,Beginner,Program should execute without an exception,KeyError,Python block statements require a colon at the end.,Add a colon after the for statement.,"Runtime Error, Dictionary access"
953,Python,"import math
print(math.factorial(100000))",ZeroDivisionError: division by zero,Runtime Error,Error during program execution,Division and exception handling,Intermediate,Program should execute without an exception,ZeroDivisionError: division by zero,Python cannot find the requested module.,Install or import an available module.,"Runtime Error, Division and exception handling"
954,Python,"a = 10
b = 0
print(a / b)",AttributeError,Runtime Error,Error during program execution,Object attributes and methods,Beginner,Program should execute without an exception,AttributeError,The operation combines values whose data types are not compatible.,Convert the values to compatible data types before applying the operation.,"Runtime Error, Object attributes and methods"
955,Python,"a = 10
b = 0
print(a / b)",ZeroDivisionError: division by zero,Runtime Error,Error during program execution,Division and exception handling,Beginner,Program should execute without an exception,ZeroDivisionError: division by zero,Python cannot find the requested module.,Install or import an available module.,"Runtime Error, Division and exception handling"
956,Python,num = int('abc'),OverflowError,Runtime Error,Error during program execution,Numeric limits,Beginner,Program should execute without an exception,OverflowError,The function call does not provide all required arguments.,Pass all required function arguments.,"Runtime Error, Numeric limits"
957,Python,num = int('abc'),ZeroDivisionError: division by zero,Runtime Error,Error during program execution,Division and exception handling,Intermediate,Program should execute without an exception,ZeroDivisionError: division by zero,The requested index is outside the list range.,Use an index within the valid range of the list.,"Runtime Error, Division and exception handling"
958,Python,"text = 'hello'
print(text.uppercase())",KeyError,Runtime Error,Error during program execution,Dictionary access,Beginner,Program should execute without an exception,KeyError,The variable name used in print does not match the declared variable.,Use the exact variable name that was declared.,"Runtime Error, Dictionary access"
959,Python,"text = 'hello'
print(text.uppercase())",KeyError,Runtime Error,Error during program execution,Dictionary access,Beginner,Program should execute without an exception,KeyError,Python cannot find the requested module.,Install or import an available module.,"Runtime Error, Dictionary access"
960,Python,"import math
print(math.factorial(100000))",KeyError,Runtime Error,Error during program execution,Dictionary access,Beginner,Program should execute without an exception,KeyError,The variable name used in print does not match the declared variable.,Use the exact variable name that was declared.,"Runtime Error, Dictionary access"
961,Python,"text = 'hello'
print(text.uppercase())",ValueError: invalid literal,Runtime Error,Error during program execution,Type conversion,Beginner,Program should execute without an exception,ValueError: invalid literal,The statement inside the block is not indented.,Indent the statement inside the if block.,"Runtime Error, Type conversion"
962,Python,"a = 10
b = 0
print(a / b)",ValueError: invalid literal,Runtime Error,Error during program execution,Type conversion,Beginner,Program should execute without an exception,ValueError: invalid literal,The function call does not provide all required arguments.,Pass all required function arguments.,"Runtime Error, Type conversion"
963,Python,"data = {'name': 'Ali'}
print(data['age'])",AttributeError,Runtime Error,Error during program execution,Object attributes and methods,Beginner,Program should execute without an exception,AttributeError,The function call does not provide all required arguments.,Pass all required function arguments.,"Runtime Error, Object attributes and methods"
964,Python,"a = 10
b = 0
print(a / b)",KeyError,Runtime Error,Error during program execution,Dictionary access,Beginner,Program should execute without an exception,KeyError,The condition produces an incorrect result for the intended logic.,Review the condition so it matches the intended requirement.,"Runtime Error, Dictionary access"
965,Python,"data = {'name': 'Ali'}
print(data['age'])",ZeroDivisionError: division by zero,Runtime Error,Error during program execution,Division and exception handling,Intermediate,Program should execute without an exception,ZeroDivisionError: division by zero,The variable name used in print does not match the declared variable.,Use the exact variable name that was declared.,"Runtime Error, Division and exception handling"
966,Python,num = int('abc'),AttributeError,Runtime Error,Error during program execution,Object attributes and methods,Intermediate,Program should execute without an exception,AttributeError,The condition produces an incorrect result for the intended logic.,Review the condition so it matches the intended requirement.,"Runtime Error, Object attributes and methods"
967,Python,"import math
print(math.factorial(100000))",ZeroDivisionError: division by zero,Runtime Error,Error during program execution,Division and exception handling,Beginner,Program should execute without an exception,ZeroDivisionError: division by zero,Python cannot find the requested module.,Install or import an available module.,"Runtime Error, Division and exception handling"
968,Python,"import math
print(math.factorial(100000))",OverflowError,Runtime Error,Error during program execution,Numeric limits,Beginner,Program should execute without an exception,OverflowError,The function call does not provide all required arguments.,Pass all required function arguments.,"Runtime Error, Numeric limits"
969,Python,"a = 10
b = 0
print(a / b)",AttributeError,Runtime Error,Error during program execution,Object attributes and methods,Beginner,Program should execute without an exception,AttributeError,Python block statements require a colon at the end.,Add a colon after the for statement.,"Runtime Error, Object attributes and methods"
970,Python,"import math
print(math.factorial(100000))",ZeroDivisionError: division by zero,Runtime Error,Error during program execution,Division and exception handling,Intermediate,Program should execute without an exception,ZeroDivisionError: division by zero,The negative index is outside the valid range.,Use a valid negative index within the list length.,"Runtime Error, Division and exception handling"
971,Python,num = int('abc'),OverflowError,Runtime Error,Error during program execution,Numeric limits,Beginner,Program should execute without an exception,OverflowError,The condition produces an incorrect result for the intended logic.,Review the condition so it matches the intended requirement.,"Runtime Error, Numeric limits"
972,Python,num = int('abc'),AttributeError,Runtime Error,Error during program execution,Object attributes and methods,Beginner,Program should execute without an exception,AttributeError,The operation combines values whose data types are not compatible.,Convert the values to compatible data types before applying the operation.,"Runtime Error, Object attributes and methods"
973,Python,"a = 10
b = 0
print(a / b)",ValueError: invalid literal,Runtime Error,Error during program execution,Type conversion,Beginner,Program should execute without an exception,ValueError: invalid literal,The operation combines values whose data types are not compatible.,Convert the values to compatible data types before applying the operation.,"Runtime Error, Type conversion"
974,Python,num = int('abc'),ZeroDivisionError: division by zero,Runtime Error,Error during program execution,Division and exception handling,Intermediate,Program should execute without an exception,ZeroDivisionError: division by zero,Python cannot find the requested module.,Install or import an available module.,"Runtime Error, Division and exception handling"
975,Python,"data = {'name': 'Ali'}
print(data['age'])",ValueError: invalid literal,Runtime Error,Error during program execution,Type conversion,Beginner,Program should execute without an exception,ValueError: invalid literal,The condition produces an incorrect result for the intended logic.,Review the condition so it matches the intended requirement.,"Runtime Error, Type conversion"
976,Python,"text = 'hello'
print(text.uppercase())",ZeroDivisionError: division by zero,Runtime Error,Error during program execution,Division and exception handling,Intermediate,Program should execute without an exception,ZeroDivisionError: division by zero,The variable name used in print does not match the declared variable.,Use the exact variable name that was declared.,"Runtime Error, Division and exception handling"
977,Python,"data = {'name': 'Ali'}
print(data['age'])",AttributeError,Runtime Error,Error during program execution,Object attributes and methods,Beginner,Program should execute without an exception,AttributeError,The negative index is outside the valid range.,Use a valid negative index within the list length.,"Runtime Error, Object attributes and methods"
978,Python,"a = 10
b = 0
print(a / b)",OverflowError,Runtime Error,Error during program execution,Numeric limits,Intermediate,Program should execute without an exception,OverflowError,The function call does not provide all required arguments.,Pass all required function arguments.,"Runtime Error, Numeric limits"
979,Python,"import math
print(math.factorial(100000))",OverflowError,Runtime Error,Error during program execution,Numeric limits,Beginner,Program should execute without an exception,OverflowError,The condition produces an incorrect result for the intended logic.,Review the condition so it matches the intended requirement.,"Runtime Error, Numeric limits"
980,Python,num = int('abc'),ZeroDivisionError: division by zero,Runtime Error,Error during program execution,Division and exception handling,Beginner,Program should execute without an exception,ZeroDivisionError: division by zero,Python cannot find the requested module.,Install or import an available module.,"Runtime Error, Division and exception handling"
981,Python,"import math
print(math.factorial(100000))",OverflowError,Runtime Error,Error during program execution,Numeric limits,Beginner,Program should execute without an exception,OverflowError,The condition produces an incorrect result for the intended logic.,Review the condition so it matches the intended requirement.,"Runtime Error, Numeric limits"
982,Python,"a = 10
b = 0
print(a / b)",ZeroDivisionError: division by zero,Runtime Error,Error during program execution,Division and exception handling,Beginner,Program should execute without an exception,ZeroDivisionError: division by zero,The condition produces an incorrect result for the intended logic.,Review the condition so it matches the intended requirement.,"Runtime Error, Division and exception handling"
983,Python,"text = 'hello'
print(text.uppercase())",OverflowError,Runtime Error,Error during program execution,Numeric limits,Beginner,Program should execute without an exception,OverflowError,The statement inside the block is not indented.,Indent the statement inside the if block.,"Runtime Error, Numeric limits"
984,Python,"import math
print(math.factorial(100000))",AttributeError,Runtime Error,Error during program execution,Object attributes and methods,Intermediate,Program should execute without an exception,AttributeError,The function call does not provide all required arguments.,Pass all required function arguments.,"Runtime Error, Object attributes and methods"
985,Python,num = int('abc'),AttributeError,Runtime Error,Error during program execution,Object attributes and methods,Beginner,Program should execute without an exception,AttributeError,The code uses a variable that has not been defined.,Check that the variable is defined before use.,"Runtime Error, Object attributes and methods"
986,Python,"import math
print(math.factorial(100000))",AttributeError,Runtime Error,Error during program execution,Object attributes and methods,Intermediate,Program should execute without an exception,AttributeError,The operation combines values whose data types are not compatible.,Convert the values to compatible data types before applying the operation.,"Runtime Error, Object attributes and methods"
987,Python,"text = 'hello'
print(text.uppercase())",AttributeError,Runtime Error,Error during program execution,Object attributes and methods,Beginner,Program should execute without an exception,AttributeError,The code uses a variable that has not been defined.,Check that the variable is defined before use.,"Runtime Error, Object attributes and methods"
988,Python,"text = 'hello'
print(text.uppercase())",ValueError: invalid literal,Runtime Error,Error during program execution,Type conversion,Beginner,Program should execute without an exception,ValueError: invalid literal,The code uses a variable that has not been defined.,Check that the variable is defined before use.,"Runtime Error, Type conversion"
989,Python,"data = {'name': 'Ali'}
print(data['age'])",KeyError,Runtime Error,Error during program execution,Dictionary access,Beginner,Program should execute without an exception,KeyError,The code uses a variable that has not been defined.,Check that the variable is defined before use.,"Runtime Error, Dictionary access"
990,Python,"text = 'hello'
print(text.uppercase())",KeyError,Runtime Error,Error during program execution,Dictionary access,Intermediate,Program should execute without an exception,KeyError,Python block statements require a colon at the end.,Add a colon after the for statement.,"Runtime Error, Dictionary access"
991,Python,num = int('abc'),ZeroDivisionError: division by zero,Runtime Error,Error during program execution,Division and exception handling,Beginner,Program should execute without an exception,ZeroDivisionError: division by zero,The requested index is outside the list range.,Use an index within the valid range of the list.,"Runtime Error, Division and exception handling"
992,Python,"data = {'name': 'Ali'}
print(data['age'])",AttributeError,Runtime Error,Error during program execution,Object attributes and methods,Intermediate,Program should execute without an exception,AttributeError,The statement inside the block is not indented.,Indent the statement inside the if block.,"Runtime Error, Object attributes and methods"
993,Python,"a = 10
b = 0
print(a / b)",AttributeError,Runtime Error,Error during program execution,Object attributes and methods,Beginner,Program should execute without an exception,AttributeError,The condition produces an incorrect result for the intended logic.,Review the condition so it matches the intended requirement.,"Runtime Error, Object attributes and methods"
994,Python,"text = 'hello'
print(text.uppercase())",AttributeError,Runtime Error,Error during program execution,Object attributes and methods,Intermediate,Program should execute without an exception,AttributeError,The requested index is outside the list range.,Use an index within the valid range of the list.,"Runtime Error, Object attributes and methods"
995,Python,"data = {'name': 'Ali'}
print(data['age'])",AttributeError,Runtime Error,Error during program execution,Object attributes and methods,Beginner,Program should execute without an exception,AttributeError,The negative index is outside the valid range.,Use a valid negative index within the list length.,"Runtime Error, Object attributes and methods"
996,Python,"a = 10
b = 0
print(a / b)",OverflowError,Runtime Error,Error during program execution,Numeric limits,Beginner,Program should execute without an exception,OverflowError,The operation combines values whose data types are not compatible.,Convert the values to compatible data types before applying the operation.,"Runtime Error, Numeric limits"
997,Python,num = int('abc'),OverflowError,Runtime Error,Error during program execution,Numeric limits,Intermediate,Program should execute without an exception,OverflowError,Python cannot find the requested module.,Install or import an available module.,"Runtime Error, Numeric limits"
998,Python,num = int('abc'),OverflowError,Runtime Error,Error during program execution,Numeric limits,Beginner,Program should execute without an exception,OverflowError,The code uses a variable that has not been defined.,Check that the variable is defined before use.,"Runtime Error, Numeric limits"
999,Python,num = int('abc'),ValueError: invalid literal,Runtime Error,Error during program execution,Type conversion,Beginner,Program should execute without an exception,ValueError: invalid literal,The code uses a variable that has not been defined.,Check that the variable is defined before use.,"Runtime Error, Type conversion"
1000,Python,"data = {'name': 'Ali'}
print(data['age'])",AttributeError,Runtime Error,Error during program execution,Object attributes and methods,Intermediate,Program should execute without an exception,AttributeError,The code uses a variable that has not been defined.,Check that the variable is defined before use.,"Runtime Error, Object attributes and methods"
1001,Python,"for i in range(3):
  print(i)
    print('done')",IndentationError,Indentation Error,Incorrect indentation,Python indentation,Beginner,Indented block should execute correctly,IndentationError,Python block statements require a colon at the end.,Add a colon after the for statement.,"Indentation Error, Python indentation"
1002,Python,"if True:
print('Hello')",IndentationError,Indentation Error,Incorrect indentation,Consistent indentation,Intermediate,Indented block should execute correctly,IndentationError,Python cannot find the requested module.,Install or import an available module.,"Indentation Error, Consistent indentation"
1003,Python,"for i in range(3):
  print(i)
    print('done')",IndentationError,Indentation Error,Incorrect indentation,Python indentation,Beginner,Indented block should execute correctly,IndentationError,The requested index is outside the list range.,Use an index within the valid range of the list.,"Indentation Error, Python indentation"
1004,Python,"def greet():
print('Hi')",IndentationError,Indentation Error,Incorrect indentation,Consistent indentation,Beginner,Indented block should execute correctly,IndentationError,The function call does not provide all required arguments.,Pass all required function arguments.,"Indentation Error, Consistent indentation"
1005,Python,"for i in range(3):
  print(i)
    print('done')",IndentationError,Indentation Error,Incorrect indentation,Consistent indentation,Beginner,Indented block should execute correctly,IndentationError,The negative index is outside the valid range.,Use a valid negative index within the list length.,"Indentation Error, Consistent indentation"
1006,Python,"if True:
print('Hello')",IndentationError,Indentation Error,Incorrect indentation,Python indentation,Beginner,Indented block should execute correctly,IndentationError,Python block statements require a colon at the end.,Add a colon after the for statement.,"Indentation Error, Python indentation"
1007,Python,"if True:
print('Hello')",IndentationError,Indentation Error,Incorrect indentation,Python indentation,Beginner,Indented block should execute correctly,IndentationError,Python cannot find the requested module.,Install or import an available module.,"Indentation Error, Python indentation"
1008,Python,"def greet():
print('Hi')",IndentationError,Indentation Error,Incorrect indentation,Consistent indentation,Intermediate,Indented block should execute correctly,IndentationError,The requested index is outside the list range.,Use an index within the valid range of the list.,"Indentation Error, Consistent indentation"
1009,Python,"for i in range(3):
  print(i)
    print('done')",IndentationError,Indentation Error,Incorrect indentation,Python indentation,Intermediate,Indented block should execute correctly,IndentationError,The requested index is outside the list range.,Use an index within the valid range of the list.,"Indentation Error, Python indentation"
1010,Python,"if True:
print('Hello')",IndentationError,Indentation Error,Incorrect indentation,Python indentation,Intermediate,Indented block should execute correctly,IndentationError,The negative index is outside the valid range.,Use a valid negative index within the list length.,"Indentation Error, Python indentation"
1011,Python,"def greet():
print('Hi')",IndentationError,Indentation Error,Incorrect indentation,Python indentation,Intermediate,Indented block should execute correctly,IndentationError,The function call does not provide all required arguments.,Pass all required function arguments.,"Indentation Error, Python indentation"
1012,Python,"if True:
print('Hello')",IndentationError,Indentation Error,Incorrect indentation,Python indentation,Beginner,Indented block should execute correctly,IndentationError,The condition produces an incorrect result for the intended logic.,Review the condition so it matches the intended requirement.,"Indentation Error, Python indentation"
1013,Python,"for i in range(3):
  print(i)
    print('done')",IndentationError,Indentation Error,Incorrect indentation,Python indentation,Intermediate,Indented block should execute correctly,IndentationError,The condition produces an incorrect result for the intended logic.,Review the condition so it matches the intended requirement.,"Indentation Error, Python indentation"
1014,Python,"if x > 0:
    print(x)
  print('end')",IndentationError,Indentation Error,Incorrect indentation,Consistent indentation,Beginner,Indented block should execute correctly,IndentationError,Python block statements require a colon at the end.,Add a colon after the for statement.,"Indentation Error, Consistent indentation"
1015,Python,"for i in range(3):
  print(i)
    print('done')",IndentationError,Indentation Error,Incorrect indentation,Python indentation,Beginner,Indented block should execute correctly,IndentationError,The function call does not provide all required arguments.,Pass all required function arguments.,"Indentation Error, Python indentation"
1016,Python,"if x > 0:
    print(x)
  print('end')",IndentationError,Indentation Error,Incorrect indentation,Python indentation,Intermediate,Indented block should execute correctly,IndentationError,Python block statements require a colon at the end.,Add a colon after the for statement.,"Indentation Error, Python indentation"
1017,Python,"for i in range(3):
  print(i)
    print('done')",IndentationError,Indentation Error,Incorrect indentation,Python indentation,Intermediate,Indented block should execute correctly,IndentationError,The code uses a variable that has not been defined.,Check that the variable is defined before use.,"Indentation Error, Python indentation"
1018,Python,"for i in range(3):
  print(i)
    print('done')",IndentationError,Indentation Error,Incorrect indentation,Consistent indentation,Beginner,Indented block should execute correctly,IndentationError,The condition produces an incorrect result for the intended logic.,Review the condition so it matches the intended requirement.,"Indentation Error, Consistent indentation"
1019,Python,"if x > 0:
    print(x)
  print('end')",IndentationError,Indentation Error,Incorrect indentation,Consistent indentation,Beginner,Indented block should execute correctly,IndentationError,The variable name used in print does not match the declared variable.,Use the exact variable name that was declared.,"Indentation Error, Consistent indentation"
1020,Python,"for i in range(3):
  print(i)
    print('done')",IndentationError,Indentation Error,Incorrect indentation,Python indentation,Beginner,Indented block should execute correctly,IndentationError,Python block statements require a colon at the end.,Add a colon after the for statement.,"Indentation Error, Python indentation"
1021,Python,"def greet():
print('Hi')",IndentationError,Indentation Error,Incorrect indentation,Python indentation,Beginner,Indented block should execute correctly,IndentationError,Python block statements require a colon at the end.,Add a colon after the for statement.,"Indentation Error, Python indentation"
1022,Python,"if True:
print('Hello')",IndentationError,Indentation Error,Incorrect indentation,Consistent indentation,Intermediate,Indented block should execute correctly,IndentationError,The requested index is outside the list range.,Use an index within the valid range of the list.,"Indentation Error, Consistent indentation"
1023,Python,"def greet():
print('Hi')",IndentationError,Indentation Error,Incorrect indentation,Python indentation,Intermediate,Indented block should execute correctly,IndentationError,The statement inside the block is not indented.,Indent the statement inside the if block.,"Indentation Error, Python indentation"
1024,Python,"for i in range(3):
  print(i)
    print('done')",IndentationError,Indentation Error,Incorrect indentation,Python indentation,Beginner,Indented block should execute correctly,IndentationError,The function call does not provide all required arguments.,Pass all required function arguments.,"Indentation Error, Python indentation"
1025,Python,"if x > 0:
    print(x)
  print('end')",IndentationError,Indentation Error,Incorrect indentation,Python indentation,Intermediate,Indented block should execute correctly,IndentationError,Python cannot find the requested module.,Install or import an available module.,"Indentation Error, Python indentation"
1026,Python,"def greet():
print('Hi')",IndentationError,Indentation Error,Incorrect indentation,Python indentation,Beginner,Indented block should execute correctly,IndentationError,The condition produces an incorrect result for the intended logic.,Review the condition so it matches the intended requirement.,"Indentation Error, Python indentation"
1027,Python,"if x > 0:
    print(x)
  print('end')",IndentationError,Indentation Error,Incorrect indentation,Consistent indentation,Intermediate,Indented block should execute correctly,IndentationError,The requested index is outside the list range.,Use an index within the valid range of the list.,"Indentation Error, Consistent indentation"
1028,Python,"for i in range(3):
  print(i)
    print('done')",IndentationError,Indentation Error,Incorrect indentation,Python indentation,Beginner,Indented block should execute correctly,IndentationError,The negative index is outside the valid range.,Use a valid negative index within the list length.,"Indentation Error, Python indentation"
1029,Python,"def greet():
print('Hi')",IndentationError,Indentation Error,Incorrect indentation,Consistent indentation,Beginner,Indented block should execute correctly,IndentationError,The negative index is outside the valid range.,Use a valid negative index within the list length.,"Indentation Error, Consistent indentation"
1030,Python,"def greet():
print('Hi')",IndentationError,Indentation Error,Incorrect indentation,Python indentation,Intermediate,Indented block should execute correctly,IndentationError,The function call does not provide all required arguments.,Pass all required function arguments.,"Indentation Error, Python indentation"
1031,Python,"def greet():
print('Hi')",IndentationError,Indentation Error,Incorrect indentation,Python indentation,Intermediate,Indented block should execute correctly,IndentationError,The negative index is outside the valid range.,Use a valid negative index within the list length.,"Indentation Error, Python indentation"
1032,Python,"def greet():
print('Hi')",IndentationError,Indentation Error,Incorrect indentation,Python indentation,Beginner,Indented block should execute correctly,IndentationError,The variable name used in print does not match the declared variable.,Use the exact variable name that was declared.,"Indentation Error, Python indentation"
1033,Python,"if x > 0:
    print(x)
  print('end')",IndentationError,Indentation Error,Incorrect indentation,Python indentation,Beginner,Indented block should execute correctly,IndentationError,Python block statements require a colon at the end.,Add a colon after the for statement.,"Indentation Error, Python indentation"
1034,Python,"for i in range(3):
  print(i)
    print('done')",IndentationError,Indentation Error,Incorrect indentation,Python indentation,Beginner,Indented block should execute correctly,IndentationError,Python block statements require a colon at the end.,Add a colon after the for statement.,"Indentation Error, Python indentation"
1035,Python,"if True:
print('Hello')",IndentationError,Indentation Error,Incorrect indentation,Python indentation,Intermediate,Indented block should execute correctly,IndentationError,The function call does not provide all required arguments.,Pass all required function arguments.,"Indentation Error, Python indentation"
1036,Python,"if True:
print('Hello')",IndentationError,Indentation Error,Incorrect indentation,Consistent indentation,Beginner,Indented block should execute correctly,IndentationError,The condition produces an incorrect result for the intended logic.,Review the condition so it matches the intended requirement.,"Indentation Error, Consistent indentation"
1037,Python,"if True:
print('Hello')",IndentationError,Indentation Error,Incorrect indentation,Python indentation,Intermediate,Indented block should execute correctly,IndentationError,The negative index is outside the valid range.,Use a valid negative index within the list length.,"Indentation Error, Python indentation"
1038,Python,"for i in range(3):
  print(i)
    print('done')",IndentationError,Indentation Error,Incorrect indentation,Python indentation,Beginner,Indented block should execute correctly,IndentationError,The negative index is outside the valid range.,Use a valid negative index within the list length.,"Indentation Error, Python indentation"
1039,Python,"def greet():
print('Hi')",IndentationError,Indentation Error,Incorrect indentation,Python indentation,Beginner,Indented block should execute correctly,IndentationError,The operation combines values whose data types are not compatible.,Convert the values to compatible data types before applying the operation.,"Indentation Error, Python indentation"
1040,Python,"if x > 0:
    print(x)
  print('end')",IndentationError,Indentation Error,Incorrect indentation,Python indentation,Beginner,Indented block should execute correctly,IndentationError,Python cannot find the requested module.,Install or import an available module.,"Indentation Error, Python indentation"
1041,Python,"if True:
print('Hello')",IndentationError,Indentation Error,Incorrect indentation,Python indentation,Beginner,Indented block should execute correctly,IndentationError,The operation combines values whose data types are not compatible.,Convert the values to compatible data types before applying the operation.,"Indentation Error, Python indentation"
1042,Python,"for i in range(3):
  print(i)
    print('done')",IndentationError,Indentation Error,Incorrect indentation,Python indentation,Intermediate,Indented block should execute correctly,IndentationError,The operation combines values whose data types are not compatible.,Convert the values to compatible data types before applying the operation.,"Indentation Error, Python indentation"
1043,Python,"if x > 0:
    print(x)
  print('end')",IndentationError,Indentation Error,Incorrect indentation,Python indentation,Beginner,Indented block should execute correctly,IndentationError,The code uses a variable that has not been defined.,Check that the variable is defined before use.,"Indentation Error, Python indentation"
1044,Python,"def greet():
print('Hi')",IndentationError,Indentation Error,Incorrect indentation,Python indentation,Beginner,Indented block should execute correctly,IndentationError,The operation combines values whose data types are not compatible.,Convert the values to compatible data types before applying the operation.,"Indentation Error, Python indentation"
1045,Python,"if x > 0:
    print(x)
  print('end')",IndentationError,Indentation Error,Incorrect indentation,Python indentation,Intermediate,Indented block should execute correctly,IndentationError,The operation combines values whose data types are not compatible.,Convert the values to compatible data types before applying the operation.,"Indentation Error, Python indentation"
1046,Python,"if x > 0:
    print(x)
  print('end')",IndentationError,Indentation Error,Incorrect indentation,Python indentation,Beginner,Indented block should execute correctly,IndentationError,Python cannot find the requested module.,Install or import an available module.,"Indentation Error, Python indentation"
1047,Python,"if True:
print('Hello')",IndentationError,Indentation Error,Incorrect indentation,Python indentation,Intermediate,Indented block should execute correctly,IndentationError,The code uses a variable that has not been defined.,Check that the variable is defined before use.,"Indentation Error, Python indentation"
1048,Python,"if True:
print('Hello')",IndentationError,Indentation Error,Incorrect indentation,Python indentation,Beginner,Indented block should execute correctly,IndentationError,The statement inside the block is not indented.,Indent the statement inside the if block.,"Indentation Error, Python indentation"
1049,Python,"if True:
print('Hello')",IndentationError,Indentation Error,Incorrect indentation,Consistent indentation,Intermediate,Indented block should execute correctly,IndentationError,The requested index is outside the list range.,Use an index within the valid range of the list.,"Indentation Error, Consistent indentation"
1050,Python,"def greet():
print('Hi')",IndentationError,Indentation Error,Incorrect indentation,Python indentation,Intermediate,Indented block should execute correctly,IndentationError,The requested index is outside the list range.,Use an index within the valid range of the list.,"Indentation Error, Python indentation"
1051,Python,"def greet():
print('Hi')",IndentationError,Indentation Error,Incorrect indentation,Python indentation,Beginner,Indented block should execute correctly,IndentationError,Python block statements require a colon at the end.,Add a colon after the for statement.,"Indentation Error, Python indentation"
1052,Python,"for i in range(3):
  print(i)
    print('done')",IndentationError,Indentation Error,Incorrect indentation,Python indentation,Beginner,Indented block should execute correctly,IndentationError,The negative index is outside the valid range.,Use a valid negative index within the list length.,"Indentation Error, Python indentation"
1053,Python,"for i in range(3):
  print(i)
    print('done')",IndentationError,Indentation Error,Incorrect indentation,Python indentation,Beginner,Indented block should execute correctly,IndentationError,The code uses a variable that has not been defined.,Check that the variable is defined before use.,"Indentation Error, Python indentation"
1054,Python,"for i in range(3):
  print(i)
    print('done')",IndentationError,Indentation Error,Incorrect indentation,Python indentation,Beginner,Indented block should execute correctly,IndentationError,The negative index is outside the valid range.,Use a valid negative index within the list length.,"Indentation Error, Python indentation"
1055,Python,"for i in range(3):
  print(i)
    print('done')",IndentationError,Indentation Error,Incorrect indentation,Consistent indentation,Beginner,Indented block should execute correctly,IndentationError,The operation combines values whose data types are not compatible.,Convert the values to compatible data types before applying the operation.,"Indentation Error, Consistent indentation"
1056,Python,"def greet():
print('Hi')",IndentationError,Indentation Error,Incorrect indentation,Python indentation,Beginner,Indented block should execute correctly,IndentationError,The requested index is outside the list range.,Use an index within the valid range of the list.,"Indentation Error, Python indentation"
1057,Python,"def greet():
print('Hi')",IndentationError,Indentation Error,Incorrect indentation,Python indentation,Intermediate,Indented block should execute correctly,IndentationError,The requested index is outside the list range.,Use an index within the valid range of the list.,"Indentation Error, Python indentation"
1058,Python,"if True:
print('Hello')",IndentationError,Indentation Error,Incorrect indentation,Python indentation,Intermediate,Indented block should execute correctly,IndentationError,The requested index is outside the list range.,Use an index within the valid range of the list.,"Indentation Error, Python indentation"
1059,Python,"if True:
print('Hello')",IndentationError,Indentation Error,Incorrect indentation,Consistent indentation,Beginner,Indented block should execute correctly,IndentationError,The operation combines values whose data types are not compatible.,Convert the values to compatible data types before applying the operation.,"Indentation Error, Consistent indentation"
1060,Python,"if x > 0:
    print(x)
  print('end')",IndentationError,Indentation Error,Incorrect indentation,Consistent indentation,Intermediate,Indented block should execute correctly,IndentationError,The code uses a variable that has not been defined.,Check that the variable is defined before use.,"Indentation Error, Consistent indentation"
1061,Python,"if True:
print('Hello')",IndentationError,Indentation Error,Incorrect indentation,Python indentation,Intermediate,Indented block should execute correctly,IndentationError,The negative index is outside the valid range.,Use a valid negative index within the list length.,"Indentation Error, Python indentation"
1062,Python,"if True:
print('Hello')",IndentationError,Indentation Error,Incorrect indentation,Python indentation,Beginner,Indented block should execute correctly,IndentationError,The variable name used in print does not match the declared variable.,Use the exact variable name that was declared.,"Indentation Error, Python indentation"
1063,Python,"if x > 0:
    print(x)
  print('end')",IndentationError,Indentation Error,Incorrect indentation,Consistent indentation,Beginner,Indented block should execute correctly,IndentationError,The variable name used in print does not match the declared variable.,Use the exact variable name that was declared.,"Indentation Error, Consistent indentation"
1064,Python,"for i in range(3):
  print(i)
    print('done')",IndentationError,Indentation Error,Incorrect indentation,Python indentation,Beginner,Indented block should execute correctly,IndentationError,The variable name used in print does not match the declared variable.,Use the exact variable name that was declared.,"Indentation Error, Python indentation"
1065,Python,"def greet():
print('Hi')",IndentationError,Indentation Error,Incorrect indentation,Consistent indentation,Intermediate,Indented block should execute correctly,IndentationError,The operation combines values whose data types are not compatible.,Convert the values to compatible data types before applying the operation.,"Indentation Error, Consistent indentation"
1066,Python,"for i in range(3):
  print(i)
    print('done')",IndentationError,Indentation Error,Incorrect indentation,Consistent indentation,Beginner,Indented block should execute correctly,IndentationError,The code uses a variable that has not been defined.,Check that the variable is defined before use.,"Indentation Error, Consistent indentation"
1067,Python,"for i in range(3):
  print(i)
    print('done')",IndentationError,Indentation Error,Incorrect indentation,Consistent indentation,Intermediate,Indented block should execute correctly,IndentationError,The variable name used in print does not match the declared variable.,Use the exact variable name that was declared.,"Indentation Error, Consistent indentation"
1068,Python,"if x > 0:
    print(x)
  print('end')",IndentationError,Indentation Error,Incorrect indentation,Consistent indentation,Beginner,Indented block should execute correctly,IndentationError,The operation combines values whose data types are not compatible.,Convert the values to compatible data types before applying the operation.,"Indentation Error, Consistent indentation"
1069,Python,"if True:
print('Hello')",IndentationError,Indentation Error,Incorrect indentation,Consistent indentation,Beginner,Indented block should execute correctly,IndentationError,The condition produces an incorrect result for the intended logic.,Review the condition so it matches the intended requirement.,"Indentation Error, Consistent indentation"
1070,Python,"if x > 0:
    print(x)
  print('end')",IndentationError,Indentation Error,Incorrect indentation,Python indentation,Beginner,Indented block should execute correctly,IndentationError,The variable name used in print does not match the declared variable.,Use the exact variable name that was declared.,"Indentation Error, Python indentation"
1071,Python,"for i in range(3):
  print(i)
    print('done')",IndentationError,Indentation Error,Incorrect indentation,Consistent indentation,Intermediate,Indented block should execute correctly,IndentationError,The requested index is outside the list range.,Use an index within the valid range of the list.,"Indentation Error, Consistent indentation"
1072,Python,"if x > 0:
    print(x)
  print('end')",IndentationError,Indentation Error,Incorrect indentation,Python indentation,Beginner,Indented block should execute correctly,IndentationError,The statement inside the block is not indented.,Indent the statement inside the if block.,"Indentation Error, Python indentation"
1073,Python,"if x > 0:
    print(x)
  print('end')",IndentationError,Indentation Error,Incorrect indentation,Python indentation,Beginner,Indented block should execute correctly,IndentationError,The code uses a variable that has not been defined.,Check that the variable is defined before use.,"Indentation Error, Python indentation"
1074,Python,"for i in range(3):
  print(i)
    print('done')",IndentationError,Indentation Error,Incorrect indentation,Consistent indentation,Beginner,Indented block should execute correctly,IndentationError,The function call does not provide all required arguments.,Pass all required function arguments.,"Indentation Error, Consistent indentation"
1075,Python,"if True:
print('Hello')",IndentationError,Indentation Error,Incorrect indentation,Python indentation,Beginner,Indented block should execute correctly,IndentationError,The code uses a variable that has not been defined.,Check that the variable is defined before use.,"Indentation Error, Python indentation"
1076,Python,"def greet():
print('Hi')",IndentationError,Indentation Error,Incorrect indentation,Consistent indentation,Beginner,Indented block should execute correctly,IndentationError,The function call does not provide all required arguments.,Pass all required function arguments.,"Indentation Error, Consistent indentation"
1077,Python,"if True:
print('Hello')",IndentationError,Indentation Error,Incorrect indentation,Consistent indentation,Beginner,Indented block should execute correctly,IndentationError,The variable name used in print does not match the declared variable.,Use the exact variable name that was declared.,"Indentation Error, Consistent indentation"
1078,Python,"if x > 0:
    print(x)
  print('end')",IndentationError,Indentation Error,Incorrect indentation,Consistent indentation,Beginner,Indented block should execute correctly,IndentationError,The requested index is outside the list range.,Use an index within the valid range of the list.,"Indentation Error, Consistent indentation"
1079,Python,"if True:
print('Hello')",IndentationError,Indentation Error,Incorrect indentation,Python indentation,Beginner,Indented block should execute correctly,IndentationError,The function call does not provide all required arguments.,Pass all required function arguments.,"Indentation Error, Python indentation"
1080,Python,"for i in range(3):
  print(i)
    print('done')",IndentationError,Indentation Error,Incorrect indentation,Python indentation,Beginner,Indented block should execute correctly,IndentationError,The code uses a variable that has not been defined.,Check that the variable is defined before use.,"Indentation Error, Python indentation"
1081,Python,"if x > 0:
    print(x)
  print('end')",IndentationError,Indentation Error,Incorrect indentation,Consistent indentation,Intermediate,Indented block should execute correctly,IndentationError,The statement inside the block is not indented.,Indent the statement inside the if block.,"Indentation Error, Consistent indentation"
1082,Python,"if True:
print('Hello')",IndentationError,Indentation Error,Incorrect indentation,Python indentation,Beginner,Indented block should execute correctly,IndentationError,The variable name used in print does not match the declared variable.,Use the exact variable name that was declared.,"Indentation Error, Python indentation"
1083,Python,"for i in range(3):
  print(i)
    print('done')",IndentationError,Indentation Error,Incorrect indentation,Python indentation,Beginner,Indented block should execute correctly,IndentationError,The operation combines values whose data types are not compatible.,Convert the values to compatible data types before applying the operation.,"Indentation Error, Python indentation"
1084,Python,"for i in range(3):
  print(i)
    print('done')",IndentationError,Indentation Error,Incorrect indentation,Python indentation,Intermediate,Indented block should execute correctly,IndentationError,The condition produces an incorrect result for the intended logic.,Review the condition so it matches the intended requirement.,"Indentation Error, Python indentation"
1085,Python,"for i in range(3):
  print(i)
    print('done')",IndentationError,Indentation Error,Incorrect indentation,Python indentation,Beginner,Indented block should execute correctly,IndentationError,The statement inside the block is not indented.,Indent the statement inside the if block.,"Indentation Error, Python indentation"
1086,Python,"if x > 0:
    print(x)
  print('end')",IndentationError,Indentation Error,Incorrect indentation,Python indentation,Beginner,Indented block should execute correctly,IndentationError,Python cannot find the requested module.,Install or import an available module.,"Indentation Error, Python indentation"
1087,Python,"if x > 0:
    print(x)
  print('end')",IndentationError,Indentation Error,Incorrect indentation,Python indentation,Beginner,Indented block should execute correctly,IndentationError,Python cannot find the requested module.,Install or import an available module.,"Indentation Error, Python indentation"
1088,Python,"if True:
print('Hello')",IndentationError,Indentation Error,Incorrect indentation,Consistent indentation,Beginner,Indented block should execute correctly,IndentationError,The operation combines values whose data types are not compatible.,Convert the values to compatible data types before applying the operation.,"Indentation Error, Consistent indentation"
1089,Python,"def greet():
print('Hi')",IndentationError,Indentation Error,Incorrect indentation,Consistent indentation,Beginner,Indented block should execute correctly,IndentationError,The code uses a variable that has not been defined.,Check that the variable is defined before use.,"Indentation Error, Consistent indentation"
1090,Python,"if x > 0:
    print(x)
  print('end')",IndentationError,Indentation Error,Incorrect indentation,Python indentation,Intermediate,Indented block should execute correctly,IndentationError,The condition produces an incorrect result for the intended logic.,Review the condition so it matches the intended requirement.,"Indentation Error, Python indentation"
1091,Python,"def greet():
print('Hi')",IndentationError,Indentation Error,Incorrect indentation,Consistent indentation,Intermediate,Indented block should execute correctly,IndentationError,The function call does not provide all required arguments.,Pass all required function arguments.,"Indentation Error, Consistent indentation"
1092,Python,"if True:
print('Hello')",IndentationError,Indentation Error,Incorrect indentation,Python indentation,Intermediate,Indented block should execute correctly,IndentationError,The statement inside the block is not indented.,Indent the statement inside the if block.,"Indentation Error, Python indentation"
1093,Python,"if x > 0:
    print(x)
  print('end')",IndentationError,Indentation Error,Incorrect indentation,Consistent indentation,Beginner,Indented block should execute correctly,IndentationError,The operation combines values whose data types are not compatible.,Convert the values to compatible data types before applying the operation.,"Indentation Error, Consistent indentation"
1094,Python,"if x > 0:
    print(x)
  print('end')",IndentationError,Indentation Error,Incorrect indentation,Python indentation,Beginner,Indented block should execute correctly,IndentationError,Python cannot find the requested module.,Install or import an available module.,"Indentation Error, Python indentation"
1095,Python,"for i in range(3):
  print(i)
    print('done')",IndentationError,Indentation Error,Incorrect indentation,Python indentation,Beginner,Indented block should execute correctly,IndentationError,Python block statements require a colon at the end.,Add a colon after the for statement.,"Indentation Error, Python indentation"
1096,Python,"def greet():
print('Hi')",IndentationError,Indentation Error,Incorrect indentation,Consistent indentation,Intermediate,Indented block should execute correctly,IndentationError,The negative index is outside the valid range.,Use a valid negative index within the list length.,"Indentation Error, Consistent indentation"
1097,Python,"if True:
print('Hello')",IndentationError,Indentation Error,Incorrect indentation,Python indentation,Beginner,Indented block should execute correctly,IndentationError,The negative index is outside the valid range.,Use a valid negative index within the list length.,"Indentation Error, Python indentation"
1098,Python,"if x > 0:
    print(x)
  print('end')",IndentationError,Indentation Error,Incorrect indentation,Consistent indentation,Beginner,Indented block should execute correctly,IndentationError,The requested index is outside the list range.,Use an index within the valid range of the list.,"Indentation Error, Consistent indentation"
1099,Python,"def greet():
print('Hi')",IndentationError,Indentation Error,Incorrect indentation,Consistent indentation,Intermediate,Indented block should execute correctly,IndentationError,Python cannot find the requested module.,Install or import an available module.,"Indentation Error, Consistent indentation"
1100,Python,"if True:
print('Hello')",IndentationError,Indentation Error,Incorrect indentation,Consistent indentation,Intermediate,Indented block should execute correctly,IndentationError,The code uses a variable that has not been defined.,Check that the variable is defined before use.,"Indentation Error, Consistent indentation"
1101,Python,"if x > 0:
    print(x)
  print('end')",IndentationError,Indentation Error,Incorrect indentation,Python indentation,Beginner,Indented block should execute correctly,IndentationError,The negative index is outside the valid range.,Use a valid negative index within the list length.,"Indentation Error, Python indentation"
1102,Python,"if x > 0:
    print(x)
  print('end')",IndentationError,Indentation Error,Incorrect indentation,Python indentation,Beginner,Indented block should execute correctly,IndentationError,The variable name used in print does not match the declared variable.,Use the exact variable name that was declared.,"Indentation Error, Python indentation"
1103,Python,"for i in range(3):
  print(i)
    print('done')",IndentationError,Indentation Error,Incorrect indentation,Python indentation,Beginner,Indented block should execute correctly,IndentationError,The statement inside the block is not indented.,Indent the statement inside the if block.,"Indentation Error, Python indentation"
1104,Python,"if x > 0:
    print(x)
  print('end')",IndentationError,Indentation Error,Incorrect indentation,Consistent indentation,Beginner,Indented block should execute correctly,IndentationError,The requested index is outside the list range.,Use an index within the valid range of the list.,"Indentation Error, Consistent indentation"
1105,Python,"if x > 0:
    print(x)
  print('end')",IndentationError,Indentation Error,Incorrect indentation,Python indentation,Beginner,Indented block should execute correctly,IndentationError,The variable name used in print does not match the declared variable.,Use the exact variable name that was declared.,"Indentation Error, Python indentation"
1106,Python,"if True:
print('Hello')",IndentationError,Indentation Error,Incorrect indentation,Consistent indentation,Beginner,Indented block should execute correctly,IndentationError,The function call does not provide all required arguments.,Pass all required function arguments.,"Indentation Error, Consistent indentation"
1107,Python,"if True:
print('Hello')",IndentationError,Indentation Error,Incorrect indentation,Python indentation,Beginner,Indented block should execute correctly,IndentationError,The statement inside the block is not indented.,Indent the statement inside the if block.,"Indentation Error, Python indentation"
1108,Python,"if True:
print('Hello')",IndentationError,Indentation Error,Incorrect indentation,Consistent indentation,Beginner,Indented block should execute correctly,IndentationError,The code uses a variable that has not been defined.,Check that the variable is defined before use.,"Indentation Error, Consistent indentation"
1109,Python,"if True:
print('Hello')",IndentationError,Indentation Error,Incorrect indentation,Python indentation,Beginner,Indented block should execute correctly,IndentationError,The code uses a variable that has not been defined.,Check that the variable is defined before use.,"Indentation Error, Python indentation"
1110,Python,"for i in range(3):
  print(i)
    print('done')",IndentationError,Indentation Error,Incorrect indentation,Consistent indentation,Intermediate,Indented block should execute correctly,IndentationError,The condition produces an incorrect result for the intended logic.,Review the condition so it matches the intended requirement.,"Indentation Error, Consistent indentation"
1111,Python,"if x > 0:
    print(x)
  print('end')",IndentationError,Indentation Error,Incorrect indentation,Consistent indentation,Beginner,Indented block should execute correctly,IndentationError,The requested index is outside the list range.,Use an index within the valid range of the list.,"Indentation Error, Consistent indentation"
1112,Python,"def greet():
print('Hi')",IndentationError,Indentation Error,Incorrect indentation,Python indentation,Beginner,Indented block should execute correctly,IndentationError,The code uses a variable that has not been defined.,Check that the variable is defined before use.,"Indentation Error, Python indentation"
1113,Python,"if x > 0:
    print(x)
  print('end')",IndentationError,Indentation Error,Incorrect indentation,Python indentation,Intermediate,Indented block should execute correctly,IndentationError,The negative index is outside the valid range.,Use a valid negative index within the list length.,"Indentation Error, Python indentation"
1114,Python,"if x > 0:
    print(x)
  print('end')",IndentationError,Indentation Error,Incorrect indentation,Consistent indentation,Beginner,Indented block should execute correctly,IndentationError,The statement inside the block is not indented.,Indent the statement inside the if block.,"Indentation Error, Consistent indentation"
1115,Python,"if True:
print('Hello')",IndentationError,Indentation Error,Incorrect indentation,Python indentation,Beginner,Indented block should execute correctly,IndentationError,The requested index is outside the list range.,Use an index within the valid range of the list.,"Indentation Error, Python indentation"
1116,Python,"for i in range(3):
  print(i)
    print('done')",IndentationError,Indentation Error,Incorrect indentation,Python indentation,Intermediate,Indented block should execute correctly,IndentationError,Python block statements require a colon at the end.,Add a colon after the for statement.,"Indentation Error, Python indentation"
1117,Python,"def greet():
print('Hi')",IndentationError,Indentation Error,Incorrect indentation,Python indentation,Beginner,Indented block should execute correctly,IndentationError,The code uses a variable that has not been defined.,Check that the variable is defined before use.,"Indentation Error, Python indentation"
1118,Python,"if True:
print('Hello')",IndentationError,Indentation Error,Incorrect indentation,Python indentation,Beginner,Indented block should execute correctly,IndentationError,Python cannot find the requested module.,Install or import an available module.,"Indentation Error, Python indentation"
1119,Python,"def greet():
print('Hi')",IndentationError,Indentation Error,Incorrect indentation,Consistent indentation,Beginner,Indented block should execute correctly,IndentationError,The requested index is outside the list range.,Use an index within the valid range of the list.,"Indentation Error, Consistent indentation"
1120,Python,"if x > 0:
    print(x)
  print('end')",IndentationError,Indentation Error,Incorrect indentation,Python indentation,Beginner,Indented block should execute correctly,IndentationError,The requested index is outside the list range.,Use an index within the valid range of the list.,"Indentation Error, Python indentation"
1121,Python,"if True:
print('Hello')",IndentationError,Indentation Error,Incorrect indentation,Consistent indentation,Beginner,Indented block should execute correctly,IndentationError,The statement inside the block is not indented.,Indent the statement inside the if block.,"Indentation Error, Consistent indentation"
1122,Python,"if True:
print('Hello')",IndentationError,Indentation Error,Incorrect indentation,Python indentation,Beginner,Indented block should execute correctly,IndentationError,The condition produces an incorrect result for the intended logic.,Review the condition so it matches the intended requirement.,"Indentation Error, Python indentation"
1123,Python,"def greet():
print('Hi')",IndentationError,Indentation Error,Incorrect indentation,Python indentation,Beginner,Indented block should execute correctly,IndentationError,The condition produces an incorrect result for the intended logic.,Review the condition so it matches the intended requirement.,"Indentation Error, Python indentation"
1124,Python,"if True:
print('Hello')",IndentationError,Indentation Error,Incorrect indentation,Python indentation,Intermediate,Indented block should execute correctly,IndentationError,The negative index is outside the valid range.,Use a valid negative index within the list length.,"Indentation Error, Python indentation"
1125,Python,"if x > 0:
    print(x)
  print('end')",IndentationError,Indentation Error,Incorrect indentation,Python indentation,Intermediate,Indented block should execute correctly,IndentationError,The condition produces an incorrect result for the intended logic.,Review the condition so it matches the intended requirement.,"Indentation Error, Python indentation"
1126,Python,"def greet():
print('Hi')",IndentationError,Indentation Error,Incorrect indentation,Python indentation,Intermediate,Indented block should execute correctly,IndentationError,The condition produces an incorrect result for the intended logic.,Review the condition so it matches the intended requirement.,"Indentation Error, Python indentation"
1127,Python,"if x > 0:
    print(x)
  print('end')",IndentationError,Indentation Error,Incorrect indentation,Python indentation,Intermediate,Indented block should execute correctly,IndentationError,The variable name used in print does not match the declared variable.,Use the exact variable name that was declared.,"Indentation Error, Python indentation"
1128,Python,"for i in range(3):
  print(i)
    print('done')",IndentationError,Indentation Error,Incorrect indentation,Consistent indentation,Intermediate,Indented block should execute correctly,IndentationError,The condition produces an incorrect result for the intended logic.,Review the condition so it matches the intended requirement.,"Indentation Error, Consistent indentation"
1129,Python,"def greet():
print('Hi')",IndentationError,Indentation Error,Incorrect indentation,Python indentation,Beginner,Indented block should execute correctly,IndentationError,Python cannot find the requested module.,Install or import an available module.,"Indentation Error, Python indentation"
1130,Python,"for i in range(3):
  print(i)
    print('done')",IndentationError,Indentation Error,Incorrect indentation,Python indentation,Beginner,Indented block should execute correctly,IndentationError,The statement inside the block is not indented.,Indent the statement inside the if block.,"Indentation Error, Python indentation"
1131,Python,"if x > 0:
    print(x)
  print('end')",IndentationError,Indentation Error,Incorrect indentation,Python indentation,Intermediate,Indented block should execute correctly,IndentationError,The operation combines values whose data types are not compatible.,Convert the values to compatible data types before applying the operation.,"Indentation Error, Python indentation"
1132,Python,"for i in range(3):
  print(i)
    print('done')",IndentationError,Indentation Error,Incorrect indentation,Consistent indentation,Intermediate,Indented block should execute correctly,IndentationError,The negative index is outside the valid range.,Use a valid negative index within the list length.,"Indentation Error, Consistent indentation"
1133,Python,"def greet():
print('Hi')",IndentationError,Indentation Error,Incorrect indentation,Consistent indentation,Beginner,Indented block should execute correctly,IndentationError,The statement inside the block is not indented.,Indent the statement inside the if block.,"Indentation Error, Consistent indentation"
1134,Python,"for i in range(3):
  print(i)
    print('done')",IndentationError,Indentation Error,Incorrect indentation,Python indentation,Intermediate,Indented block should execute correctly,IndentationError,The condition produces an incorrect result for the intended logic.,Review the condition so it matches the intended requirement.,"Indentation Error, Python indentation"
1135,Python,"def greet():
print('Hi')",IndentationError,Indentation Error,Incorrect indentation,Python indentation,Intermediate,Indented block should execute correctly,IndentationError,The operation combines values whose data types are not compatible.,Convert the values to compatible data types before applying the operation.,"Indentation Error, Python indentation"
1136,Python,"if True:
print('Hello')",IndentationError,Indentation Error,Incorrect indentation,Consistent indentation,Beginner,Indented block should execute correctly,IndentationError,The statement inside the block is not indented.,Indent the statement inside the if block.,"Indentation Error, Consistent indentation"
1137,Python,"if x > 0:
    print(x)
  print('end')",IndentationError,Indentation Error,Incorrect indentation,Consistent indentation,Intermediate,Indented block should execute correctly,IndentationError,The function call does not provide all required arguments.,Pass all required function arguments.,"Indentation Error, Consistent indentation"
1138,Python,"for i in range(3):
  print(i)
    print('done')",IndentationError,Indentation Error,Incorrect indentation,Consistent indentation,Beginner,Indented block should execute correctly,IndentationError,The negative index is outside the valid range.,Use a valid negative index within the list length.,"Indentation Error, Consistent indentation"
1139,Python,"if True:
print('Hello')",IndentationError,Indentation Error,Incorrect indentation,Python indentation,Beginner,Indented block should execute correctly,IndentationError,The negative index is outside the valid range.,Use a valid negative index within the list length.,"Indentation Error, Python indentation"
1140,Python,"if True:
print('Hello')",IndentationError,Indentation Error,Incorrect indentation,Python indentation,Intermediate,Indented block should execute correctly,IndentationError,The operation combines values whose data types are not compatible.,Convert the values to compatible data types before applying the operation.,"Indentation Error, Python indentation"
1141,Python,"for i in range(3):
  print(i)
    print('done')",IndentationError,Indentation Error,Incorrect indentation,Python indentation,Beginner,Indented block should execute correctly,IndentationError,The requested index is outside the list range.,Use an index within the valid range of the list.,"Indentation Error, Python indentation"
1142,Python,"def greet():
print('Hi')",IndentationError,Indentation Error,Incorrect indentation,Python indentation,Beginner,Indented block should execute correctly,IndentationError,Python block statements require a colon at the end.,Add a colon after the for statement.,"Indentation Error, Python indentation"
1143,Python,"def greet():
print('Hi')",IndentationError,Indentation Error,Incorrect indentation,Consistent indentation,Intermediate,Indented block should execute correctly,IndentationError,Python block statements require a colon at the end.,Add a colon after the for statement.,"Indentation Error, Consistent indentation"
1144,Python,"if x > 0:
    print(x)
  print('end')",IndentationError,Indentation Error,Incorrect indentation,Python indentation,Beginner,Indented block should execute correctly,IndentationError,The statement inside the block is not indented.,Indent the statement inside the if block.,"Indentation Error, Python indentation"
1145,Python,"def greet():
print('Hi')",IndentationError,Indentation Error,Incorrect indentation,Consistent indentation,Intermediate,Indented block should execute correctly,IndentationError,The negative index is outside the valid range.,Use a valid negative index within the list length.,"Indentation Error, Consistent indentation"
1146,Python,"if x > 0:
    print(x)
  print('end')",IndentationError,Indentation Error,Incorrect indentation,Consistent indentation,Beginner,Indented block should execute correctly,IndentationError,The negative index is outside the valid range.,Use a valid negative index within the list length.,"Indentation Error, Consistent indentation"
1147,Python,"if True:
print('Hello')",IndentationError,Indentation Error,Incorrect indentation,Consistent indentation,Beginner,Indented block should execute correctly,IndentationError,Python block statements require a colon at the end.,Add a colon after the for statement.,"Indentation Error, Consistent indentation"
1148,Python,"for i in range(3):
  print(i)
    print('done')",IndentationError,Indentation Error,Incorrect indentation,Python indentation,Intermediate,Indented block should execute correctly,IndentationError,Python cannot find the requested module.,Install or import an available module.,"Indentation Error, Python indentation"
1149,Python,"for i in range(3):
  print(i)
    print('done')",IndentationError,Indentation Error,Incorrect indentation,Python indentation,Beginner,Indented block should execute correctly,IndentationError,The code uses a variable that has not been defined.,Check that the variable is defined before use.,"Indentation Error, Python indentation"
1150,Python,"def greet():
print('Hi')",IndentationError,Indentation Error,Incorrect indentation,Consistent indentation,Intermediate,Indented block should execute correctly,IndentationError,The function call does not provide all required arguments.,Pass all required function arguments.,"Indentation Error, Consistent indentation"
1151,Python,"def greet():
print('Hi')",IndentationError,Indentation Error,Incorrect indentation,Consistent indentation,Intermediate,Indented block should execute correctly,IndentationError,The statement inside the block is not indented.,Indent the statement inside the if block.,"Indentation Error, Consistent indentation"
1152,Python,"if x > 0:
    print(x)
  print('end')",IndentationError,Indentation Error,Incorrect indentation,Python indentation,Beginner,Indented block should execute correctly,IndentationError,Python block statements require a colon at the end.,Add a colon after the for statement.,"Indentation Error, Python indentation"
1153,Python,"def greet():
print('Hi')",IndentationError,Indentation Error,Incorrect indentation,Consistent indentation,Beginner,Indented block should execute correctly,IndentationError,The variable name used in print does not match the declared variable.,Use the exact variable name that was declared.,"Indentation Error, Consistent indentation"
1154,Python,"if True:
print('Hello')",IndentationError,Indentation Error,Incorrect indentation,Consistent indentation,Beginner,Indented block should execute correctly,IndentationError,The negative index is outside the valid range.,Use a valid negative index within the list length.,"Indentation Error, Consistent indentation"
1155,Python,"for i in range(3):
  print(i)
    print('done')",IndentationError,Indentation Error,Incorrect indentation,Python indentation,Intermediate,Indented block should execute correctly,IndentationError,Python cannot find the requested module.,Install or import an available module.,"Indentation Error, Python indentation"
1156,Python,"def greet():
print('Hi')",IndentationError,Indentation Error,Incorrect indentation,Python indentation,Intermediate,Indented block should execute correctly,IndentationError,The operation combines values whose data types are not compatible.,Convert the values to compatible data types before applying the operation.,"Indentation Error, Python indentation"
1157,Python,"for i in range(3):
  print(i)
    print('done')",IndentationError,Indentation Error,Incorrect indentation,Python indentation,Beginner,Indented block should execute correctly,IndentationError,The code uses a variable that has not been defined.,Check that the variable is defined before use.,"Indentation Error, Python indentation"
1158,Python,"if True:
print('Hello')",IndentationError,Indentation Error,Incorrect indentation,Consistent indentation,Beginner,Indented block should execute correctly,IndentationError,The operation combines values whose data types are not compatible.,Convert the values to compatible data types before applying the operation.,"Indentation Error, Consistent indentation"
1159,Python,"if True:
print('Hello')",IndentationError,Indentation Error,Incorrect indentation,Python indentation,Intermediate,Indented block should execute correctly,IndentationError,The condition produces an incorrect result for the intended logic.,Review the condition so it matches the intended requirement.,"Indentation Error, Python indentation"
1160,Python,"if x > 0:
    print(x)
  print('end')",IndentationError,Indentation Error,Incorrect indentation,Consistent indentation,Intermediate,Indented block should execute correctly,IndentationError,Python block statements require a colon at the end.,Add a colon after the for statement.,"Indentation Error, Consistent indentation"
1161,Python,"if True:
print('Hello')",IndentationError,Indentation Error,Incorrect indentation,Consistent indentation,Intermediate,Indented block should execute correctly,IndentationError,The statement inside the block is not indented.,Indent the statement inside the if block.,"Indentation Error, Consistent indentation"
1162,Python,"def greet():
print('Hi')",IndentationError,Indentation Error,Incorrect indentation,Python indentation,Beginner,Indented block should execute correctly,IndentationError,The negative index is outside the valid range.,Use a valid negative index within the list length.,"Indentation Error, Python indentation"
1163,Python,"def greet():
print('Hi')",IndentationError,Indentation Error,Incorrect indentation,Consistent indentation,Beginner,Indented block should execute correctly,IndentationError,The variable name used in print does not match the declared variable.,Use the exact variable name that was declared.,"Indentation Error, Consistent indentation"
1164,Python,"if x > 0:
    print(x)
  print('end')",IndentationError,Indentation Error,Incorrect indentation,Consistent indentation,Beginner,Indented block should execute correctly,IndentationError,The negative index is outside the valid range.,Use a valid negative index within the list length.,"Indentation Error, Consistent indentation"
1165,Python,"def greet():
print('Hi')",IndentationError,Indentation Error,Incorrect indentation,Python indentation,Intermediate,Indented block should execute correctly,IndentationError,The requested index is outside the list range.,Use an index within the valid range of the list.,"Indentation Error, Python indentation"
1166,Python,"for i in range(3):
  print(i)
    print('done')",IndentationError,Indentation Error,Incorrect indentation,Python indentation,Beginner,Indented block should execute correctly,IndentationError,The statement inside the block is not indented.,Indent the statement inside the if block.,"Indentation Error, Python indentation"
1167,Python,"if x > 0:
    print(x)
  print('end')",IndentationError,Indentation Error,Incorrect indentation,Python indentation,Intermediate,Indented block should execute correctly,IndentationError,The condition produces an incorrect result for the intended logic.,Review the condition so it matches the intended requirement.,"Indentation Error, Python indentation"
1168,Python,"if True:
print('Hello')",IndentationError,Indentation Error,Incorrect indentation,Consistent indentation,Intermediate,Indented block should execute correctly,IndentationError,The code uses a variable that has not been defined.,Check that the variable is defined before use.,"Indentation Error, Consistent indentation"
1169,Python,"def greet():
print('Hi')",IndentationError,Indentation Error,Incorrect indentation,Python indentation,Intermediate,Indented block should execute correctly,IndentationError,The function call does not provide all required arguments.,Pass all required function arguments.,"Indentation Error, Python indentation"
1170,Python,"def greet():
print('Hi')",IndentationError,Indentation Error,Incorrect indentation,Consistent indentation,Beginner,Indented block should execute correctly,IndentationError,The condition produces an incorrect result for the intended logic.,Review the condition so it matches the intended requirement.,"Indentation Error, Consistent indentation"
1171,Python,"if x > 0:
    print(x)
  print('end')",IndentationError,Indentation Error,Incorrect indentation,Consistent indentation,Beginner,Indented block should execute correctly,IndentationError,The statement inside the block is not indented.,Indent the statement inside the if block.,"Indentation Error, Consistent indentation"
1172,Python,"for i in range(3):
  print(i)
    print('done')",IndentationError,Indentation Error,Incorrect indentation,Python indentation,Beginner,Indented block should execute correctly,IndentationError,Python block statements require a colon at the end.,Add a colon after the for statement.,"Indentation Error, Python indentation"
1173,Python,"if x > 0:
    print(x)
  print('end')",IndentationError,Indentation Error,Incorrect indentation,Consistent indentation,Beginner,Indented block should execute correctly,IndentationError,The statement inside the block is not indented.,Indent the statement inside the if block.,"Indentation Error, Consistent indentation"
1174,Python,"def greet():
print('Hi')",IndentationError,Indentation Error,Incorrect indentation,Python indentation,Beginner,Indented block should execute correctly,IndentationError,Python block statements require a colon at the end.,Add a colon after the for statement.,"Indentation Error, Python indentation"
1175,Python,"if True:
print('Hello')",IndentationError,Indentation Error,Incorrect indentation,Consistent indentation,Beginner,Indented block should execute correctly,IndentationError,The variable name used in print does not match the declared variable.,Use the exact variable name that was declared.,"Indentation Error, Consistent indentation"
1176,Python,"if True:
print('Hello')",IndentationError,Indentation Error,Incorrect indentation,Consistent indentation,Intermediate,Indented block should execute correctly,IndentationError,The negative index is outside the valid range.,Use a valid negative index within the list length.,"Indentation Error, Consistent indentation"
1177,Python,"def greet():
print('Hi')",IndentationError,Indentation Error,Incorrect indentation,Python indentation,Intermediate,Indented block should execute correctly,IndentationError,The requested index is outside the list range.,Use an index within the valid range of the list.,"Indentation Error, Python indentation"
1178,Python,"def greet():
print('Hi')",IndentationError,Indentation Error,Incorrect indentation,Python indentation,Intermediate,Indented block should execute correctly,IndentationError,The variable name used in print does not match the declared variable.,Use the exact variable name that was declared.,"Indentation Error, Python indentation"
1179,Python,"if True:
print('Hello')",IndentationError,Indentation Error,Incorrect indentation,Consistent indentation,Intermediate,Indented block should execute correctly,IndentationError,Python cannot find the requested module.,Install or import an available module.,"Indentation Error, Consistent indentation"
1180,Python,"if True:
print('Hello')",IndentationError,Indentation Error,Incorrect indentation,Consistent indentation,Beginner,Indented block should execute correctly,IndentationError,The operation combines values whose data types are not compatible.,Convert the values to compatible data types before applying the operation.,"Indentation Error, Consistent indentation"
1181,Python,"if True:
print('Hello')",IndentationError,Indentation Error,Incorrect indentation,Consistent indentation,Beginner,Indented block should execute correctly,IndentationError,The statement inside the block is not indented.,Indent the statement inside the if block.,"Indentation Error, Consistent indentation"
1182,Python,"def greet():
print('Hi')",IndentationError,Indentation Error,Incorrect indentation,Python indentation,Beginner,Indented block should execute correctly,IndentationError,The code uses a variable that has not been defined.,Check that the variable is defined before use.,"Indentation Error, Python indentation"
1183,Python,"def greet():
print('Hi')",IndentationError,Indentation Error,Incorrect indentation,Consistent indentation,Beginner,Indented block should execute correctly,IndentationError,The variable name used in print does not match the declared variable.,Use the exact variable name that was declared.,"Indentation Error, Consistent indentation"
1184,Python,"if x > 0:
    print(x)
  print('end')",IndentationError,Indentation Error,Incorrect indentation,Python indentation,Intermediate,Indented block should execute correctly,IndentationError,Python cannot find the requested module.,Install or import an available module.,"Indentation Error, Python indentation"
1185,Python,"for i in range(3):
  print(i)
    print('done')",IndentationError,Indentation Error,Incorrect indentation,Python indentation,Beginner,Indented block should execute correctly,IndentationError,Python cannot find the requested module.,Install or import an available module.,"Indentation Error, Python indentation"
1186,Python,"if True:
print('Hello')",IndentationError,Indentation Error,Incorrect indentation,Python indentation,Intermediate,Indented block should execute correctly,IndentationError,The variable name used in print does not match the declared variable.,Use the exact variable name that was declared.,"Indentation Error, Python indentation"
1187,Python,"if True:
print('Hello')",IndentationError,Indentation Error,Incorrect indentation,Consistent indentation,Intermediate,Indented block should execute correctly,IndentationError,The condition produces an incorrect result for the intended logic.,Review the condition so it matches the intended requirement.,"Indentation Error, Consistent indentation"
1188,Python,"if True:
print('Hello')",IndentationError,Indentation Error,Incorrect indentation,Consistent indentation,Beginner,Indented block should execute correctly,IndentationError,The code uses a variable that has not been defined.,Check that the variable is defined before use.,"Indentation Error, Consistent indentation"
1189,Python,"for i in range(3):
  print(i)
    print('done')",IndentationError,Indentation Error,Incorrect indentation,Consistent indentation,Intermediate,Indented block should execute correctly,IndentationError,The variable name used in print does not match the declared variable.,Use the exact variable name that was declared.,"Indentation Error, Consistent indentation"
1190,Python,"if True:
print('Hello')",IndentationError,Indentation Error,Incorrect indentation,Python indentation,Beginner,Indented block should execute correctly,IndentationError,The condition produces an incorrect result for the intended logic.,Review the condition so it matches the intended requirement.,"Indentation Error, Python indentation"
1191,Python,"if x > 0:
    print(x)
  print('end')",IndentationError,Indentation Error,Incorrect indentation,Python indentation,Intermediate,Indented block should execute correctly,IndentationError,Python cannot find the requested module.,Install or import an available module.,"Indentation Error, Python indentation"
1192,Python,"def greet():
print('Hi')",IndentationError,Indentation Error,Incorrect indentation,Python indentation,Intermediate,Indented block should execute correctly,IndentationError,The function call does not provide all required arguments.,Pass all required function arguments.,"Indentation Error, Python indentation"
1193,Python,"if x > 0:
    print(x)
  print('end')",IndentationError,Indentation Error,Incorrect indentation,Python indentation,Intermediate,Indented block should execute correctly,IndentationError,The operation combines values whose data types are not compatible.,Convert the values to compatible data types before applying the operation.,"Indentation Error, Python indentation"
1194,Python,"for i in range(3):
  print(i)
    print('done')",IndentationError,Indentation Error,Incorrect indentation,Python indentation,Intermediate,Indented block should execute correctly,IndentationError,The operation combines values whose data types are not compatible.,Convert the values to compatible data types before applying the operation.,"Indentation Error, Python indentation"
1195,Python,"if True:
print('Hello')",IndentationError,Indentation Error,Incorrect indentation,Consistent indentation,Intermediate,Indented block should execute correctly,IndentationError,The statement inside the block is not indented.,Indent the statement inside the if block.,"Indentation Error, Consistent indentation"
1196,Python,"if True:
print('Hello')",IndentationError,Indentation Error,Incorrect indentation,Consistent indentation,Beginner,Indented block should execute correctly,IndentationError,The operation combines values whose data types are not compatible.,Convert the values to compatible data types before applying the operation.,"Indentation Error, Consistent indentation"
1197,Python,"if x > 0:
    print(x)
  print('end')",IndentationError,Indentation Error,Incorrect indentation,Python indentation,Intermediate,Indented block should execute correctly,IndentationError,The condition produces an incorrect result for the intended logic.,Review the condition so it matches the intended requirement.,"Indentation Error, Python indentation"
1198,Python,"for i in range(3):
  print(i)
    print('done')",IndentationError,Indentation Error,Incorrect indentation,Consistent indentation,Beginner,Indented block should execute correctly,IndentationError,The variable name used in print does not match the declared variable.,Use the exact variable name that was declared.,"Indentation Error, Consistent indentation"
1199,Python,"def greet():
print('Hi')",IndentationError,Indentation Error,Incorrect indentation,Consistent indentation,Beginner,Indented block should execute correctly,IndentationError,The statement inside the block is not indented.,Indent the statement inside the if block.,"Indentation Error, Consistent indentation"
1200,Python,"def greet():
print('Hi')",IndentationError,Indentation Error,Incorrect indentation,Consistent indentation,Beginner,Indented block should execute correctly,IndentationError,The negative index is outside the valid range.,Use a valid negative index within the list length.,"Indentation Error, Consistent indentation"
1201,Python,"for i in range(3):
  print(i)
    print('done')",IndentationError,Indentation Error,Incorrect indentation,Python indentation,Beginner,Indented block should execute correctly,IndentationError,The requested index is outside the list range.,Use an index within the valid range of the list.,"Indentation Error, Python indentation"
1202,Python,"if True:
print('Hello')",IndentationError,Indentation Error,Incorrect indentation,Python indentation,Intermediate,Indented block should execute correctly,IndentationError,The operation combines values whose data types are not compatible.,Convert the values to compatible data types before applying the operation.,"Indentation Error, Python indentation"
1203,Python,"if True:
print('Hello')",IndentationError,Indentation Error,Incorrect indentation,Python indentation,Beginner,Indented block should execute correctly,IndentationError,The negative index is outside the valid range.,Use a valid negative index within the list length.,"Indentation Error, Python indentation"
1204,Python,"for i in range(3):
  print(i)
    print('done')",IndentationError,Indentation Error,Incorrect indentation,Consistent indentation,Beginner,Indented block should execute correctly,IndentationError,The variable name used in print does not match the declared variable.,Use the exact variable name that was declared.,"Indentation Error, Consistent indentation"
1205,Python,"if x > 0:
    print(x)
  print('end')",IndentationError,Indentation Error,Incorrect indentation,Python indentation,Beginner,Indented block should execute correctly,IndentationError,The condition produces an incorrect result for the intended logic.,Review the condition so it matches the intended requirement.,"Indentation Error, Python indentation"
1206,Python,"def greet():
print('Hi')",IndentationError,Indentation Error,Incorrect indentation,Python indentation,Beginner,Indented block should execute correctly,IndentationError,The operation combines values whose data types are not compatible.,Convert the values to compatible data types before applying the operation.,"Indentation Error, Python indentation"
1207,Python,"if True:
print('Hello')",IndentationError,Indentation Error,Incorrect indentation,Python indentation,Beginner,Indented block should execute correctly,IndentationError,The condition produces an incorrect result for the intended logic.,Review the condition so it matches the intended requirement.,"Indentation Error, Python indentation"
1208,Python,"if x > 0:
    print(x)
  print('end')",IndentationError,Indentation Error,Incorrect indentation,Python indentation,Beginner,Indented block should execute correctly,IndentationError,The function call does not provide all required arguments.,Pass all required function arguments.,"Indentation Error, Python indentation"
1209,Python,"def greet():
print('Hi')",IndentationError,Indentation Error,Incorrect indentation,Consistent indentation,Intermediate,Indented block should execute correctly,IndentationError,Python block statements require a colon at the end.,Add a colon after the for statement.,"Indentation Error, Consistent indentation"
1210,Python,"for i in range(3):
  print(i)
    print('done')",IndentationError,Indentation Error,Incorrect indentation,Consistent indentation,Beginner,Indented block should execute correctly,IndentationError,The statement inside the block is not indented.,Indent the statement inside the if block.,"Indentation Error, Consistent indentation"
1211,Python,"for i in range(3):
  print(i)
    print('done')",IndentationError,Indentation Error,Incorrect indentation,Python indentation,Beginner,Indented block should execute correctly,IndentationError,The code uses a variable that has not been defined.,Check that the variable is defined before use.,"Indentation Error, Python indentation"
1212,Python,"for i in range(3):
  print(i)
    print('done')",IndentationError,Indentation Error,Incorrect indentation,Python indentation,Beginner,Indented block should execute correctly,IndentationError,Python cannot find the requested module.,Install or import an available module.,"Indentation Error, Python indentation"
1213,Python,"if x > 0:
    print(x)
  print('end')",IndentationError,Indentation Error,Incorrect indentation,Python indentation,Beginner,Indented block should execute correctly,IndentationError,The statement inside the block is not indented.,Indent the statement inside the if block.,"Indentation Error, Python indentation"
1214,Python,"for i in range(3):
  print(i)
    print('done')",IndentationError,Indentation Error,Incorrect indentation,Python indentation,Beginner,Indented block should execute correctly,IndentationError,The statement inside the block is not indented.,Indent the statement inside the if block.,"Indentation Error, Python indentation"
1215,Python,"def greet():
print('Hi')",IndentationError,Indentation Error,Incorrect indentation,Consistent indentation,Intermediate,Indented block should execute correctly,IndentationError,The variable name used in print does not match the declared variable.,Use the exact variable name that was declared.,"Indentation Error, Consistent indentation"
1216,Python,"for i in range(3):
  print(i)
    print('done')",IndentationError,Indentation Error,Incorrect indentation,Consistent indentation,Beginner,Indented block should execute correctly,IndentationError,The variable name used in print does not match the declared variable.,Use the exact variable name that was declared.,"Indentation Error, Consistent indentation"
1217,Python,"for i in range(3):
  print(i)
    print('done')",IndentationError,Indentation Error,Incorrect indentation,Consistent indentation,Intermediate,Indented block should execute correctly,IndentationError,The requested index is outside the list range.,Use an index within the valid range of the list.,"Indentation Error, Consistent indentation"
1218,Python,"if True:
print('Hello')",IndentationError,Indentation Error,Incorrect indentation,Consistent indentation,Beginner,Indented block should execute correctly,IndentationError,The variable name used in print does not match the declared variable.,Use the exact variable name that was declared.,"Indentation Error, Consistent indentation"
1219,Python,"if x > 0:
    print(x)
  print('end')",IndentationError,Indentation Error,Incorrect indentation,Consistent indentation,Intermediate,Indented block should execute correctly,IndentationError,The code uses a variable that has not been defined.,Check that the variable is defined before use.,"Indentation Error, Consistent indentation"
1220,Python,"for i in range(3):
  print(i)
    print('done')",IndentationError,Indentation Error,Incorrect indentation,Python indentation,Intermediate,Indented block should execute correctly,IndentationError,The code uses a variable that has not been defined.,Check that the variable is defined before use.,"Indentation Error, Python indentation"
1221,Python,"def greet():
print('Hi')",IndentationError,Indentation Error,Incorrect indentation,Consistent indentation,Beginner,Indented block should execute correctly,IndentationError,The function call does not provide all required arguments.,Pass all required function arguments.,"Indentation Error, Consistent indentation"
1222,Python,"for i in range(3):
  print(i)
    print('done')",IndentationError,Indentation Error,Incorrect indentation,Python indentation,Beginner,Indented block should execute correctly,IndentationError,The requested index is outside the list range.,Use an index within the valid range of the list.,"Indentation Error, Python indentation"
1223,Python,"if True:
print('Hello')",IndentationError,Indentation Error,Incorrect indentation,Python indentation,Beginner,Indented block should execute correctly,IndentationError,The negative index is outside the valid range.,Use a valid negative index within the list length.,"Indentation Error, Python indentation"
1224,Python,"if True:
print('Hello')",IndentationError,Indentation Error,Incorrect indentation,Python indentation,Intermediate,Indented block should execute correctly,IndentationError,The negative index is outside the valid range.,Use a valid negative index within the list length.,"Indentation Error, Python indentation"
1225,Python,"def greet():
print('Hi')",IndentationError,Indentation Error,Incorrect indentation,Python indentation,Intermediate,Indented block should execute correctly,IndentationError,The condition produces an incorrect result for the intended logic.,Review the condition so it matches the intended requirement.,"Indentation Error, Python indentation"
1226,Python,"def greet():
print('Hi')",IndentationError,Indentation Error,Incorrect indentation,Python indentation,Beginner,Indented block should execute correctly,IndentationError,The function call does not provide all required arguments.,Pass all required function arguments.,"Indentation Error, Python indentation"
1227,Python,"def greet():
print('Hi')",IndentationError,Indentation Error,Incorrect indentation,Consistent indentation,Intermediate,Indented block should execute correctly,IndentationError,The condition produces an incorrect result for the intended logic.,Review the condition so it matches the intended requirement.,"Indentation Error, Consistent indentation"
1228,Python,"for i in range(3):
  print(i)
    print('done')",IndentationError,Indentation Error,Incorrect indentation,Consistent indentation,Beginner,Indented block should execute correctly,IndentationError,The function call does not provide all required arguments.,Pass all required function arguments.,"Indentation Error, Consistent indentation"
1229,Python,"def greet():
print('Hi')",IndentationError,Indentation Error,Incorrect indentation,Python indentation,Beginner,Indented block should execute correctly,IndentationError,The function call does not provide all required arguments.,Pass all required function arguments.,"Indentation Error, Python indentation"
1230,Python,"def greet():
print('Hi')",IndentationError,Indentation Error,Incorrect indentation,Python indentation,Beginner,Indented block should execute correctly,IndentationError,The statement inside the block is not indented.,Indent the statement inside the if block.,"Indentation Error, Python indentation"
1231,Python,"for i in range(3):
  print(i)
    print('done')",IndentationError,Indentation Error,Incorrect indentation,Consistent indentation,Beginner,Indented block should execute correctly,IndentationError,The requested index is outside the list range.,Use an index within the valid range of the list.,"Indentation Error, Consistent indentation"
1232,Python,"if True:
print('Hello')",IndentationError,Indentation Error,Incorrect indentation,Python indentation,Beginner,Indented block should execute correctly,IndentationError,The function call does not provide all required arguments.,Pass all required function arguments.,"Indentation Error, Python indentation"
1233,Python,"if True:
print('Hello')",IndentationError,Indentation Error,Incorrect indentation,Consistent indentation,Intermediate,Indented block should execute correctly,IndentationError,The statement inside the block is not indented.,Indent the statement inside the if block.,"Indentation Error, Consistent indentation"
1234,Python,"for i in range(3):
  print(i)
    print('done')",IndentationError,Indentation Error,Incorrect indentation,Consistent indentation,Intermediate,Indented block should execute correctly,IndentationError,Python block statements require a colon at the end.,Add a colon after the for statement.,"Indentation Error, Consistent indentation"
1235,Python,"def greet():
print('Hi')",IndentationError,Indentation Error,Incorrect indentation,Consistent indentation,Beginner,Indented block should execute correctly,IndentationError,The condition produces an incorrect result for the intended logic.,Review the condition so it matches the intended requirement.,"Indentation Error, Consistent indentation"
1236,Python,"for i in range(3):
  print(i)
    print('done')",IndentationError,Indentation Error,Incorrect indentation,Consistent indentation,Intermediate,Indented block should execute correctly,IndentationError,Python cannot find the requested module.,Install or import an available module.,"Indentation Error, Consistent indentation"
1237,Python,"for i in range(3):
  print(i)
    print('done')",IndentationError,Indentation Error,Incorrect indentation,Consistent indentation,Beginner,Indented block should execute correctly,IndentationError,The variable name used in print does not match the declared variable.,Use the exact variable name that was declared.,"Indentation Error, Consistent indentation"
1238,Python,"if x > 0:
    print(x)
  print('end')",IndentationError,Indentation Error,Incorrect indentation,Python indentation,Beginner,Indented block should execute correctly,IndentationError,The negative index is outside the valid range.,Use a valid negative index within the list length.,"Indentation Error, Python indentation"
1239,Python,"if x > 0:
    print(x)
  print('end')",IndentationError,Indentation Error,Incorrect indentation,Python indentation,Intermediate,Indented block should execute correctly,IndentationError,The function call does not provide all required arguments.,Pass all required function arguments.,"Indentation Error, Python indentation"
1240,Python,"def greet():
print('Hi')",IndentationError,Indentation Error,Incorrect indentation,Python indentation,Beginner,Indented block should execute correctly,IndentationError,The negative index is outside the valid range.,Use a valid negative index within the list length.,"Indentation Error, Python indentation"
1241,Python,"if True:
print('Hello')",IndentationError,Indentation Error,Incorrect indentation,Python indentation,Intermediate,Indented block should execute correctly,IndentationError,The requested index is outside the list range.,Use an index within the valid range of the list.,"Indentation Error, Python indentation"
1242,Python,"def greet():
print('Hi')",IndentationError,Indentation Error,Incorrect indentation,Consistent indentation,Beginner,Indented block should execute correctly,IndentationError,Python block statements require a colon at the end.,Add a colon after the for statement.,"Indentation Error, Consistent indentation"
1243,Python,"for i in range(3):
  print(i)
    print('done')",IndentationError,Indentation Error,Incorrect indentation,Python indentation,Intermediate,Indented block should execute correctly,IndentationError,The operation combines values whose data types are not compatible.,Convert the values to compatible data types before applying the operation.,"Indentation Error, Python indentation"
1244,Python,"def greet():
print('Hi')",IndentationError,Indentation Error,Incorrect indentation,Consistent indentation,Beginner,Indented block should execute correctly,IndentationError,The variable name used in print does not match the declared variable.,Use the exact variable name that was declared.,"Indentation Error, Consistent indentation"
1245,Python,"if x > 0:
    print(x)
  print('end')",IndentationError,Indentation Error,Incorrect indentation,Python indentation,Intermediate,Indented block should execute correctly,IndentationError,The variable name used in print does not match the declared variable.,Use the exact variable name that was declared.,"Indentation Error, Python indentation"
1246,Python,"def greet():
print('Hi')",IndentationError,Indentation Error,Incorrect indentation,Python indentation,Intermediate,Indented block should execute correctly,IndentationError,The function call does not provide all required arguments.,Pass all required function arguments.,"Indentation Error, Python indentation"
1247,Python,"if True:
print('Hello')",IndentationError,Indentation Error,Incorrect indentation,Python indentation,Beginner,Indented block should execute correctly,IndentationError,Python cannot find the requested module.,Install or import an available module.,"Indentation Error, Python indentation"
1248,Python,"def greet():
print('Hi')",IndentationError,Indentation Error,Incorrect indentation,Python indentation,Beginner,Indented block should execute correctly,IndentationError,The operation combines values whose data types are not compatible.,Convert the values to compatible data types before applying the operation.,"Indentation Error, Python indentation"
1249,Python,"if True:
print('Hello')",IndentationError,Indentation Error,Incorrect indentation,Consistent indentation,Intermediate,Indented block should execute correctly,IndentationError,The negative index is outside the valid range.,Use a valid negative index within the list length.,"Indentation Error, Consistent indentation"
1250,Python,"def greet():
print('Hi')",IndentationError,Indentation Error,Incorrect indentation,Python indentation,Beginner,Indented block should execute correctly,IndentationError,The code uses a variable that has not been defined.,Check that the variable is defined before use.,"Indentation Error, Python indentation"
1251,Python,from collections import unknown_item,ModuleNotFoundError,Import Error,Invalid or unavailable import,Python modules and imports,Intermediate,Module should import successfully,ModuleNotFoundError,The negative index is outside the valid range.,Use a valid negative index within the list length.,"Import Error, Python modules and imports"
1252,Python,import pandas_missing,No module named,Import Error,Invalid or unavailable import,Package installation and imports,Beginner,Module should import successfully,No module named,The code uses a variable that has not been defined.,Check that the variable is defined before use.,"Import Error, Package installation and imports"
1253,Python,from collections import unknown_item,ModuleNotFoundError,Import Error,Invalid or unavailable import,Python modules and imports,Beginner,Module should import successfully,ModuleNotFoundError,The function call does not provide all required arguments.,Pass all required function arguments.,"Import Error, Python modules and imports"
1254,Python,from collections import unknown_item,ModuleNotFoundError,Import Error,Invalid or unavailable import,Python modules and imports,Intermediate,Module should import successfully,ModuleNotFoundError,The requested index is outside the list range.,Use an index within the valid range of the list.,"Import Error, Python modules and imports"
1255,Python,from math import unknown_function,ModuleNotFoundError,Import Error,Invalid or unavailable import,Python modules and imports,Intermediate,Module should import successfully,ModuleNotFoundError,The condition produces an incorrect result for the intended logic.,Review the condition so it matches the intended requirement.,"Import Error, Python modules and imports"
1256,Python,import pandas_missing,No module named,Import Error,Invalid or unavailable import,Package installation and imports,Beginner,Module should import successfully,No module named,The negative index is outside the valid range.,Use a valid negative index within the list length.,"Import Error, Package installation and imports"
1257,Python,from collections import unknown_item,No module named,Import Error,Invalid or unavailable import,Package installation and imports,Intermediate,Module should import successfully,No module named,The statement inside the block is not indented.,Indent the statement inside the if block.,"Import Error, Package installation and imports"
1258,Python,from math import unknown_function,No module named,Import Error,Invalid or unavailable import,Package installation and imports,Beginner,Module should import successfully,No module named,The variable name used in print does not match the declared variable.,Use the exact variable name that was declared.,"Import Error, Package installation and imports"
1259,Python,import nonexistingmodule,ImportError: cannot import name,Import Error,Invalid or unavailable import,Module imports,Beginner,Module should import successfully,ImportError: cannot import name,The operation combines values whose data types are not compatible.,Convert the values to compatible data types before applying the operation.,"Import Error, Module imports"
1260,Python,from collections import unknown_item,ModuleNotFoundError,Import Error,Invalid or unavailable import,Python modules and imports,Beginner,Module should import successfully,ModuleNotFoundError,The negative index is outside the valid range.,Use a valid negative index within the list length.,"Import Error, Python modules and imports"
1261,Python,from math import unknown_function,No module named,Import Error,Invalid or unavailable import,Package installation and imports,Beginner,Module should import successfully,No module named,The variable name used in print does not match the declared variable.,Use the exact variable name that was declared.,"Import Error, Package installation and imports"
1262,Python,import nonexistingmodule,No module named,Import Error,Invalid or unavailable import,Package installation and imports,Intermediate,Module should import successfully,No module named,The condition produces an incorrect result for the intended logic.,Review the condition so it matches the intended requirement.,"Import Error, Package installation and imports"
1263,Python,import nonexistingmodule,No module named,Import Error,Invalid or unavailable import,Package installation and imports,Beginner,Module should import successfully,No module named,The variable name used in print does not match the declared variable.,Use the exact variable name that was declared.,"Import Error, Package installation and imports"
1264,Python,import nonexistingmodule,No module named,Import Error,Invalid or unavailable import,Package installation and imports,Intermediate,Module should import successfully,No module named,The operation combines values whose data types are not compatible.,Convert the values to compatible data types before applying the operation.,"Import Error, Package installation and imports"
1265,Python,from collections import unknown_item,No module named,Import Error,Invalid or unavailable import,Package installation and imports,Beginner,Module should import successfully,No module named,Python cannot find the requested module.,Install or import an available module.,"Import Error, Package installation and imports"
1266,Python,from collections import unknown_item,ModuleNotFoundError,Import Error,Invalid or unavailable import,Python modules and imports,Beginner,Module should import successfully,ModuleNotFoundError,The negative index is outside the valid range.,Use a valid negative index within the list length.,"Import Error, Python modules and imports"
1267,Python,import pandas_missing,ImportError: cannot import name,Import Error,Invalid or unavailable import,Module imports,Intermediate,Module should import successfully,ImportError: cannot import name,Python cannot find the requested module.,Install or import an available module.,"Import Error, Module imports"
1268,Python,import nonexistingmodule,No module named,Import Error,Invalid or unavailable import,Package installation and imports,Beginner,Module should import successfully,No module named,The condition produces an incorrect result for the intended logic.,Review the condition so it matches the intended requirement.,"Import Error, Package installation and imports"
1269,Python,from collections import unknown_item,ModuleNotFoundError,Import Error,Invalid or unavailable import,Python modules and imports,Beginner,Module should import successfully,ModuleNotFoundError,Python block statements require a colon at the end.,Add a colon after the for statement.,"Import Error, Python modules and imports"
1270,Python,from collections import unknown_item,ModuleNotFoundError,Import Error,Invalid or unavailable import,Python modules and imports,Beginner,Module should import successfully,ModuleNotFoundError,Python block statements require a colon at the end.,Add a colon after the for statement.,"Import Error, Python modules and imports"
1271,Python,import nonexistingmodule,ModuleNotFoundError,Import Error,Invalid or unavailable import,Python modules and imports,Intermediate,Module should import successfully,ModuleNotFoundError,The code uses a variable that has not been defined.,Check that the variable is defined before use.,"Import Error, Python modules and imports"
1272,Python,import nonexistingmodule,No module named,Import Error,Invalid or unavailable import,Package installation and imports,Beginner,Module should import successfully,No module named,The variable name used in print does not match the declared variable.,Use the exact variable name that was declared.,"Import Error, Package installation and imports"
1273,Python,import pandas_missing,No module named,Import Error,Invalid or unavailable import,Package installation and imports,Beginner,Module should import successfully,No module named,The requested index is outside the list range.,Use an index within the valid range of the list.,"Import Error, Package installation and imports"
1274,Python,from math import unknown_function,ImportError: cannot import name,Import Error,Invalid or unavailable import,Module imports,Beginner,Module should import successfully,ImportError: cannot import name,The variable name used in print does not match the declared variable.,Use the exact variable name that was declared.,"Import Error, Module imports"
1275,Python,import pandas_missing,No module named,Import Error,Invalid or unavailable import,Package installation and imports,Beginner,Module should import successfully,No module named,The condition produces an incorrect result for the intended logic.,Review the condition so it matches the intended requirement.,"Import Error, Package installation and imports"
1276,Python,import pandas_missing,No module named,Import Error,Invalid or unavailable import,Package installation and imports,Intermediate,Module should import successfully,No module named,Python cannot find the requested module.,Install or import an available module.,"Import Error, Package installation and imports"
1277,Python,from math import unknown_function,ImportError: cannot import name,Import Error,Invalid or unavailable import,Module imports,Beginner,Module should import successfully,ImportError: cannot import name,Python cannot find the requested module.,Install or import an available module.,"Import Error, Module imports"
1278,Python,from collections import unknown_item,No module named,Import Error,Invalid or unavailable import,Package installation and imports,Beginner,Module should import successfully,No module named,The negative index is outside the valid range.,Use a valid negative index within the list length.,"Import Error, Package installation and imports"
1279,Python,from collections import unknown_item,ImportError: cannot import name,Import Error,Invalid or unavailable import,Module imports,Beginner,Module should import successfully,ImportError: cannot import name,The negative index is outside the valid range.,Use a valid negative index within the list length.,"Import Error, Module imports"
1280,Python,import pandas_missing,ImportError: cannot import name,Import Error,Invalid or unavailable import,Module imports,Intermediate,Module should import successfully,ImportError: cannot import name,The condition produces an incorrect result for the intended logic.,Review the condition so it matches the intended requirement.,"Import Error, Module imports"
1281,Python,import nonexistingmodule,ImportError: cannot import name,Import Error,Invalid or unavailable import,Module imports,Intermediate,Module should import successfully,ImportError: cannot import name,The operation combines values whose data types are not compatible.,Convert the values to compatible data types before applying the operation.,"Import Error, Module imports"
1282,Python,from math import unknown_function,ModuleNotFoundError,Import Error,Invalid or unavailable import,Python modules and imports,Beginner,Module should import successfully,ModuleNotFoundError,The function call does not provide all required arguments.,Pass all required function arguments.,"Import Error, Python modules and imports"
1283,Python,from collections import unknown_item,ModuleNotFoundError,Import Error,Invalid or unavailable import,Python modules and imports,Beginner,Module should import successfully,ModuleNotFoundError,The negative index is outside the valid range.,Use a valid negative index within the list length.,"Import Error, Python modules and imports"
1284,Python,import nonexistingmodule,No module named,Import Error,Invalid or unavailable import,Package installation and imports,Beginner,Module should import successfully,No module named,The condition produces an incorrect result for the intended logic.,Review the condition so it matches the intended requirement.,"Import Error, Package installation and imports"
1285,Python,import nonexistingmodule,ImportError: cannot import name,Import Error,Invalid or unavailable import,Module imports,Beginner,Module should import successfully,ImportError: cannot import name,The code uses a variable that has not been defined.,Check that the variable is defined before use.,"Import Error, Module imports"
1286,Python,from collections import unknown_item,ImportError: cannot import name,Import Error,Invalid or unavailable import,Module imports,Beginner,Module should import successfully,ImportError: cannot import name,The condition produces an incorrect result for the intended logic.,Review the condition so it matches the intended requirement.,"Import Error, Module imports"
1287,Python,from math import unknown_function,ModuleNotFoundError,Import Error,Invalid or unavailable import,Python modules and imports,Beginner,Module should import successfully,ModuleNotFoundError,Python block statements require a colon at the end.,Add a colon after the for statement.,"Import Error, Python modules and imports"
1288,Python,import nonexistingmodule,ModuleNotFoundError,Import Error,Invalid or unavailable import,Python modules and imports,Intermediate,Module should import successfully,ModuleNotFoundError,The condition produces an incorrect result for the intended logic.,Review the condition so it matches the intended requirement.,"Import Error, Python modules and imports"
1289,Python,import pandas_missing,ImportError: cannot import name,Import Error,Invalid or unavailable import,Module imports,Intermediate,Module should import successfully,ImportError: cannot import name,Python cannot find the requested module.,Install or import an available module.,"Import Error, Module imports"
1290,Python,from math import unknown_function,No module named,Import Error,Invalid or unavailable import,Package installation and imports,Intermediate,Module should import successfully,No module named,The code uses a variable that has not been defined.,Check that the variable is defined before use.,"Import Error, Package installation and imports"
1291,Python,import nonexistingmodule,ImportError: cannot import name,Import Error,Invalid or unavailable import,Module imports,Beginner,Module should import successfully,ImportError: cannot import name,The function call does not provide all required arguments.,Pass all required function arguments.,"Import Error, Module imports"
1292,Python,import pandas_missing,No module named,Import Error,Invalid or unavailable import,Package installation and imports,Beginner,Module should import successfully,No module named,The negative index is outside the valid range.,Use a valid negative index within the list length.,"Import Error, Package installation and imports"
1293,Python,from math import unknown_function,ModuleNotFoundError,Import Error,Invalid or unavailable import,Python modules and imports,Intermediate,Module should import successfully,ModuleNotFoundError,The condition produces an incorrect result for the intended logic.,Review the condition so it matches the intended requirement.,"Import Error, Python modules and imports"
1294,Python,import pandas_missing,ModuleNotFoundError,Import Error,Invalid or unavailable import,Python modules and imports,Beginner,Module should import successfully,ModuleNotFoundError,The code uses a variable that has not been defined.,Check that the variable is defined before use.,"Import Error, Python modules and imports"
1295,Python,from math import unknown_function,No module named,Import Error,Invalid or unavailable import,Package installation and imports,Beginner,Module should import successfully,No module named,The code uses a variable that has not been defined.,Check that the variable is defined before use.,"Import Error, Package installation and imports"
1296,Python,import pandas_missing,ImportError: cannot import name,Import Error,Invalid or unavailable import,Module imports,Intermediate,Module should import successfully,ImportError: cannot import name,Python cannot find the requested module.,Install or import an available module.,"Import Error, Module imports"
1297,Python,from math import unknown_function,ImportError: cannot import name,Import Error,Invalid or unavailable import,Module imports,Intermediate,Module should import successfully,ImportError: cannot import name,Python cannot find the requested module.,Install or import an available module.,"Import Error, Module imports"
1298,Python,import nonexistingmodule,ModuleNotFoundError,Import Error,Invalid or unavailable import,Python modules and imports,Intermediate,Module should import successfully,ModuleNotFoundError,The variable name used in print does not match the declared variable.,Use the exact variable name that was declared.,"Import Error, Python modules and imports"
1299,Python,import pandas_missing,ImportError: cannot import name,Import Error,Invalid or unavailable import,Module imports,Beginner,Module should import successfully,ImportError: cannot import name,The negative index is outside the valid range.,Use a valid negative index within the list length.,"Import Error, Module imports"
1300,Python,from math import unknown_function,ImportError: cannot import name,Import Error,Invalid or unavailable import,Module imports,Beginner,Module should import successfully,ImportError: cannot import name,The requested index is outside the list range.,Use an index within the valid range of the list.,"Import Error, Module imports"
1301,Python,import nonexistingmodule,ImportError: cannot import name,Import Error,Invalid or unavailable import,Module imports,Beginner,Module should import successfully,ImportError: cannot import name,The condition produces an incorrect result for the intended logic.,Review the condition so it matches the intended requirement.,"Import Error, Module imports"
1302,Python,import nonexistingmodule,ModuleNotFoundError,Import Error,Invalid or unavailable import,Python modules and imports,Intermediate,Module should import successfully,ModuleNotFoundError,Python cannot find the requested module.,Install or import an available module.,"Import Error, Python modules and imports"
1303,Python,import pandas_missing,ModuleNotFoundError,Import Error,Invalid or unavailable import,Python modules and imports,Beginner,Module should import successfully,ModuleNotFoundError,The negative index is outside the valid range.,Use a valid negative index within the list length.,"Import Error, Python modules and imports"
1304,Python,import pandas_missing,ModuleNotFoundError,Import Error,Invalid or unavailable import,Python modules and imports,Intermediate,Module should import successfully,ModuleNotFoundError,The negative index is outside the valid range.,Use a valid negative index within the list length.,"Import Error, Python modules and imports"
1305,Python,from collections import unknown_item,No module named,Import Error,Invalid or unavailable import,Package installation and imports,Beginner,Module should import successfully,No module named,Python block statements require a colon at the end.,Add a colon after the for statement.,"Import Error, Package installation and imports"
1306,Python,from math import unknown_function,No module named,Import Error,Invalid or unavailable import,Package installation and imports,Beginner,Module should import successfully,No module named,The function call does not provide all required arguments.,Pass all required function arguments.,"Import Error, Package installation and imports"
1307,Python,import nonexistingmodule,ImportError: cannot import name,Import Error,Invalid or unavailable import,Module imports,Beginner,Module should import successfully,ImportError: cannot import name,The function call does not provide all required arguments.,Pass all required function arguments.,"Import Error, Module imports"
1308,Python,import nonexistingmodule,ModuleNotFoundError,Import Error,Invalid or unavailable import,Python modules and imports,Beginner,Module should import successfully,ModuleNotFoundError,Python block statements require a colon at the end.,Add a colon after the for statement.,"Import Error, Python modules and imports"
1309,Python,from math import unknown_function,No module named,Import Error,Invalid or unavailable import,Package installation and imports,Beginner,Module should import successfully,No module named,The requested index is outside the list range.,Use an index within the valid range of the list.,"Import Error, Package installation and imports"
1310,Python,import nonexistingmodule,ImportError: cannot import name,Import Error,Invalid or unavailable import,Module imports,Intermediate,Module should import successfully,ImportError: cannot import name,The statement inside the block is not indented.,Indent the statement inside the if block.,"Import Error, Module imports"
1311,Python,import pandas_missing,ImportError: cannot import name,Import Error,Invalid or unavailable import,Module imports,Beginner,Module should import successfully,ImportError: cannot import name,The requested index is outside the list range.,Use an index within the valid range of the list.,"Import Error, Module imports"
1312,Python,import nonexistingmodule,ImportError: cannot import name,Import Error,Invalid or unavailable import,Module imports,Intermediate,Module should import successfully,ImportError: cannot import name,The statement inside the block is not indented.,Indent the statement inside the if block.,"Import Error, Module imports"
1313,Python,import pandas_missing,ModuleNotFoundError,Import Error,Invalid or unavailable import,Python modules and imports,Beginner,Module should import successfully,ModuleNotFoundError,The function call does not provide all required arguments.,Pass all required function arguments.,"Import Error, Python modules and imports"
1314,Python,import pandas_missing,ModuleNotFoundError,Import Error,Invalid or unavailable import,Python modules and imports,Beginner,Module should import successfully,ModuleNotFoundError,The condition produces an incorrect result for the intended logic.,Review the condition so it matches the intended requirement.,"Import Error, Python modules and imports"
1315,Python,from collections import unknown_item,No module named,Import Error,Invalid or unavailable import,Package installation and imports,Intermediate,Module should import successfully,No module named,The requested index is outside the list range.,Use an index within the valid range of the list.,"Import Error, Package installation and imports"
1316,Python,from math import unknown_function,ModuleNotFoundError,Import Error,Invalid or unavailable import,Python modules and imports,Beginner,Module should import successfully,ModuleNotFoundError,The requested index is outside the list range.,Use an index within the valid range of the list.,"Import Error, Python modules and imports"
1317,Python,from math import unknown_function,ModuleNotFoundError,Import Error,Invalid or unavailable import,Python modules and imports,Beginner,Module should import successfully,ModuleNotFoundError,The requested index is outside the list range.,Use an index within the valid range of the list.,"Import Error, Python modules and imports"
1318,Python,from math import unknown_function,No module named,Import Error,Invalid or unavailable import,Package installation and imports,Beginner,Module should import successfully,No module named,The statement inside the block is not indented.,Indent the statement inside the if block.,"Import Error, Package installation and imports"
1319,Python,from collections import unknown_item,ModuleNotFoundError,Import Error,Invalid or unavailable import,Python modules and imports,Intermediate,Module should import successfully,ModuleNotFoundError,The variable name used in print does not match the declared variable.,Use the exact variable name that was declared.,"Import Error, Python modules and imports"
1320,Python,import nonexistingmodule,ModuleNotFoundError,Import Error,Invalid or unavailable import,Python modules and imports,Beginner,Module should import successfully,ModuleNotFoundError,The negative index is outside the valid range.,Use a valid negative index within the list length.,"Import Error, Python modules and imports"
1321,Python,import pandas_missing,ImportError: cannot import name,Import Error,Invalid or unavailable import,Module imports,Beginner,Module should import successfully,ImportError: cannot import name,The condition produces an incorrect result for the intended logic.,Review the condition so it matches the intended requirement.,"Import Error, Module imports"
1322,Python,from collections import unknown_item,No module named,Import Error,Invalid or unavailable import,Package installation and imports,Beginner,Module should import successfully,No module named,Python block statements require a colon at the end.,Add a colon after the for statement.,"Import Error, Package installation and imports"
1323,Python,from collections import unknown_item,No module named,Import Error,Invalid or unavailable import,Package installation and imports,Beginner,Module should import successfully,No module named,Python block statements require a colon at the end.,Add a colon after the for statement.,"Import Error, Package installation and imports"
1324,Python,import nonexistingmodule,No module named,Import Error,Invalid or unavailable import,Package installation and imports,Intermediate,Module should import successfully,No module named,The operation combines values whose data types are not compatible.,Convert the values to compatible data types before applying the operation.,"Import Error, Package installation and imports"
1325,Python,import nonexistingmodule,ImportError: cannot import name,Import Error,Invalid or unavailable import,Module imports,Intermediate,Module should import successfully,ImportError: cannot import name,The function call does not provide all required arguments.,Pass all required function arguments.,"Import Error, Module imports"
1326,Python,from math import unknown_function,ImportError: cannot import name,Import Error,Invalid or unavailable import,Module imports,Beginner,Module should import successfully,ImportError: cannot import name,Python cannot find the requested module.,Install or import an available module.,"Import Error, Module imports"
1327,Python,from collections import unknown_item,ModuleNotFoundError,Import Error,Invalid or unavailable import,Python modules and imports,Beginner,Module should import successfully,ModuleNotFoundError,The negative index is outside the valid range.,Use a valid negative index within the list length.,"Import Error, Python modules and imports"
1328,Python,import nonexistingmodule,No module named,Import Error,Invalid or unavailable import,Package installation and imports,Intermediate,Module should import successfully,No module named,The code uses a variable that has not been defined.,Check that the variable is defined before use.,"Import Error, Package installation and imports"
1329,Python,import nonexistingmodule,ModuleNotFoundError,Import Error,Invalid or unavailable import,Python modules and imports,Beginner,Module should import successfully,ModuleNotFoundError,Python cannot find the requested module.,Install or import an available module.,"Import Error, Python modules and imports"
1330,Python,import pandas_missing,ImportError: cannot import name,Import Error,Invalid or unavailable import,Module imports,Beginner,Module should import successfully,ImportError: cannot import name,The condition produces an incorrect result for the intended logic.,Review the condition so it matches the intended requirement.,"Import Error, Module imports"
1331,Python,from math import unknown_function,No module named,Import Error,Invalid or unavailable import,Package installation and imports,Beginner,Module should import successfully,No module named,Python block statements require a colon at the end.,Add a colon after the for statement.,"Import Error, Package installation and imports"
1332,Python,import pandas_missing,ImportError: cannot import name,Import Error,Invalid or unavailable import,Module imports,Beginner,Module should import successfully,ImportError: cannot import name,The condition produces an incorrect result for the intended logic.,Review the condition so it matches the intended requirement.,"Import Error, Module imports"
1333,Python,from collections import unknown_item,ModuleNotFoundError,Import Error,Invalid or unavailable import,Python modules and imports,Beginner,Module should import successfully,ModuleNotFoundError,The function call does not provide all required arguments.,Pass all required function arguments.,"Import Error, Python modules and imports"
1334,Python,import pandas_missing,ImportError: cannot import name,Import Error,Invalid or unavailable import,Module imports,Beginner,Module should import successfully,ImportError: cannot import name,The statement inside the block is not indented.,Indent the statement inside the if block.,"Import Error, Module imports"
1335,Python,from math import unknown_function,ImportError: cannot import name,Import Error,Invalid or unavailable import,Module imports,Intermediate,Module should import successfully,ImportError: cannot import name,The function call does not provide all required arguments.,Pass all required function arguments.,"Import Error, Module imports"
1336,Python,from math import unknown_function,ModuleNotFoundError,Import Error,Invalid or unavailable import,Python modules and imports,Beginner,Module should import successfully,ModuleNotFoundError,The condition produces an incorrect result for the intended logic.,Review the condition so it matches the intended requirement.,"Import Error, Python modules and imports"
1337,Python,from math import unknown_function,No module named,Import Error,Invalid or unavailable import,Package installation and imports,Intermediate,Module should import successfully,No module named,Python block statements require a colon at the end.,Add a colon after the for statement.,"Import Error, Package installation and imports"
1338,Python,from math import unknown_function,ImportError: cannot import name,Import Error,Invalid or unavailable import,Module imports,Beginner,Module should import successfully,ImportError: cannot import name,Python cannot find the requested module.,Install or import an available module.,"Import Error, Module imports"
1339,Python,from collections import unknown_item,No module named,Import Error,Invalid or unavailable import,Package installation and imports,Beginner,Module should import successfully,No module named,The operation combines values whose data types are not compatible.,Convert the values to compatible data types before applying the operation.,"Import Error, Package installation and imports"
1340,Python,from collections import unknown_item,ModuleNotFoundError,Import Error,Invalid or unavailable import,Python modules and imports,Beginner,Module should import successfully,ModuleNotFoundError,Python cannot find the requested module.,Install or import an available module.,"Import Error, Python modules and imports"
1341,Python,import pandas_missing,No module named,Import Error,Invalid or unavailable import,Package installation and imports,Beginner,Module should import successfully,No module named,The negative index is outside the valid range.,Use a valid negative index within the list length.,"Import Error, Package installation and imports"
1342,Python,import nonexistingmodule,ImportError: cannot import name,Import Error,Invalid or unavailable import,Module imports,Beginner,Module should import successfully,ImportError: cannot import name,Python block statements require a colon at the end.,Add a colon after the for statement.,"Import Error, Module imports"
1343,Python,import nonexistingmodule,ModuleNotFoundError,Import Error,Invalid or unavailable import,Python modules and imports,Beginner,Module should import successfully,ModuleNotFoundError,The operation combines values whose data types are not compatible.,Convert the values to compatible data types before applying the operation.,"Import Error, Python modules and imports"
1344,Python,import nonexistingmodule,ImportError: cannot import name,Import Error,Invalid or unavailable import,Module imports,Beginner,Module should import successfully,ImportError: cannot import name,The function call does not provide all required arguments.,Pass all required function arguments.,"Import Error, Module imports"
1345,Python,import pandas_missing,No module named,Import Error,Invalid or unavailable import,Package installation and imports,Beginner,Module should import successfully,No module named,The statement inside the block is not indented.,Indent the statement inside the if block.,"Import Error, Package installation and imports"
1346,Python,import pandas_missing,ImportError: cannot import name,Import Error,Invalid or unavailable import,Module imports,Beginner,Module should import successfully,ImportError: cannot import name,The negative index is outside the valid range.,Use a valid negative index within the list length.,"Import Error, Module imports"
1347,Python,import nonexistingmodule,ModuleNotFoundError,Import Error,Invalid or unavailable import,Python modules and imports,Beginner,Module should import successfully,ModuleNotFoundError,Python cannot find the requested module.,Install or import an available module.,"Import Error, Python modules and imports"
1348,Python,from math import unknown_function,No module named,Import Error,Invalid or unavailable import,Package installation and imports,Intermediate,Module should import successfully,No module named,The condition produces an incorrect result for the intended logic.,Review the condition so it matches the intended requirement.,"Import Error, Package installation and imports"
1349,Python,from math import unknown_function,No module named,Import Error,Invalid or unavailable import,Package installation and imports,Beginner,Module should import successfully,No module named,The negative index is outside the valid range.,Use a valid negative index within the list length.,"Import Error, Package installation and imports"
1350,Python,from collections import unknown_item,ImportError: cannot import name,Import Error,Invalid or unavailable import,Module imports,Intermediate,Module should import successfully,ImportError: cannot import name,The statement inside the block is not indented.,Indent the statement inside the if block.,"Import Error, Module imports"
1351,Python,from collections import unknown_item,ImportError: cannot import name,Import Error,Invalid or unavailable import,Module imports,Intermediate,Module should import successfully,ImportError: cannot import name,The variable name used in print does not match the declared variable.,Use the exact variable name that was declared.,"Import Error, Module imports"
1352,Python,from math import unknown_function,ImportError: cannot import name,Import Error,Invalid or unavailable import,Module imports,Beginner,Module should import successfully,ImportError: cannot import name,The function call does not provide all required arguments.,Pass all required function arguments.,"Import Error, Module imports"
1353,Python,from collections import unknown_item,No module named,Import Error,Invalid or unavailable import,Package installation and imports,Intermediate,Module should import successfully,No module named,The statement inside the block is not indented.,Indent the statement inside the if block.,"Import Error, Package installation and imports"
1354,Python,from collections import unknown_item,No module named,Import Error,Invalid or unavailable import,Package installation and imports,Beginner,Module should import successfully,No module named,The condition produces an incorrect result for the intended logic.,Review the condition so it matches the intended requirement.,"Import Error, Package installation and imports"
1355,Python,import pandas_missing,ModuleNotFoundError,Import Error,Invalid or unavailable import,Python modules and imports,Beginner,Module should import successfully,ModuleNotFoundError,The operation combines values whose data types are not compatible.,Convert the values to compatible data types before applying the operation.,"Import Error, Python modules and imports"
1356,Python,import pandas_missing,ImportError: cannot import name,Import Error,Invalid or unavailable import,Module imports,Intermediate,Module should import successfully,ImportError: cannot import name,The statement inside the block is not indented.,Indent the statement inside the if block.,"Import Error, Module imports"
1357,Python,from collections import unknown_item,ImportError: cannot import name,Import Error,Invalid or unavailable import,Module imports,Beginner,Module should import successfully,ImportError: cannot import name,The condition produces an incorrect result for the intended logic.,Review the condition so it matches the intended requirement.,"Import Error, Module imports"
1358,Python,from collections import unknown_item,ImportError: cannot import name,Import Error,Invalid or unavailable import,Module imports,Beginner,Module should import successfully,ImportError: cannot import name,The statement inside the block is not indented.,Indent the statement inside the if block.,"Import Error, Module imports"
1359,Python,import nonexistingmodule,ModuleNotFoundError,Import Error,Invalid or unavailable import,Python modules and imports,Beginner,Module should import successfully,ModuleNotFoundError,The operation combines values whose data types are not compatible.,Convert the values to compatible data types before applying the operation.,"Import Error, Python modules and imports"
1360,Python,import pandas_missing,No module named,Import Error,Invalid or unavailable import,Package installation and imports,Intermediate,Module should import successfully,No module named,The requested index is outside the list range.,Use an index within the valid range of the list.,"Import Error, Package installation and imports"
1361,Python,from math import unknown_function,No module named,Import Error,Invalid or unavailable import,Package installation and imports,Beginner,Module should import successfully,No module named,The variable name used in print does not match the declared variable.,Use the exact variable name that was declared.,"Import Error, Package installation and imports"
1362,Python,import nonexistingmodule,ImportError: cannot import name,Import Error,Invalid or unavailable import,Module imports,Beginner,Module should import successfully,ImportError: cannot import name,The variable name used in print does not match the declared variable.,Use the exact variable name that was declared.,"Import Error, Module imports"
1363,Python,import nonexistingmodule,ImportError: cannot import name,Import Error,Invalid or unavailable import,Module imports,Beginner,Module should import successfully,ImportError: cannot import name,The negative index is outside the valid range.,Use a valid negative index within the list length.,"Import Error, Module imports"
1364,Python,import nonexistingmodule,ImportError: cannot import name,Import Error,Invalid or unavailable import,Module imports,Beginner,Module should import successfully,ImportError: cannot import name,The negative index is outside the valid range.,Use a valid negative index within the list length.,"Import Error, Module imports"
1365,Python,from math import unknown_function,ImportError: cannot import name,Import Error,Invalid or unavailable import,Module imports,Beginner,Module should import successfully,ImportError: cannot import name,The condition produces an incorrect result for the intended logic.,Review the condition so it matches the intended requirement.,"Import Error, Module imports"
1366,Python,import pandas_missing,No module named,Import Error,Invalid or unavailable import,Package installation and imports,Beginner,Module should import successfully,No module named,Python cannot find the requested module.,Install or import an available module.,"Import Error, Package installation and imports"
1367,Python,from collections import unknown_item,ModuleNotFoundError,Import Error,Invalid or unavailable import,Python modules and imports,Intermediate,Module should import successfully,ModuleNotFoundError,Python block statements require a colon at the end.,Add a colon after the for statement.,"Import Error, Python modules and imports"
1368,Python,from math import unknown_function,ModuleNotFoundError,Import Error,Invalid or unavailable import,Python modules and imports,Beginner,Module should import successfully,ModuleNotFoundError,The operation combines values whose data types are not compatible.,Convert the values to compatible data types before applying the operation.,"Import Error, Python modules and imports"
1369,Python,import pandas_missing,ModuleNotFoundError,Import Error,Invalid or unavailable import,Python modules and imports,Beginner,Module should import successfully,ModuleNotFoundError,The statement inside the block is not indented.,Indent the statement inside the if block.,"Import Error, Python modules and imports"
1370,Python,import pandas_missing,ImportError: cannot import name,Import Error,Invalid or unavailable import,Module imports,Intermediate,Module should import successfully,ImportError: cannot import name,The negative index is outside the valid range.,Use a valid negative index within the list length.,"Import Error, Module imports"
1371,Python,from math import unknown_function,ImportError: cannot import name,Import Error,Invalid or unavailable import,Module imports,Intermediate,Module should import successfully,ImportError: cannot import name,The operation combines values whose data types are not compatible.,Convert the values to compatible data types before applying the operation.,"Import Error, Module imports"
1372,Python,from collections import unknown_item,No module named,Import Error,Invalid or unavailable import,Package installation and imports,Intermediate,Module should import successfully,No module named,The function call does not provide all required arguments.,Pass all required function arguments.,"Import Error, Package installation and imports"
1373,Python,import pandas_missing,No module named,Import Error,Invalid or unavailable import,Package installation and imports,Beginner,Module should import successfully,No module named,The negative index is outside the valid range.,Use a valid negative index within the list length.,"Import Error, Package installation and imports"
1374,Python,from math import unknown_function,ImportError: cannot import name,Import Error,Invalid or unavailable import,Module imports,Beginner,Module should import successfully,ImportError: cannot import name,The negative index is outside the valid range.,Use a valid negative index within the list length.,"Import Error, Module imports"
1375,Python,import pandas_missing,ImportError: cannot import name,Import Error,Invalid or unavailable import,Module imports,Beginner,Module should import successfully,ImportError: cannot import name,Python block statements require a colon at the end.,Add a colon after the for statement.,"Import Error, Module imports"
1376,Python,import pandas_missing,ImportError: cannot import name,Import Error,Invalid or unavailable import,Module imports,Beginner,Module should import successfully,ImportError: cannot import name,The operation combines values whose data types are not compatible.,Convert the values to compatible data types before applying the operation.,"Import Error, Module imports"
1377,Python,from math import unknown_function,ModuleNotFoundError,Import Error,Invalid or unavailable import,Python modules and imports,Beginner,Module should import successfully,ModuleNotFoundError,The negative index is outside the valid range.,Use a valid negative index within the list length.,"Import Error, Python modules and imports"
1378,Python,import nonexistingmodule,ImportError: cannot import name,Import Error,Invalid or unavailable import,Module imports,Intermediate,Module should import successfully,ImportError: cannot import name,The function call does not provide all required arguments.,Pass all required function arguments.,"Import Error, Module imports"
1379,Python,import pandas_missing,ImportError: cannot import name,Import Error,Invalid or unavailable import,Module imports,Beginner,Module should import successfully,ImportError: cannot import name,The function call does not provide all required arguments.,Pass all required function arguments.,"Import Error, Module imports"
1380,Python,from math import unknown_function,ImportError: cannot import name,Import Error,Invalid or unavailable import,Module imports,Beginner,Module should import successfully,ImportError: cannot import name,Python block statements require a colon at the end.,Add a colon after the for statement.,"Import Error, Module imports"
1381,Python,from math import unknown_function,No module named,Import Error,Invalid or unavailable import,Package installation and imports,Beginner,Module should import successfully,No module named,The statement inside the block is not indented.,Indent the statement inside the if block.,"Import Error, Package installation and imports"
1382,Python,from collections import unknown_item,No module named,Import Error,Invalid or unavailable import,Package installation and imports,Beginner,Module should import successfully,No module named,Python cannot find the requested module.,Install or import an available module.,"Import Error, Package installation and imports"
1383,Python,from collections import unknown_item,ModuleNotFoundError,Import Error,Invalid or unavailable import,Python modules and imports,Beginner,Module should import successfully,ModuleNotFoundError,Python cannot find the requested module.,Install or import an available module.,"Import Error, Python modules and imports"
1384,Python,from collections import unknown_item,ImportError: cannot import name,Import Error,Invalid or unavailable import,Module imports,Intermediate,Module should import successfully,ImportError: cannot import name,The variable name used in print does not match the declared variable.,Use the exact variable name that was declared.,"Import Error, Module imports"
1385,Python,import pandas_missing,ModuleNotFoundError,Import Error,Invalid or unavailable import,Python modules and imports,Beginner,Module should import successfully,ModuleNotFoundError,The negative index is outside the valid range.,Use a valid negative index within the list length.,"Import Error, Python modules and imports"
1386,Python,import pandas_missing,No module named,Import Error,Invalid or unavailable import,Package installation and imports,Beginner,Module should import successfully,No module named,The negative index is outside the valid range.,Use a valid negative index within the list length.,"Import Error, Package installation and imports"
1387,Python,from math import unknown_function,ModuleNotFoundError,Import Error,Invalid or unavailable import,Python modules and imports,Beginner,Module should import successfully,ModuleNotFoundError,The variable name used in print does not match the declared variable.,Use the exact variable name that was declared.,"Import Error, Python modules and imports"
1388,Python,from collections import unknown_item,ImportError: cannot import name,Import Error,Invalid or unavailable import,Module imports,Intermediate,Module should import successfully,ImportError: cannot import name,The variable name used in print does not match the declared variable.,Use the exact variable name that was declared.,"Import Error, Module imports"
1389,Python,from collections import unknown_item,ImportError: cannot import name,Import Error,Invalid or unavailable import,Module imports,Beginner,Module should import successfully,ImportError: cannot import name,Python block statements require a colon at the end.,Add a colon after the for statement.,"Import Error, Module imports"
1390,Python,from math import unknown_function,ImportError: cannot import name,Import Error,Invalid or unavailable import,Module imports,Beginner,Module should import successfully,ImportError: cannot import name,The code uses a variable that has not been defined.,Check that the variable is defined before use.,"Import Error, Module imports"
1391,Python,from math import unknown_function,No module named,Import Error,Invalid or unavailable import,Package installation and imports,Beginner,Module should import successfully,No module named,The code uses a variable that has not been defined.,Check that the variable is defined before use.,"Import Error, Package installation and imports"
1392,Python,from math import unknown_function,ImportError: cannot import name,Import Error,Invalid or unavailable import,Module imports,Intermediate,Module should import successfully,ImportError: cannot import name,Python block statements require a colon at the end.,Add a colon after the for statement.,"Import Error, Module imports"
1393,Python,from math import unknown_function,ImportError: cannot import name,Import Error,Invalid or unavailable import,Module imports,Beginner,Module should import successfully,ImportError: cannot import name,The code uses a variable that has not been defined.,Check that the variable is defined before use.,"Import Error, Module imports"
1394,Python,from collections import unknown_item,ModuleNotFoundError,Import Error,Invalid or unavailable import,Python modules and imports,Beginner,Module should import successfully,ModuleNotFoundError,The code uses a variable that has not been defined.,Check that the variable is defined before use.,"Import Error, Python modules and imports"
1395,Python,import pandas_missing,ImportError: cannot import name,Import Error,Invalid or unavailable import,Module imports,Beginner,Module should import successfully,ImportError: cannot import name,Python cannot find the requested module.,Install or import an available module.,"Import Error, Module imports"
1396,Python,import nonexistingmodule,ImportError: cannot import name,Import Error,Invalid or unavailable import,Module imports,Beginner,Module should import successfully,ImportError: cannot import name,The function call does not provide all required arguments.,Pass all required function arguments.,"Import Error, Module imports"
1397,Python,import nonexistingmodule,ModuleNotFoundError,Import Error,Invalid or unavailable import,Python modules and imports,Beginner,Module should import successfully,ModuleNotFoundError,The operation combines values whose data types are not compatible.,Convert the values to compatible data types before applying the operation.,"Import Error, Python modules and imports"
1398,Python,from collections import unknown_item,ImportError: cannot import name,Import Error,Invalid or unavailable import,Module imports,Beginner,Module should import successfully,ImportError: cannot import name,The variable name used in print does not match the declared variable.,Use the exact variable name that was declared.,"Import Error, Module imports"
1399,Python,from collections import unknown_item,ModuleNotFoundError,Import Error,Invalid or unavailable import,Python modules and imports,Beginner,Module should import successfully,ModuleNotFoundError,Python block statements require a colon at the end.,Add a colon after the for statement.,"Import Error, Python modules and imports"
1400,Python,from collections import unknown_item,ModuleNotFoundError,Import Error,Invalid or unavailable import,Python modules and imports,Beginner,Module should import successfully,ModuleNotFoundError,The requested index is outside the list range.,Use an index within the valid range of the list.,"Import Error, Python modules and imports"
1401,Python,from math import unknown_function,ModuleNotFoundError,Import Error,Invalid or unavailable import,Python modules and imports,Beginner,Module should import successfully,ModuleNotFoundError,The code uses a variable that has not been defined.,Check that the variable is defined before use.,"Import Error, Python modules and imports"
1402,Python,from math import unknown_function,No module named,Import Error,Invalid or unavailable import,Package installation and imports,Beginner,Module should import successfully,No module named,The variable name used in print does not match the declared variable.,Use the exact variable name that was declared.,"Import Error, Package installation and imports"
1403,Python,import pandas_missing,ImportError: cannot import name,Import Error,Invalid or unavailable import,Module imports,Beginner,Module should import successfully,ImportError: cannot import name,Python block statements require a colon at the end.,Add a colon after the for statement.,"Import Error, Module imports"
1404,Python,import nonexistingmodule,No module named,Import Error,Invalid or unavailable import,Package installation and imports,Beginner,Module should import successfully,No module named,The code uses a variable that has not been defined.,Check that the variable is defined before use.,"Import Error, Package installation and imports"
1405,Python,from math import unknown_function,ImportError: cannot import name,Import Error,Invalid or unavailable import,Module imports,Beginner,Module should import successfully,ImportError: cannot import name,Python block statements require a colon at the end.,Add a colon after the for statement.,"Import Error, Module imports"
1406,Python,import nonexistingmodule,ModuleNotFoundError,Import Error,Invalid or unavailable import,Python modules and imports,Beginner,Module should import successfully,ModuleNotFoundError,The requested index is outside the list range.,Use an index within the valid range of the list.,"Import Error, Python modules and imports"
1407,Python,import pandas_missing,No module named,Import Error,Invalid or unavailable import,Package installation and imports,Beginner,Module should import successfully,No module named,Python cannot find the requested module.,Install or import an available module.,"Import Error, Package installation and imports"
1408,Python,import nonexistingmodule,ModuleNotFoundError,Import Error,Invalid or unavailable import,Python modules and imports,Beginner,Module should import successfully,ModuleNotFoundError,Python block statements require a colon at the end.,Add a colon after the for statement.,"Import Error, Python modules and imports"
1409,Python,import nonexistingmodule,ModuleNotFoundError,Import Error,Invalid or unavailable import,Python modules and imports,Intermediate,Module should import successfully,ModuleNotFoundError,The code uses a variable that has not been defined.,Check that the variable is defined before use.,"Import Error, Python modules and imports"
1410,Python,from math import unknown_function,No module named,Import Error,Invalid or unavailable import,Package installation and imports,Beginner,Module should import successfully,No module named,The function call does not provide all required arguments.,Pass all required function arguments.,"Import Error, Package installation and imports"
1411,Python,from math import unknown_function,ModuleNotFoundError,Import Error,Invalid or unavailable import,Python modules and imports,Beginner,Module should import successfully,ModuleNotFoundError,The requested index is outside the list range.,Use an index within the valid range of the list.,"Import Error, Python modules and imports"
1412,Python,import pandas_missing,ModuleNotFoundError,Import Error,Invalid or unavailable import,Python modules and imports,Intermediate,Module should import successfully,ModuleNotFoundError,The condition produces an incorrect result for the intended logic.,Review the condition so it matches the intended requirement.,"Import Error, Python modules and imports"
1413,Python,import pandas_missing,ModuleNotFoundError,Import Error,Invalid or unavailable import,Python modules and imports,Intermediate,Module should import successfully,ModuleNotFoundError,The code uses a variable that has not been defined.,Check that the variable is defined before use.,"Import Error, Python modules and imports"
1414,Python,import nonexistingmodule,ModuleNotFoundError,Import Error,Invalid or unavailable import,Python modules and imports,Beginner,Module should import successfully,ModuleNotFoundError,The negative index is outside the valid range.,Use a valid negative index within the list length.,"Import Error, Python modules and imports"
1415,Python,import pandas_missing,ImportError: cannot import name,Import Error,Invalid or unavailable import,Module imports,Intermediate,Module should import successfully,ImportError: cannot import name,The requested index is outside the list range.,Use an index within the valid range of the list.,"Import Error, Module imports"
1416,Python,from collections import unknown_item,No module named,Import Error,Invalid or unavailable import,Package installation and imports,Intermediate,Module should import successfully,No module named,The statement inside the block is not indented.,Indent the statement inside the if block.,"Import Error, Package installation and imports"
1417,Python,from collections import unknown_item,ModuleNotFoundError,Import Error,Invalid or unavailable import,Python modules and imports,Beginner,Module should import successfully,ModuleNotFoundError,The code uses a variable that has not been defined.,Check that the variable is defined before use.,"Import Error, Python modules and imports"
1418,Python,import pandas_missing,No module named,Import Error,Invalid or unavailable import,Package installation and imports,Beginner,Module should import successfully,No module named,The operation combines values whose data types are not compatible.,Convert the values to compatible data types before applying the operation.,"Import Error, Package installation and imports"
1419,Python,import pandas_missing,ImportError: cannot import name,Import Error,Invalid or unavailable import,Module imports,Intermediate,Module should import successfully,ImportError: cannot import name,The function call does not provide all required arguments.,Pass all required function arguments.,"Import Error, Module imports"
1420,Python,from math import unknown_function,No module named,Import Error,Invalid or unavailable import,Package installation and imports,Intermediate,Module should import successfully,No module named,The function call does not provide all required arguments.,Pass all required function arguments.,"Import Error, Package installation and imports"
1421,Python,import pandas_missing,ModuleNotFoundError,Import Error,Invalid or unavailable import,Python modules and imports,Beginner,Module should import successfully,ModuleNotFoundError,The negative index is outside the valid range.,Use a valid negative index within the list length.,"Import Error, Python modules and imports"
1422,Python,import pandas_missing,No module named,Import Error,Invalid or unavailable import,Package installation and imports,Intermediate,Module should import successfully,No module named,The function call does not provide all required arguments.,Pass all required function arguments.,"Import Error, Package installation and imports"
1423,Python,import nonexistingmodule,No module named,Import Error,Invalid or unavailable import,Package installation and imports,Intermediate,Module should import successfully,No module named,The operation combines values whose data types are not compatible.,Convert the values to compatible data types before applying the operation.,"Import Error, Package installation and imports"
1424,Python,import pandas_missing,ModuleNotFoundError,Import Error,Invalid or unavailable import,Python modules and imports,Beginner,Module should import successfully,ModuleNotFoundError,The function call does not provide all required arguments.,Pass all required function arguments.,"Import Error, Python modules and imports"
1425,Python,from collections import unknown_item,No module named,Import Error,Invalid or unavailable import,Package installation and imports,Beginner,Module should import successfully,No module named,The statement inside the block is not indented.,Indent the statement inside the if block.,"Import Error, Package installation and imports"
1426,Python,from collections import unknown_item,No module named,Import Error,Invalid or unavailable import,Package installation and imports,Intermediate,Module should import successfully,No module named,The negative index is outside the valid range.,Use a valid negative index within the list length.,"Import Error, Package installation and imports"
1427,Python,import pandas_missing,ModuleNotFoundError,Import Error,Invalid or unavailable import,Python modules and imports,Intermediate,Module should import successfully,ModuleNotFoundError,The code uses a variable that has not been defined.,Check that the variable is defined before use.,"Import Error, Python modules and imports"
1428,Python,import nonexistingmodule,ModuleNotFoundError,Import Error,Invalid or unavailable import,Python modules and imports,Intermediate,Module should import successfully,ModuleNotFoundError,The statement inside the block is not indented.,Indent the statement inside the if block.,"Import Error, Python modules and imports"
1429,Python,from math import unknown_function,No module named,Import Error,Invalid or unavailable import,Package installation and imports,Intermediate,Module should import successfully,No module named,Python cannot find the requested module.,Install or import an available module.,"Import Error, Package installation and imports"
1430,Python,from math import unknown_function,No module named,Import Error,Invalid or unavailable import,Package installation and imports,Intermediate,Module should import successfully,No module named,The function call does not provide all required arguments.,Pass all required function arguments.,"Import Error, Package installation and imports"
1431,Python,from collections import unknown_item,ImportError: cannot import name,Import Error,Invalid or unavailable import,Module imports,Intermediate,Module should import successfully,ImportError: cannot import name,The statement inside the block is not indented.,Indent the statement inside the if block.,"Import Error, Module imports"
1432,Python,import nonexistingmodule,ImportError: cannot import name,Import Error,Invalid or unavailable import,Module imports,Intermediate,Module should import successfully,ImportError: cannot import name,The variable name used in print does not match the declared variable.,Use the exact variable name that was declared.,"Import Error, Module imports"
1433,Python,import nonexistingmodule,No module named,Import Error,Invalid or unavailable import,Package installation and imports,Beginner,Module should import successfully,No module named,The variable name used in print does not match the declared variable.,Use the exact variable name that was declared.,"Import Error, Package installation and imports"
1434,Python,from math import unknown_function,ModuleNotFoundError,Import Error,Invalid or unavailable import,Python modules and imports,Beginner,Module should import successfully,ModuleNotFoundError,The code uses a variable that has not been defined.,Check that the variable is defined before use.,"Import Error, Python modules and imports"
1435,Python,import nonexistingmodule,ImportError: cannot import name,Import Error,Invalid or unavailable import,Module imports,Beginner,Module should import successfully,ImportError: cannot import name,The requested index is outside the list range.,Use an index within the valid range of the list.,"Import Error, Module imports"
1436,Python,from collections import unknown_item,No module named,Import Error,Invalid or unavailable import,Package installation and imports,Intermediate,Module should import successfully,No module named,Python cannot find the requested module.,Install or import an available module.,"Import Error, Package installation and imports"
1437,Python,import pandas_missing,No module named,Import Error,Invalid or unavailable import,Package installation and imports,Beginner,Module should import successfully,No module named,The condition produces an incorrect result for the intended logic.,Review the condition so it matches the intended requirement.,"Import Error, Package installation and imports"
1438,Python,import nonexistingmodule,ImportError: cannot import name,Import Error,Invalid or unavailable import,Module imports,Beginner,Module should import successfully,ImportError: cannot import name,The requested index is outside the list range.,Use an index within the valid range of the list.,"Import Error, Module imports"
1439,Python,import nonexistingmodule,ModuleNotFoundError,Import Error,Invalid or unavailable import,Python modules and imports,Beginner,Module should import successfully,ModuleNotFoundError,The function call does not provide all required arguments.,Pass all required function arguments.,"Import Error, Python modules and imports"
1440,Python,import pandas_missing,No module named,Import Error,Invalid or unavailable import,Package installation and imports,Intermediate,Module should import successfully,No module named,The code uses a variable that has not been defined.,Check that the variable is defined before use.,"Import Error, Package installation and imports"
1441,Python,import pandas_missing,No module named,Import Error,Invalid or unavailable import,Package installation and imports,Intermediate,Module should import successfully,No module named,Python cannot find the requested module.,Install or import an available module.,"Import Error, Package installation and imports"
1442,Python,import pandas_missing,ModuleNotFoundError,Import Error,Invalid or unavailable import,Python modules and imports,Intermediate,Module should import successfully,ModuleNotFoundError,The condition produces an incorrect result for the intended logic.,Review the condition so it matches the intended requirement.,"Import Error, Python modules and imports"
1443,Python,import pandas_missing,ModuleNotFoundError,Import Error,Invalid or unavailable import,Python modules and imports,Beginner,Module should import successfully,ModuleNotFoundError,The variable name used in print does not match the declared variable.,Use the exact variable name that was declared.,"Import Error, Python modules and imports"
1444,Python,import nonexistingmodule,ModuleNotFoundError,Import Error,Invalid or unavailable import,Python modules and imports,Beginner,Module should import successfully,ModuleNotFoundError,The negative index is outside the valid range.,Use a valid negative index within the list length.,"Import Error, Python modules and imports"
1445,Python,from collections import unknown_item,No module named,Import Error,Invalid or unavailable import,Package installation and imports,Beginner,Module should import successfully,No module named,The requested index is outside the list range.,Use an index within the valid range of the list.,"Import Error, Package installation and imports"
1446,Python,from math import unknown_function,ModuleNotFoundError,Import Error,Invalid or unavailable import,Python modules and imports,Intermediate,Module should import successfully,ModuleNotFoundError,The negative index is outside the valid range.,Use a valid negative index within the list length.,"Import Error, Python modules and imports"
1447,Python,from collections import unknown_item,No module named,Import Error,Invalid or unavailable import,Package installation and imports,Intermediate,Module should import successfully,No module named,The operation combines values whose data types are not compatible.,Convert the values to compatible data types before applying the operation.,"Import Error, Package installation and imports"
1448,Python,import pandas_missing,ModuleNotFoundError,Import Error,Invalid or unavailable import,Python modules and imports,Intermediate,Module should import successfully,ModuleNotFoundError,The condition produces an incorrect result for the intended logic.,Review the condition so it matches the intended requirement.,"Import Error, Python modules and imports"
1449,Python,import nonexistingmodule,ImportError: cannot import name,Import Error,Invalid or unavailable import,Module imports,Beginner,Module should import successfully,ImportError: cannot import name,Python cannot find the requested module.,Install or import an available module.,"Import Error, Module imports"
1450,Python,from collections import unknown_item,ModuleNotFoundError,Import Error,Invalid or unavailable import,Python modules and imports,Intermediate,Module should import successfully,ModuleNotFoundError,The negative index is outside the valid range.,Use a valid negative index within the list length.,"Import Error, Python modules and imports"
1451,Python,from collections import unknown_item,ImportError: cannot import name,Import Error,Invalid or unavailable import,Module imports,Beginner,Module should import successfully,ImportError: cannot import name,The operation combines values whose data types are not compatible.,Convert the values to compatible data types before applying the operation.,"Import Error, Module imports"
1452,Python,import pandas_missing,ImportError: cannot import name,Import Error,Invalid or unavailable import,Module imports,Beginner,Module should import successfully,ImportError: cannot import name,The negative index is outside the valid range.,Use a valid negative index within the list length.,"Import Error, Module imports"
1453,Python,import pandas_missing,ImportError: cannot import name,Import Error,Invalid or unavailable import,Module imports,Intermediate,Module should import successfully,ImportError: cannot import name,Python cannot find the requested module.,Install or import an available module.,"Import Error, Module imports"
1454,Python,from math import unknown_function,ModuleNotFoundError,Import Error,Invalid or unavailable import,Python modules and imports,Beginner,Module should import successfully,ModuleNotFoundError,The condition produces an incorrect result for the intended logic.,Review the condition so it matches the intended requirement.,"Import Error, Python modules and imports"
1455,Python,import pandas_missing,No module named,Import Error,Invalid or unavailable import,Package installation and imports,Beginner,Module should import successfully,No module named,Python block statements require a colon at the end.,Add a colon after the for statement.,"Import Error, Package installation and imports"
1456,Python,import nonexistingmodule,ImportError: cannot import name,Import Error,Invalid or unavailable import,Module imports,Intermediate,Module should import successfully,ImportError: cannot import name,Python cannot find the requested module.,Install or import an available module.,"Import Error, Module imports"
1457,Python,import nonexistingmodule,ModuleNotFoundError,Import Error,Invalid or unavailable import,Python modules and imports,Intermediate,Module should import successfully,ModuleNotFoundError,Python block statements require a colon at the end.,Add a colon after the for statement.,"Import Error, Python modules and imports"
1458,Python,import nonexistingmodule,ModuleNotFoundError,Import Error,Invalid or unavailable import,Python modules and imports,Beginner,Module should import successfully,ModuleNotFoundError,Python block statements require a colon at the end.,Add a colon after the for statement.,"Import Error, Python modules and imports"
1459,Python,import pandas_missing,ModuleNotFoundError,Import Error,Invalid or unavailable import,Python modules and imports,Beginner,Module should import successfully,ModuleNotFoundError,The requested index is outside the list range.,Use an index within the valid range of the list.,"Import Error, Python modules and imports"
1460,Python,from math import unknown_function,No module named,Import Error,Invalid or unavailable import,Package installation and imports,Beginner,Module should import successfully,No module named,Python block statements require a colon at the end.,Add a colon after the for statement.,"Import Error, Package installation and imports"
1461,Python,import pandas_missing,ModuleNotFoundError,Import Error,Invalid or unavailable import,Python modules and imports,Beginner,Module should import successfully,ModuleNotFoundError,The function call does not provide all required arguments.,Pass all required function arguments.,"Import Error, Python modules and imports"
1462,Python,import pandas_missing,ModuleNotFoundError,Import Error,Invalid or unavailable import,Python modules and imports,Intermediate,Module should import successfully,ModuleNotFoundError,Python block statements require a colon at the end.,Add a colon after the for statement.,"Import Error, Python modules and imports"
1463,Python,import pandas_missing,ModuleNotFoundError,Import Error,Invalid or unavailable import,Python modules and imports,Beginner,Module should import successfully,ModuleNotFoundError,The requested index is outside the list range.,Use an index within the valid range of the list.,"Import Error, Python modules and imports"
1464,Python,from collections import unknown_item,ModuleNotFoundError,Import Error,Invalid or unavailable import,Python modules and imports,Intermediate,Module should import successfully,ModuleNotFoundError,The condition produces an incorrect result for the intended logic.,Review the condition so it matches the intended requirement.,"Import Error, Python modules and imports"
1465,Python,import pandas_missing,ModuleNotFoundError,Import Error,Invalid or unavailable import,Python modules and imports,Beginner,Module should import successfully,ModuleNotFoundError,The variable name used in print does not match the declared variable.,Use the exact variable name that was declared.,"Import Error, Python modules and imports"
1466,Python,import nonexistingmodule,ModuleNotFoundError,Import Error,Invalid or unavailable import,Python modules and imports,Intermediate,Module should import successfully,ModuleNotFoundError,The function call does not provide all required arguments.,Pass all required function arguments.,"Import Error, Python modules and imports"
1467,Python,import nonexistingmodule,No module named,Import Error,Invalid or unavailable import,Package installation and imports,Intermediate,Module should import successfully,No module named,Python block statements require a colon at the end.,Add a colon after the for statement.,"Import Error, Package installation and imports"
1468,Python,import nonexistingmodule,No module named,Import Error,Invalid or unavailable import,Package installation and imports,Beginner,Module should import successfully,No module named,Python cannot find the requested module.,Install or import an available module.,"Import Error, Package installation and imports"
1469,Python,from collections import unknown_item,ImportError: cannot import name,Import Error,Invalid or unavailable import,Module imports,Beginner,Module should import successfully,ImportError: cannot import name,The statement inside the block is not indented.,Indent the statement inside the if block.,"Import Error, Module imports"
1470,Python,import nonexistingmodule,ModuleNotFoundError,Import Error,Invalid or unavailable import,Python modules and imports,Intermediate,Module should import successfully,ModuleNotFoundError,The requested index is outside the list range.,Use an index within the valid range of the list.,"Import Error, Python modules and imports"
1471,Python,import nonexistingmodule,No module named,Import Error,Invalid or unavailable import,Package installation and imports,Beginner,Module should import successfully,No module named,Python cannot find the requested module.,Install or import an available module.,"Import Error, Package installation and imports"
1472,Python,import pandas_missing,No module named,Import Error,Invalid or unavailable import,Package installation and imports,Intermediate,Module should import successfully,No module named,The code uses a variable that has not been defined.,Check that the variable is defined before use.,"Import Error, Package installation and imports"
1473,Python,import pandas_missing,No module named,Import Error,Invalid or unavailable import,Package installation and imports,Intermediate,Module should import successfully,No module named,The operation combines values whose data types are not compatible.,Convert the values to compatible data types before applying the operation.,"Import Error, Package installation and imports"
1474,Python,from math import unknown_function,No module named,Import Error,Invalid or unavailable import,Package installation and imports,Beginner,Module should import successfully,No module named,The requested index is outside the list range.,Use an index within the valid range of the list.,"Import Error, Package installation and imports"
1475,Python,from collections import unknown_item,No module named,Import Error,Invalid or unavailable import,Package installation and imports,Intermediate,Module should import successfully,No module named,Python cannot find the requested module.,Install or import an available module.,"Import Error, Package installation and imports"
1476,Python,import nonexistingmodule,No module named,Import Error,Invalid or unavailable import,Package installation and imports,Beginner,Module should import successfully,No module named,The negative index is outside the valid range.,Use a valid negative index within the list length.,"Import Error, Package installation and imports"
1477,Python,from collections import unknown_item,ImportError: cannot import name,Import Error,Invalid or unavailable import,Module imports,Beginner,Module should import successfully,ImportError: cannot import name,Python block statements require a colon at the end.,Add a colon after the for statement.,"Import Error, Module imports"
1478,Python,import nonexistingmodule,ModuleNotFoundError,Import Error,Invalid or unavailable import,Python modules and imports,Beginner,Module should import successfully,ModuleNotFoundError,The statement inside the block is not indented.,Indent the statement inside the if block.,"Import Error, Python modules and imports"
1479,Python,from collections import unknown_item,No module named,Import Error,Invalid or unavailable import,Package installation and imports,Beginner,Module should import successfully,No module named,The code uses a variable that has not been defined.,Check that the variable is defined before use.,"Import Error, Package installation and imports"
1480,Python,from collections import unknown_item,ModuleNotFoundError,Import Error,Invalid or unavailable import,Python modules and imports,Intermediate,Module should import successfully,ModuleNotFoundError,Python cannot find the requested module.,Install or import an available module.,"Import Error, Python modules and imports"
1481,Python,from collections import unknown_item,ModuleNotFoundError,Import Error,Invalid or unavailable import,Python modules and imports,Intermediate,Module should import successfully,ModuleNotFoundError,The operation combines values whose data types are not compatible.,Convert the values to compatible data types before applying the operation.,"Import Error, Python modules and imports"
1482,Python,from collections import unknown_item,ModuleNotFoundError,Import Error,Invalid or unavailable import,Python modules and imports,Intermediate,Module should import successfully,ModuleNotFoundError,The function call does not provide all required arguments.,Pass all required function arguments.,"Import Error, Python modules and imports"
1483,Python,from math import unknown_function,No module named,Import Error,Invalid or unavailable import,Package installation and imports,Beginner,Module should import successfully,No module named,The requested index is outside the list range.,Use an index within the valid range of the list.,"Import Error, Package installation and imports"
1484,Python,from collections import unknown_item,ModuleNotFoundError,Import Error,Invalid or unavailable import,Python modules and imports,Beginner,Module should import successfully,ModuleNotFoundError,Python block statements require a colon at the end.,Add a colon after the for statement.,"Import Error, Python modules and imports"
1485,Python,import nonexistingmodule,No module named,Import Error,Invalid or unavailable import,Package installation and imports,Beginner,Module should import successfully,No module named,The condition produces an incorrect result for the intended logic.,Review the condition so it matches the intended requirement.,"Import Error, Package installation and imports"
1486,Python,from collections import unknown_item,No module named,Import Error,Invalid or unavailable import,Package installation and imports,Beginner,Module should import successfully,No module named,Python cannot find the requested module.,Install or import an available module.,"Import Error, Package installation and imports"
1487,Python,import pandas_missing,ImportError: cannot import name,Import Error,Invalid or unavailable import,Module imports,Beginner,Module should import successfully,ImportError: cannot import name,The requested index is outside the list range.,Use an index within the valid range of the list.,"Import Error, Module imports"
1488,Python,import pandas_missing,No module named,Import Error,Invalid or unavailable import,Package installation and imports,Beginner,Module should import successfully,No module named,The code uses a variable that has not been defined.,Check that the variable is defined before use.,"Import Error, Package installation and imports"
1489,Python,from collections import unknown_item,ImportError: cannot import name,Import Error,Invalid or unavailable import,Module imports,Intermediate,Module should import successfully,ImportError: cannot import name,The condition produces an incorrect result for the intended logic.,Review the condition so it matches the intended requirement.,"Import Error, Module imports"
1490,Python,import nonexistingmodule,ModuleNotFoundError,Import Error,Invalid or unavailable import,Python modules and imports,Beginner,Module should import successfully,ModuleNotFoundError,The function call does not provide all required arguments.,Pass all required function arguments.,"Import Error, Python modules and imports"
1491,Python,from math import unknown_function,ModuleNotFoundError,Import Error,Invalid or unavailable import,Python modules and imports,Intermediate,Module should import successfully,ModuleNotFoundError,The statement inside the block is not indented.,Indent the statement inside the if block.,"Import Error, Python modules and imports"
1492,Python,import nonexistingmodule,ModuleNotFoundError,Import Error,Invalid or unavailable import,Python modules and imports,Beginner,Module should import successfully,ModuleNotFoundError,The variable name used in print does not match the declared variable.,Use the exact variable name that was declared.,"Import Error, Python modules and imports"
1493,Python,import pandas_missing,No module named,Import Error,Invalid or unavailable import,Package installation and imports,Beginner,Module should import successfully,No module named,The operation combines values whose data types are not compatible.,Convert the values to compatible data types before applying the operation.,"Import Error, Package installation and imports"
1494,Python,import pandas_missing,ImportError: cannot import name,Import Error,Invalid or unavailable import,Module imports,Beginner,Module should import successfully,ImportError: cannot import name,The variable name used in print does not match the declared variable.,Use the exact variable name that was declared.,"Import Error, Module imports"
1495,Python,import pandas_missing,ImportError: cannot import name,Import Error,Invalid or unavailable import,Module imports,Beginner,Module should import successfully,ImportError: cannot import name,The code uses a variable that has not been defined.,Check that the variable is defined before use.,"Import Error, Module imports"
1496,Python,from math import unknown_function,No module named,Import Error,Invalid or unavailable import,Package installation and imports,Beginner,Module should import successfully,No module named,The negative index is outside the valid range.,Use a valid negative index within the list length.,"Import Error, Package installation and imports"
1497,Python,import pandas_missing,No module named,Import Error,Invalid or unavailable import,Package installation and imports,Intermediate,Module should import successfully,No module named,The negative index is outside the valid range.,Use a valid negative index within the list length.,"Import Error, Package installation and imports"
1498,Python,from math import unknown_function,ImportError: cannot import name,Import Error,Invalid or unavailable import,Module imports,Intermediate,Module should import successfully,ImportError: cannot import name,The condition produces an incorrect result for the intended logic.,Review the condition so it matches the intended requirement.,"Import Error, Module imports"
1499,Python,from collections import unknown_item,No module named,Import Error,Invalid or unavailable import,Package installation and imports,Intermediate,Module should import successfully,No module named,The code uses a variable that has not been defined.,Check that the variable is defined before use.,"Import Error, Package installation and imports"
1500,Python,import nonexistingmodule,No module named,Import Error,Invalid or unavailable import,Package installation and imports,Beginner,Module should import successfully,No module named,The negative index is outside the valid range.,Use a valid negative index within the list length.,"Import Error, Package installation and imports"
1501,Python,"values = (1, 2)
print(values[4])",IndexError: list index out of range,Index Error,Index outside valid range,List indexing,Beginner,A valid element should be accessed,IndexError: list index out of range,The code uses a variable that has not been defined.,Check that the variable is defined before use.,"Index Error, List indexing"
1502,Python,"values = (1, 2)
print(values[4])",IndexError: tuple index out of range,Index Error,Index outside valid range,Tuple indexing,Beginner,A valid element should be accessed,IndexError: tuple index out of range,The condition produces an incorrect result for the intended logic.,Review the condition so it matches the intended requirement.,"Index Error, Tuple indexing"
1503,Python,"items = [10, 20, 30]
print(items[5])",IndexError: string index out of range,Index Error,Index outside valid range,String indexing,Beginner,A valid element should be accessed,IndexError: string index out of range,The code uses a variable that has not been defined.,Check that the variable is defined before use.,"Index Error, String indexing"
1504,Python,"values = (1, 2)
print(values[4])",IndexError: tuple index out of range,Index Error,Index outside valid range,Tuple indexing,Beginner,A valid element should be accessed,IndexError: tuple index out of range,Python block statements require a colon at the end.,Add a colon after the for statement.,"Index Error, Tuple indexing"
1505,Python,"data = [1]
print(data[2])",IndexError: list index out of range,Index Error,Index outside valid range,List indexing,Beginner,A valid element should be accessed,IndexError: list index out of range,Python block statements require a colon at the end.,Add a colon after the for statement.,"Index Error, List indexing"
1506,Python,"items = [10, 20, 30]
print(items[5])",IndexError: string index out of range,Index Error,Index outside valid range,String indexing,Beginner,A valid element should be accessed,IndexError: string index out of range,The negative index is outside the valid range.,Use a valid negative index within the list length.,"Index Error, String indexing"
1507,Python,"items = [10, 20, 30]
print(items[5])",IndexError: string index out of range,Index Error,Index outside valid range,String indexing,Beginner,A valid element should be accessed,IndexError: string index out of range,The condition produces an incorrect result for the intended logic.,Review the condition so it matches the intended requirement.,"Index Error, String indexing"
1508,Python,"data = [1]
print(data[2])",IndexError: list index out of range,Index Error,Index outside valid range,List indexing,Intermediate,A valid element should be accessed,IndexError: list index out of range,The negative index is outside the valid range.,Use a valid negative index within the list length.,"Index Error, List indexing"
1509,Python,"items = [10, 20, 30]
print(items[5])",IndexError: tuple index out of range,Index Error,Index outside valid range,Tuple indexing,Beginner,A valid element should be accessed,IndexError: tuple index out of range,The code uses a variable that has not been defined.,Check that the variable is defined before use.,"Index Error, Tuple indexing"
1510,Python,"values = (1, 2)
print(values[4])",IndexError: tuple index out of range,Index Error,Index outside valid range,Tuple indexing,Beginner,A valid element should be accessed,IndexError: tuple index out of range,Python block statements require a colon at the end.,Add a colon after the for statement.,"Index Error, Tuple indexing"
1511,Python,"items = [10, 20, 30]
print(items[5])",IndexError: string index out of range,Index Error,Index outside valid range,String indexing,Beginner,A valid element should be accessed,IndexError: string index out of range,The operation combines values whose data types are not compatible.,Convert the values to compatible data types before applying the operation.,"Index Error, String indexing"
1512,Python,"values = (1, 2)
print(values[4])",IndexError: tuple index out of range,Index Error,Index outside valid range,Tuple indexing,Intermediate,A valid element should be accessed,IndexError: tuple index out of range,The statement inside the block is not indented.,Indent the statement inside the if block.,"Index Error, Tuple indexing"
1513,Python,"values = (1, 2)
print(values[4])",IndexError: string index out of range,Index Error,Index outside valid range,String indexing,Beginner,A valid element should be accessed,IndexError: string index out of range,The requested index is outside the list range.,Use an index within the valid range of the list.,"Index Error, String indexing"
1514,Python,"data = [1]
print(data[2])",IndexError: tuple index out of range,Index Error,Index outside valid range,Tuple indexing,Beginner,A valid element should be accessed,IndexError: tuple index out of range,Python block statements require a colon at the end.,Add a colon after the for statement.,"Index Error, Tuple indexing"
1515,Python,"word = 'Python'
print(word[10])",IndexError: tuple index out of range,Index Error,Index outside valid range,Tuple indexing,Beginner,A valid element should be accessed,IndexError: tuple index out of range,Python block statements require a colon at the end.,Add a colon after the for statement.,"Index Error, Tuple indexing"
1516,Python,"word = 'Python'
print(word[10])",IndexError: string index out of range,Index Error,Index outside valid range,String indexing,Beginner,A valid element should be accessed,IndexError: string index out of range,Python cannot find the requested module.,Install or import an available module.,"Index Error, String indexing"
1517,Python,"word = 'Python'
print(word[10])",IndexError: tuple index out of range,Index Error,Index outside valid range,Tuple indexing,Beginner,A valid element should be accessed,IndexError: tuple index out of range,Python cannot find the requested module.,Install or import an available module.,"Index Error, Tuple indexing"
1518,Python,"word = 'Python'
print(word[10])",IndexError: list index out of range,Index Error,Index outside valid range,List indexing,Beginner,A valid element should be accessed,IndexError: list index out of range,The condition produces an incorrect result for the intended logic.,Review the condition so it matches the intended requirement.,"Index Error, List indexing"
1519,Python,"values = (1, 2)
print(values[4])",IndexError: string index out of range,Index Error,Index outside valid range,String indexing,Beginner,A valid element should be accessed,IndexError: string index out of range,The condition produces an incorrect result for the intended logic.,Review the condition so it matches the intended requirement.,"Index Error, String indexing"
1520,Python,"word = 'Python'
print(word[10])",IndexError: tuple index out of range,Index Error,Index outside valid range,Tuple indexing,Intermediate,A valid element should be accessed,IndexError: tuple index out of range,The operation combines values whose data types are not compatible.,Convert the values to compatible data types before applying the operation.,"Index Error, Tuple indexing"
1521,Python,"word = 'Python'
print(word[10])",IndexError: list index out of range,Index Error,Index outside valid range,List indexing,Beginner,A valid element should be accessed,IndexError: list index out of range,The condition produces an incorrect result for the intended logic.,Review the condition so it matches the intended requirement.,"Index Error, List indexing"
1522,Python,"word = 'Python'
print(word[10])",IndexError: string index out of range,Index Error,Index outside valid range,String indexing,Beginner,A valid element should be accessed,IndexError: string index out of range,The negative index is outside the valid range.,Use a valid negative index within the list length.,"Index Error, String indexing"
1523,Python,"word = 'Python'
print(word[10])",IndexError: list index out of range,Index Error,Index outside valid range,List indexing,Beginner,A valid element should be accessed,IndexError: list index out of range,The condition produces an incorrect result for the intended logic.,Review the condition so it matches the intended requirement.,"Index Error, List indexing"
1524,Python,"items = [10, 20, 30]
print(items[5])",IndexError: list index out of range,Index Error,Index outside valid range,List indexing,Beginner,A valid element should be accessed,IndexError: list index out of range,The negative index is outside the valid range.,Use a valid negative index within the list length.,"Index Error, List indexing"
1525,Python,"items = [10, 20, 30]
print(items[5])",IndexError: string index out of range,Index Error,Index outside valid range,String indexing,Beginner,A valid element should be accessed,IndexError: string index out of range,The operation combines values whose data types are not compatible.,Convert the values to compatible data types before applying the operation.,"Index Error, String indexing"
1526,Python,"values = (1, 2)
print(values[4])",IndexError: string index out of range,Index Error,Index outside valid range,String indexing,Beginner,A valid element should be accessed,IndexError: string index out of range,Python cannot find the requested module.,Install or import an available module.,"Index Error, String indexing"
1527,Python,"word = 'Python'
print(word[10])",IndexError: tuple index out of range,Index Error,Index outside valid range,Tuple indexing,Beginner,A valid element should be accessed,IndexError: tuple index out of range,Python block statements require a colon at the end.,Add a colon after the for statement.,"Index Error, Tuple indexing"
1528,Python,"word = 'Python'
print(word[10])",IndexError: list index out of range,Index Error,Index outside valid range,List indexing,Beginner,A valid element should be accessed,IndexError: list index out of range,The operation combines values whose data types are not compatible.,Convert the values to compatible data types before applying the operation.,"Index Error, List indexing"
1529,Python,"values = (1, 2)
print(values[4])",IndexError: tuple index out of range,Index Error,Index outside valid range,Tuple indexing,Intermediate,A valid element should be accessed,IndexError: tuple index out of range,The condition produces an incorrect result for the intended logic.,Review the condition so it matches the intended requirement.,"Index Error, Tuple indexing"
1530,Python,"word = 'Python'
print(word[10])",IndexError: tuple index out of range,Index Error,Index outside valid range,Tuple indexing,Intermediate,A valid element should be accessed,IndexError: tuple index out of range,The condition produces an incorrect result for the intended logic.,Review the condition so it matches the intended requirement.,"Index Error, Tuple indexing"
1531,Python,"items = [10, 20, 30]
print(items[5])",IndexError: list index out of range,Index Error,Index outside valid range,List indexing,Beginner,A valid element should be accessed,IndexError: list index out of range,The requested index is outside the list range.,Use an index within the valid range of the list.,"Index Error, List indexing"
1532,Python,"word = 'Python'
print(word[10])",IndexError: list index out of range,Index Error,Index outside valid range,List indexing,Intermediate,A valid element should be accessed,IndexError: list index out of range,The function call does not provide all required arguments.,Pass all required function arguments.,"Index Error, List indexing"
1533,Python,"values = (1, 2)
print(values[4])",IndexError: tuple index out of range,Index Error,Index outside valid range,Tuple indexing,Beginner,A valid element should be accessed,IndexError: tuple index out of range,The function call does not provide all required arguments.,Pass all required function arguments.,"Index Error, Tuple indexing"
1534,Python,"data = [1]
print(data[2])",IndexError: string index out of range,Index Error,Index outside valid range,String indexing,Beginner,A valid element should be accessed,IndexError: string index out of range,The function call does not provide all required arguments.,Pass all required function arguments.,"Index Error, String indexing"
1535,Python,"word = 'Python'
print(word[10])",IndexError: list index out of range,Index Error,Index outside valid range,List indexing,Beginner,A valid element should be accessed,IndexError: list index out of range,The requested index is outside the list range.,Use an index within the valid range of the list.,"Index Error, List indexing"
1536,Python,"values = (1, 2)
print(values[4])",IndexError: string index out of range,Index Error,Index outside valid range,String indexing,Beginner,A valid element should be accessed,IndexError: string index out of range,The code uses a variable that has not been defined.,Check that the variable is defined before use.,"Index Error, String indexing"
1537,Python,"word = 'Python'
print(word[10])",IndexError: list index out of range,Index Error,Index outside valid range,List indexing,Beginner,A valid element should be accessed,IndexError: list index out of range,The requested index is outside the list range.,Use an index within the valid range of the list.,"Index Error, List indexing"
1538,Python,"data = [1]
print(data[2])",IndexError: list index out of range,Index Error,Index outside valid range,List indexing,Intermediate,A valid element should be accessed,IndexError: list index out of range,The function call does not provide all required arguments.,Pass all required function arguments.,"Index Error, List indexing"
1539,Python,"word = 'Python'
print(word[10])",IndexError: string index out of range,Index Error,Index outside valid range,String indexing,Beginner,A valid element should be accessed,IndexError: string index out of range,The function call does not provide all required arguments.,Pass all required function arguments.,"Index Error, String indexing"
1540,Python,"data = [1]
print(data[2])",IndexError: string index out of range,Index Error,Index outside valid range,String indexing,Intermediate,A valid element should be accessed,IndexError: string index out of range,The code uses a variable that has not been defined.,Check that the variable is defined before use.,"Index Error, String indexing"
1541,Python,"items = [10, 20, 30]
print(items[5])",IndexError: string index out of range,Index Error,Index outside valid range,String indexing,Intermediate,A valid element should be accessed,IndexError: string index out of range,Python cannot find the requested module.,Install or import an available module.,"Index Error, String indexing"
1542,Python,"data = [1]
print(data[2])",IndexError: list index out of range,Index Error,Index outside valid range,List indexing,Beginner,A valid element should be accessed,IndexError: list index out of range,The function call does not provide all required arguments.,Pass all required function arguments.,"Index Error, List indexing"
1543,Python,"data = [1]
print(data[2])",IndexError: list index out of range,Index Error,Index outside valid range,List indexing,Intermediate,A valid element should be accessed,IndexError: list index out of range,The negative index is outside the valid range.,Use a valid negative index within the list length.,"Index Error, List indexing"
1544,Python,"data = [1]
print(data[2])",IndexError: list index out of range,Index Error,Index outside valid range,List indexing,Intermediate,A valid element should be accessed,IndexError: list index out of range,The negative index is outside the valid range.,Use a valid negative index within the list length.,"Index Error, List indexing"
1545,Python,"word = 'Python'
print(word[10])",IndexError: tuple index out of range,Index Error,Index outside valid range,Tuple indexing,Beginner,A valid element should be accessed,IndexError: tuple index out of range,The code uses a variable that has not been defined.,Check that the variable is defined before use.,"Index Error, Tuple indexing"
1546,Python,"values = (1, 2)
print(values[4])",IndexError: string index out of range,Index Error,Index outside valid range,String indexing,Beginner,A valid element should be accessed,IndexError: string index out of range,Python cannot find the requested module.,Install or import an available module.,"Index Error, String indexing"
1547,Python,"data = [1]
print(data[2])",IndexError: string index out of range,Index Error,Index outside valid range,String indexing,Beginner,A valid element should be accessed,IndexError: string index out of range,The operation combines values whose data types are not compatible.,Convert the values to compatible data types before applying the operation.,"Index Error, String indexing"
1548,Python,"word = 'Python'
print(word[10])",IndexError: tuple index out of range,Index Error,Index outside valid range,Tuple indexing,Beginner,A valid element should be accessed,IndexError: tuple index out of range,The code uses a variable that has not been defined.,Check that the variable is defined before use.,"Index Error, Tuple indexing"
1549,Python,"items = [10, 20, 30]
print(items[5])",IndexError: tuple index out of range,Index Error,Index outside valid range,Tuple indexing,Intermediate,A valid element should be accessed,IndexError: tuple index out of range,The function call does not provide all required arguments.,Pass all required function arguments.,"Index Error, Tuple indexing"
1550,Python,"word = 'Python'
print(word[10])",IndexError: tuple index out of range,Index Error,Index outside valid range,Tuple indexing,Intermediate,A valid element should be accessed,IndexError: tuple index out of range,The variable name used in print does not match the declared variable.,Use the exact variable name that was declared.,"Index Error, Tuple indexing"
1551,Python,"word = 'Python'
print(word[10])",IndexError: tuple index out of range,Index Error,Index outside valid range,Tuple indexing,Beginner,A valid element should be accessed,IndexError: tuple index out of range,The negative index is outside the valid range.,Use a valid negative index within the list length.,"Index Error, Tuple indexing"
1552,Python,"data = [1]
print(data[2])",IndexError: string index out of range,Index Error,Index outside valid range,String indexing,Beginner,A valid element should be accessed,IndexError: string index out of range,The statement inside the block is not indented.,Indent the statement inside the if block.,"Index Error, String indexing"
1553,Python,"word = 'Python'
print(word[10])",IndexError: list index out of range,Index Error,Index outside valid range,List indexing,Beginner,A valid element should be accessed,IndexError: list index out of range,The function call does not provide all required arguments.,Pass all required function arguments.,"Index Error, List indexing"
1554,Python,"values = (1, 2)
print(values[4])",IndexError: list index out of range,Index Error,Index outside valid range,List indexing,Intermediate,A valid element should be accessed,IndexError: list index out of range,Python block statements require a colon at the end.,Add a colon after the for statement.,"Index Error, List indexing"
1555,Python,"items = [10, 20, 30]
print(items[5])",IndexError: tuple index out of range,Index Error,Index outside valid range,Tuple indexing,Beginner,A valid element should be accessed,IndexError: tuple index out of range,The operation combines values whose data types are not compatible.,Convert the values to compatible data types before applying the operation.,"Index Error, Tuple indexing"
1556,Python,"values = (1, 2)
print(values[4])",IndexError: list index out of range,Index Error,Index outside valid range,List indexing,Beginner,A valid element should be accessed,IndexError: list index out of range,The function call does not provide all required arguments.,Pass all required function arguments.,"Index Error, List indexing"
1557,Python,"word = 'Python'
print(word[10])",IndexError: tuple index out of range,Index Error,Index outside valid range,Tuple indexing,Beginner,A valid element should be accessed,IndexError: tuple index out of range,Python cannot find the requested module.,Install or import an available module.,"Index Error, Tuple indexing"
1558,Python,"items = [10, 20, 30]
print(items[5])",IndexError: tuple index out of range,Index Error,Index outside valid range,Tuple indexing,Beginner,A valid element should be accessed,IndexError: tuple index out of range,Python cannot find the requested module.,Install or import an available module.,"Index Error, Tuple indexing"
1559,Python,"word = 'Python'
print(word[10])",IndexError: string index out of range,Index Error,Index outside valid range,String indexing,Beginner,A valid element should be accessed,IndexError: string index out of range,The condition produces an incorrect result for the intended logic.,Review the condition so it matches the intended requirement.,"Index Error, String indexing"
1560,Python,"items = [10, 20, 30]
print(items[5])",IndexError: list index out of range,Index Error,Index outside valid range,List indexing,Beginner,A valid element should be accessed,IndexError: list index out of range,The operation combines values whose data types are not compatible.,Convert the values to compatible data types before applying the operation.,"Index Error, List indexing"
1561,Python,"data = [1]
print(data[2])",IndexError: string index out of range,Index Error,Index outside valid range,String indexing,Beginner,A valid element should be accessed,IndexError: string index out of range,Python block statements require a colon at the end.,Add a colon after the for statement.,"Index Error, String indexing"
1562,Python,"items = [10, 20, 30]
print(items[5])",IndexError: tuple index out of range,Index Error,Index outside valid range,Tuple indexing,Beginner,A valid element should be accessed,IndexError: tuple index out of range,The operation combines values whose data types are not compatible.,Convert the values to compatible data types before applying the operation.,"Index Error, Tuple indexing"
1563,Python,"values = (1, 2)
print(values[4])",IndexError: list index out of range,Index Error,Index outside valid range,List indexing,Beginner,A valid element should be accessed,IndexError: list index out of range,The code uses a variable that has not been defined.,Check that the variable is defined before use.,"Index Error, List indexing"
1564,Python,"data = [1]
print(data[2])",IndexError: string index out of range,Index Error,Index outside valid range,String indexing,Intermediate,A valid element should be accessed,IndexError: string index out of range,The function call does not provide all required arguments.,Pass all required function arguments.,"Index Error, String indexing"
1565,Python,"data = [1]
print(data[2])",IndexError: list index out of range,Index Error,Index outside valid range,List indexing,Beginner,A valid element should be accessed,IndexError: list index out of range,The condition produces an incorrect result for the intended logic.,Review the condition so it matches the intended requirement.,"Index Error, List indexing"
1566,Python,"data = [1]
print(data[2])",IndexError: list index out of range,Index Error,Index outside valid range,List indexing,Beginner,A valid element should be accessed,IndexError: list index out of range,The condition produces an incorrect result for the intended logic.,Review the condition so it matches the intended requirement.,"Index Error, List indexing"
1567,Python,"items = [10, 20, 30]
print(items[5])",IndexError: string index out of range,Index Error,Index outside valid range,String indexing,Intermediate,A valid element should be accessed,IndexError: string index out of range,The function call does not provide all required arguments.,Pass all required function arguments.,"Index Error, String indexing"
1568,Python,"word = 'Python'
print(word[10])",IndexError: tuple index out of range,Index Error,Index outside valid range,Tuple indexing,Intermediate,A valid element should be accessed,IndexError: tuple index out of range,The code uses a variable that has not been defined.,Check that the variable is defined before use.,"Index Error, Tuple indexing"
1569,Python,"word = 'Python'
print(word[10])",IndexError: string index out of range,Index Error,Index outside valid range,String indexing,Beginner,A valid element should be accessed,IndexError: string index out of range,The condition produces an incorrect result for the intended logic.,Review the condition so it matches the intended requirement.,"Index Error, String indexing"
1570,Python,"items = [10, 20, 30]
print(items[5])",IndexError: list index out of range,Index Error,Index outside valid range,List indexing,Intermediate,A valid element should be accessed,IndexError: list index out of range,The operation combines values whose data types are not compatible.,Convert the values to compatible data types before applying the operation.,"Index Error, List indexing"
1571,Python,"word = 'Python'
print(word[10])",IndexError: string index out of range,Index Error,Index outside valid range,String indexing,Beginner,A valid element should be accessed,IndexError: string index out of range,The code uses a variable that has not been defined.,Check that the variable is defined before use.,"Index Error, String indexing"
1572,Python,"values = (1, 2)
print(values[4])",IndexError: tuple index out of range,Index Error,Index outside valid range,Tuple indexing,Beginner,A valid element should be accessed,IndexError: tuple index out of range,The condition produces an incorrect result for the intended logic.,Review the condition so it matches the intended requirement.,"Index Error, Tuple indexing"
1573,Python,"items = [10, 20, 30]
print(items[5])",IndexError: list index out of range,Index Error,Index outside valid range,List indexing,Beginner,A valid element should be accessed,IndexError: list index out of range,The code uses a variable that has not been defined.,Check that the variable is defined before use.,"Index Error, List indexing"
1574,Python,"values = (1, 2)
print(values[4])",IndexError: list index out of range,Index Error,Index outside valid range,List indexing,Intermediate,A valid element should be accessed,IndexError: list index out of range,The operation combines values whose data types are not compatible.,Convert the values to compatible data types before applying the operation.,"Index Error, List indexing"
1575,Python,"word = 'Python'
print(word[10])",IndexError: tuple index out of range,Index Error,Index outside valid range,Tuple indexing,Beginner,A valid element should be accessed,IndexError: tuple index out of range,The condition produces an incorrect result for the intended logic.,Review the condition so it matches the intended requirement.,"Index Error, Tuple indexing"
1576,Python,"values = (1, 2)
print(values[4])",IndexError: tuple index out of range,Index Error,Index outside valid range,Tuple indexing,Beginner,A valid element should be accessed,IndexError: tuple index out of range,The condition produces an incorrect result for the intended logic.,Review the condition so it matches the intended requirement.,"Index Error, Tuple indexing"
1577,Python,"values = (1, 2)
print(values[4])",IndexError: list index out of range,Index Error,Index outside valid range,List indexing,Beginner,A valid element should be accessed,IndexError: list index out of range,Python block statements require a colon at the end.,Add a colon after the for statement.,"Index Error, List indexing"
1578,Python,"data = [1]
print(data[2])",IndexError: string index out of range,Index Error,Index outside valid range,String indexing,Intermediate,A valid element should be accessed,IndexError: string index out of range,The variable name used in print does not match the declared variable.,Use the exact variable name that was declared.,"Index Error, String indexing"
1579,Python,"data = [1]
print(data[2])",IndexError: list index out of range,Index Error,Index outside valid range,List indexing,Beginner,A valid element should be accessed,IndexError: list index out of range,Python block statements require a colon at the end.,Add a colon after the for statement.,"Index Error, List indexing"
1580,Python,"values = (1, 2)
print(values[4])",IndexError: list index out of range,Index Error,Index outside valid range,List indexing,Intermediate,A valid element should be accessed,IndexError: list index out of range,Python block statements require a colon at the end.,Add a colon after the for statement.,"Index Error, List indexing"
1581,Python,"word = 'Python'
print(word[10])",IndexError: string index out of range,Index Error,Index outside valid range,String indexing,Intermediate,A valid element should be accessed,IndexError: string index out of range,The negative index is outside the valid range.,Use a valid negative index within the list length.,"Index Error, String indexing"
1582,Python,"items = [10, 20, 30]
print(items[5])",IndexError: list index out of range,Index Error,Index outside valid range,List indexing,Beginner,A valid element should be accessed,IndexError: list index out of range,The condition produces an incorrect result for the intended logic.,Review the condition so it matches the intended requirement.,"Index Error, List indexing"
1583,Python,"items = [10, 20, 30]
print(items[5])",IndexError: tuple index out of range,Index Error,Index outside valid range,Tuple indexing,Beginner,A valid element should be accessed,IndexError: tuple index out of range,The negative index is outside the valid range.,Use a valid negative index within the list length.,"Index Error, Tuple indexing"
1584,Python,"values = (1, 2)
print(values[4])",IndexError: tuple index out of range,Index Error,Index outside valid range,Tuple indexing,Beginner,A valid element should be accessed,IndexError: tuple index out of range,The condition produces an incorrect result for the intended logic.,Review the condition so it matches the intended requirement.,"Index Error, Tuple indexing"
1585,Python,"values = (1, 2)
print(values[4])",IndexError: tuple index out of range,Index Error,Index outside valid range,Tuple indexing,Intermediate,A valid element should be accessed,IndexError: tuple index out of range,The statement inside the block is not indented.,Indent the statement inside the if block.,"Index Error, Tuple indexing"
1586,Python,"values = (1, 2)
print(values[4])",IndexError: tuple index out of range,Index Error,Index outside valid range,Tuple indexing,Beginner,A valid element should be accessed,IndexError: tuple index out of range,The condition produces an incorrect result for the intended logic.,Review the condition so it matches the intended requirement.,"Index Error, Tuple indexing"
1587,Python,"data = [1]
print(data[2])",IndexError: tuple index out of range,Index Error,Index outside valid range,Tuple indexing,Intermediate,A valid element should be accessed,IndexError: tuple index out of range,The condition produces an incorrect result for the intended logic.,Review the condition so it matches the intended requirement.,"Index Error, Tuple indexing"
1588,Python,"data = [1]
print(data[2])",IndexError: tuple index out of range,Index Error,Index outside valid range,Tuple indexing,Beginner,A valid element should be accessed,IndexError: tuple index out of range,The function call does not provide all required arguments.,Pass all required function arguments.,"Index Error, Tuple indexing"
1589,Python,"values = (1, 2)
print(values[4])",IndexError: tuple index out of range,Index Error,Index outside valid range,Tuple indexing,Beginner,A valid element should be accessed,IndexError: tuple index out of range,The requested index is outside the list range.,Use an index within the valid range of the list.,"Index Error, Tuple indexing"
1590,Python,"items = [10, 20, 30]
print(items[5])",IndexError: list index out of range,Index Error,Index outside valid range,List indexing,Beginner,A valid element should be accessed,IndexError: list index out of range,The variable name used in print does not match the declared variable.,Use the exact variable name that was declared.,"Index Error, List indexing"
1591,Python,"word = 'Python'
print(word[10])",IndexError: tuple index out of range,Index Error,Index outside valid range,Tuple indexing,Intermediate,A valid element should be accessed,IndexError: tuple index out of range,The variable name used in print does not match the declared variable.,Use the exact variable name that was declared.,"Index Error, Tuple indexing"
1592,Python,"items = [10, 20, 30]
print(items[5])",IndexError: string index out of range,Index Error,Index outside valid range,String indexing,Beginner,A valid element should be accessed,IndexError: string index out of range,Python cannot find the requested module.,Install or import an available module.,"Index Error, String indexing"
1593,Python,"word = 'Python'
print(word[10])",IndexError: string index out of range,Index Error,Index outside valid range,String indexing,Beginner,A valid element should be accessed,IndexError: string index out of range,The negative index is outside the valid range.,Use a valid negative index within the list length.,"Index Error, String indexing"
1594,Python,"values = (1, 2)
print(values[4])",IndexError: tuple index out of range,Index Error,Index outside valid range,Tuple indexing,Beginner,A valid element should be accessed,IndexError: tuple index out of range,The requested index is outside the list range.,Use an index within the valid range of the list.,"Index Error, Tuple indexing"
1595,Python,"values = (1, 2)
print(values[4])",IndexError: list index out of range,Index Error,Index outside valid range,List indexing,Intermediate,A valid element should be accessed,IndexError: list index out of range,Python block statements require a colon at the end.,Add a colon after the for statement.,"Index Error, List indexing"
1596,Python,"items = [10, 20, 30]
print(items[5])",IndexError: tuple index out of range,Index Error,Index outside valid range,Tuple indexing,Beginner,A valid element should be accessed,IndexError: tuple index out of range,The statement inside the block is not indented.,Indent the statement inside the if block.,"Index Error, Tuple indexing"
1597,Python,"values = (1, 2)
print(values[4])",IndexError: tuple index out of range,Index Error,Index outside valid range,Tuple indexing,Beginner,A valid element should be accessed,IndexError: tuple index out of range,The statement inside the block is not indented.,Indent the statement inside the if block.,"Index Error, Tuple indexing"
1598,Python,"items = [10, 20, 30]
print(items[5])",IndexError: tuple index out of range,Index Error,Index outside valid range,Tuple indexing,Beginner,A valid element should be accessed,IndexError: tuple index out of range,The condition produces an incorrect result for the intended logic.,Review the condition so it matches the intended requirement.,"Index Error, Tuple indexing"
1599,Python,"values = (1, 2)
print(values[4])",IndexError: list index out of range,Index Error,Index outside valid range,List indexing,Intermediate,A valid element should be accessed,IndexError: list index out of range,The statement inside the block is not indented.,Indent the statement inside the if block.,"Index Error, List indexing"
1600,Python,"items = [10, 20, 30]
print(items[5])",IndexError: string index out of range,Index Error,Index outside valid range,String indexing,Intermediate,A valid element should be accessed,IndexError: string index out of range,The function call does not provide all required arguments.,Pass all required function arguments.,"Index Error, String indexing"
1601,Python,"word = 'Python'
print(word[10])",IndexError: list index out of range,Index Error,Index outside valid range,List indexing,Intermediate,A valid element should be accessed,IndexError: list index out of range,The function call does not provide all required arguments.,Pass all required function arguments.,"Index Error, List indexing"
1602,Python,"values = (1, 2)
print(values[4])",IndexError: string index out of range,Index Error,Index outside valid range,String indexing,Beginner,A valid element should be accessed,IndexError: string index out of range,The negative index is outside the valid range.,Use a valid negative index within the list length.,"Index Error, String indexing"
1603,Python,"values = (1, 2)
print(values[4])",IndexError: string index out of range,Index Error,Index outside valid range,String indexing,Intermediate,A valid element should be accessed,IndexError: string index out of range,The code uses a variable that has not been defined.,Check that the variable is defined before use.,"Index Error, String indexing"
1604,Python,"items = [10, 20, 30]
print(items[5])",IndexError: tuple index out of range,Index Error,Index outside valid range,Tuple indexing,Beginner,A valid element should be accessed,IndexError: tuple index out of range,The statement inside the block is not indented.,Indent the statement inside the if block.,"Index Error, Tuple indexing"
1605,Python,"values = (1, 2)
print(values[4])",IndexError: tuple index out of range,Index Error,Index outside valid range,Tuple indexing,Beginner,A valid element should be accessed,IndexError: tuple index out of range,The statement inside the block is not indented.,Indent the statement inside the if block.,"Index Error, Tuple indexing"
1606,Python,"items = [10, 20, 30]
print(items[5])",IndexError: list index out of range,Index Error,Index outside valid range,List indexing,Beginner,A valid element should be accessed,IndexError: list index out of range,Python block statements require a colon at the end.,Add a colon after the for statement.,"Index Error, List indexing"
1607,Python,"word = 'Python'
print(word[10])",IndexError: string index out of range,Index Error,Index outside valid range,String indexing,Intermediate,A valid element should be accessed,IndexError: string index out of range,The negative index is outside the valid range.,Use a valid negative index within the list length.,"Index Error, String indexing"
1608,Python,"word = 'Python'
print(word[10])",IndexError: tuple index out of range,Index Error,Index outside valid range,Tuple indexing,Intermediate,A valid element should be accessed,IndexError: tuple index out of range,Python cannot find the requested module.,Install or import an available module.,"Index Error, Tuple indexing"
1609,Python,"values = (1, 2)
print(values[4])",IndexError: list index out of range,Index Error,Index outside valid range,List indexing,Intermediate,A valid element should be accessed,IndexError: list index out of range,Python block statements require a colon at the end.,Add a colon after the for statement.,"Index Error, List indexing"
1610,Python,"data = [1]
print(data[2])",IndexError: list index out of range,Index Error,Index outside valid range,List indexing,Beginner,A valid element should be accessed,IndexError: list index out of range,Python block statements require a colon at the end.,Add a colon after the for statement.,"Index Error, List indexing"
1611,Python,"values = (1, 2)
print(values[4])",IndexError: string index out of range,Index Error,Index outside valid range,String indexing,Beginner,A valid element should be accessed,IndexError: string index out of range,The requested index is outside the list range.,Use an index within the valid range of the list.,"Index Error, String indexing"
1612,Python,"values = (1, 2)
print(values[4])",IndexError: string index out of range,Index Error,Index outside valid range,String indexing,Beginner,A valid element should be accessed,IndexError: string index out of range,The requested index is outside the list range.,Use an index within the valid range of the list.,"Index Error, String indexing"
1613,Python,"items = [10, 20, 30]
print(items[5])",IndexError: list index out of range,Index Error,Index outside valid range,List indexing,Beginner,A valid element should be accessed,IndexError: list index out of range,The statement inside the block is not indented.,Indent the statement inside the if block.,"Index Error, List indexing"
1614,Python,"items = [10, 20, 30]
print(items[5])",IndexError: list index out of range,Index Error,Index outside valid range,List indexing,Beginner,A valid element should be accessed,IndexError: list index out of range,The function call does not provide all required arguments.,Pass all required function arguments.,"Index Error, List indexing"
1615,Python,"word = 'Python'
print(word[10])",IndexError: tuple index out of range,Index Error,Index outside valid range,Tuple indexing,Beginner,A valid element should be accessed,IndexError: tuple index out of range,The operation combines values whose data types are not compatible.,Convert the values to compatible data types before applying the operation.,"Index Error, Tuple indexing"
1616,Python,"values = (1, 2)
print(values[4])",IndexError: string index out of range,Index Error,Index outside valid range,String indexing,Beginner,A valid element should be accessed,IndexError: string index out of range,The negative index is outside the valid range.,Use a valid negative index within the list length.,"Index Error, String indexing"
1617,Python,"word = 'Python'
print(word[10])",IndexError: list index out of range,Index Error,Index outside valid range,List indexing,Beginner,A valid element should be accessed,IndexError: list index out of range,The variable name used in print does not match the declared variable.,Use the exact variable name that was declared.,"Index Error, List indexing"
1618,Python,"data = [1]
print(data[2])",IndexError: tuple index out of range,Index Error,Index outside valid range,Tuple indexing,Beginner,A valid element should be accessed,IndexError: tuple index out of range,The code uses a variable that has not been defined.,Check that the variable is defined before use.,"Index Error, Tuple indexing"
1619,Python,"items = [10, 20, 30]
print(items[5])",IndexError: tuple index out of range,Index Error,Index outside valid range,Tuple indexing,Beginner,A valid element should be accessed,IndexError: tuple index out of range,The negative index is outside the valid range.,Use a valid negative index within the list length.,"Index Error, Tuple indexing"
1620,Python,"items = [10, 20, 30]
print(items[5])",IndexError: string index out of range,Index Error,Index outside valid range,String indexing,Beginner,A valid element should be accessed,IndexError: string index out of range,The code uses a variable that has not been defined.,Check that the variable is defined before use.,"Index Error, String indexing"
1621,Python,"items = [10, 20, 30]
print(items[5])",IndexError: string index out of range,Index Error,Index outside valid range,String indexing,Intermediate,A valid element should be accessed,IndexError: string index out of range,The code uses a variable that has not been defined.,Check that the variable is defined before use.,"Index Error, String indexing"
1622,Python,"items = [10, 20, 30]
print(items[5])",IndexError: tuple index out of range,Index Error,Index outside valid range,Tuple indexing,Intermediate,A valid element should be accessed,IndexError: tuple index out of range,Python block statements require a colon at the end.,Add a colon after the for statement.,"Index Error, Tuple indexing"
1623,Python,"values = (1, 2)
print(values[4])",IndexError: string index out of range,Index Error,Index outside valid range,String indexing,Beginner,A valid element should be accessed,IndexError: string index out of range,The requested index is outside the list range.,Use an index within the valid range of the list.,"Index Error, String indexing"
1624,Python,"values = (1, 2)
print(values[4])",IndexError: list index out of range,Index Error,Index outside valid range,List indexing,Intermediate,A valid element should be accessed,IndexError: list index out of range,Python block statements require a colon at the end.,Add a colon after the for statement.,"Index Error, List indexing"
1625,Python,"items = [10, 20, 30]
print(items[5])",IndexError: string index out of range,Index Error,Index outside valid range,String indexing,Beginner,A valid element should be accessed,IndexError: string index out of range,The function call does not provide all required arguments.,Pass all required function arguments.,"Index Error, String indexing"
1626,Python,"values = (1, 2)
print(values[4])",IndexError: list index out of range,Index Error,Index outside valid range,List indexing,Beginner,A valid element should be accessed,IndexError: list index out of range,The operation combines values whose data types are not compatible.,Convert the values to compatible data types before applying the operation.,"Index Error, List indexing"
1627,Python,"items = [10, 20, 30]
print(items[5])",IndexError: list index out of range,Index Error,Index outside valid range,List indexing,Beginner,A valid element should be accessed,IndexError: list index out of range,The condition produces an incorrect result for the intended logic.,Review the condition so it matches the intended requirement.,"Index Error, List indexing"
1628,Python,"values = (1, 2)
print(values[4])",IndexError: tuple index out of range,Index Error,Index outside valid range,Tuple indexing,Beginner,A valid element should be accessed,IndexError: tuple index out of range,The statement inside the block is not indented.,Indent the statement inside the if block.,"Index Error, Tuple indexing"
1629,Python,"word = 'Python'
print(word[10])",IndexError: list index out of range,Index Error,Index outside valid range,List indexing,Beginner,A valid element should be accessed,IndexError: list index out of range,Python block statements require a colon at the end.,Add a colon after the for statement.,"Index Error, List indexing"
1630,Python,"values = (1, 2)
print(values[4])",IndexError: list index out of range,Index Error,Index outside valid range,List indexing,Intermediate,A valid element should be accessed,IndexError: list index out of range,Python block statements require a colon at the end.,Add a colon after the for statement.,"Index Error, List indexing"
1631,Python,"word = 'Python'
print(word[10])",IndexError: string index out of range,Index Error,Index outside valid range,String indexing,Beginner,A valid element should be accessed,IndexError: string index out of range,The code uses a variable that has not been defined.,Check that the variable is defined before use.,"Index Error, String indexing"
1632,Python,"items = [10, 20, 30]
print(items[5])",IndexError: string index out of range,Index Error,Index outside valid range,String indexing,Beginner,A valid element should be accessed,IndexError: string index out of range,The code uses a variable that has not been defined.,Check that the variable is defined before use.,"Index Error, String indexing"
1633,Python,"data = [1]
print(data[2])",IndexError: list index out of range,Index Error,Index outside valid range,List indexing,Beginner,A valid element should be accessed,IndexError: list index out of range,The variable name used in print does not match the declared variable.,Use the exact variable name that was declared.,"Index Error, List indexing"
1634,Python,"data = [1]
print(data[2])",IndexError: list index out of range,Index Error,Index outside valid range,List indexing,Intermediate,A valid element should be accessed,IndexError: list index out of range,The condition produces an incorrect result for the intended logic.,Review the condition so it matches the intended requirement.,"Index Error, List indexing"
1635,Python,"values = (1, 2)
print(values[4])",IndexError: string index out of range,Index Error,Index outside valid range,String indexing,Beginner,A valid element should be accessed,IndexError: string index out of range,Python block statements require a colon at the end.,Add a colon after the for statement.,"Index Error, String indexing"
1636,Python,"items = [10, 20, 30]
print(items[5])",IndexError: tuple index out of range,Index Error,Index outside valid range,Tuple indexing,Beginner,A valid element should be accessed,IndexError: tuple index out of range,The negative index is outside the valid range.,Use a valid negative index within the list length.,"Index Error, Tuple indexing"
1637,Python,"items = [10, 20, 30]
print(items[5])",IndexError: tuple index out of range,Index Error,Index outside valid range,Tuple indexing,Intermediate,A valid element should be accessed,IndexError: tuple index out of range,The operation combines values whose data types are not compatible.,Convert the values to compatible data types before applying the operation.,"Index Error, Tuple indexing"
1638,Python,"data = [1]
print(data[2])",IndexError: string index out of range,Index Error,Index outside valid range,String indexing,Beginner,A valid element should be accessed,IndexError: string index out of range,The variable name used in print does not match the declared variable.,Use the exact variable name that was declared.,"Index Error, String indexing"
1639,Python,"data = [1]
print(data[2])",IndexError: tuple index out of range,Index Error,Index outside valid range,Tuple indexing,Beginner,A valid element should be accessed,IndexError: tuple index out of range,The function call does not provide all required arguments.,Pass all required function arguments.,"Index Error, Tuple indexing"
1640,Python,"values = (1, 2)
print(values[4])",IndexError: list index out of range,Index Error,Index outside valid range,List indexing,Beginner,A valid element should be accessed,IndexError: list index out of range,The operation combines values whose data types are not compatible.,Convert the values to compatible data types before applying the operation.,"Index Error, List indexing"
1641,Python,"values = (1, 2)
print(values[4])",IndexError: string index out of range,Index Error,Index outside valid range,String indexing,Beginner,A valid element should be accessed,IndexError: string index out of range,The operation combines values whose data types are not compatible.,Convert the values to compatible data types before applying the operation.,"Index Error, String indexing"
1642,Python,"items = [10, 20, 30]
print(items[5])",IndexError: string index out of range,Index Error,Index outside valid range,String indexing,Beginner,A valid element should be accessed,IndexError: string index out of range,The function call does not provide all required arguments.,Pass all required function arguments.,"Index Error, String indexing"
1643,Python,"values = (1, 2)
print(values[4])",IndexError: string index out of range,Index Error,Index outside valid range,String indexing,Beginner,A valid element should be accessed,IndexError: string index out of range,The variable name used in print does not match the declared variable.,Use the exact variable name that was declared.,"Index Error, String indexing"
1644,Python,"values = (1, 2)
print(values[4])",IndexError: string index out of range,Index Error,Index outside valid range,String indexing,Beginner,A valid element should be accessed,IndexError: string index out of range,The operation combines values whose data types are not compatible.,Convert the values to compatible data types before applying the operation.,"Index Error, String indexing"
1645,Python,"word = 'Python'
print(word[10])",IndexError: tuple index out of range,Index Error,Index outside valid range,Tuple indexing,Intermediate,A valid element should be accessed,IndexError: tuple index out of range,The condition produces an incorrect result for the intended logic.,Review the condition so it matches the intended requirement.,"Index Error, Tuple indexing"
1646,Python,"items = [10, 20, 30]
print(items[5])",IndexError: list index out of range,Index Error,Index outside valid range,List indexing,Beginner,A valid element should be accessed,IndexError: list index out of range,Python cannot find the requested module.,Install or import an available module.,"Index Error, List indexing"
1647,Python,"values = (1, 2)
print(values[4])",IndexError: tuple index out of range,Index Error,Index outside valid range,Tuple indexing,Intermediate,A valid element should be accessed,IndexError: tuple index out of range,The variable name used in print does not match the declared variable.,Use the exact variable name that was declared.,"Index Error, Tuple indexing"
1648,Python,"data = [1]
print(data[2])",IndexError: string index out of range,Index Error,Index outside valid range,String indexing,Beginner,A valid element should be accessed,IndexError: string index out of range,Python cannot find the requested module.,Install or import an available module.,"Index Error, String indexing"
1649,Python,"word = 'Python'
print(word[10])",IndexError: tuple index out of range,Index Error,Index outside valid range,Tuple indexing,Beginner,A valid element should be accessed,IndexError: tuple index out of range,The requested index is outside the list range.,Use an index within the valid range of the list.,"Index Error, Tuple indexing"
1650,Python,"values = (1, 2)
print(values[4])",IndexError: string index out of range,Index Error,Index outside valid range,String indexing,Beginner,A valid element should be accessed,IndexError: string index out of range,The variable name used in print does not match the declared variable.,Use the exact variable name that was declared.,"Index Error, String indexing"
1651,Python,"data = [1]
print(data[2])",IndexError: tuple index out of range,Index Error,Index outside valid range,Tuple indexing,Beginner,A valid element should be accessed,IndexError: tuple index out of range,The condition produces an incorrect result for the intended logic.,Review the condition so it matches the intended requirement.,"Index Error, Tuple indexing"
1652,Python,"word = 'Python'
print(word[10])",IndexError: tuple index out of range,Index Error,Index outside valid range,Tuple indexing,Beginner,A valid element should be accessed,IndexError: tuple index out of range,The statement inside the block is not indented.,Indent the statement inside the if block.,"Index Error, Tuple indexing"
1653,Python,"data = [1]
print(data[2])",IndexError: tuple index out of range,Index Error,Index outside valid range,Tuple indexing,Beginner,A valid element should be accessed,IndexError: tuple index out of range,The variable name used in print does not match the declared variable.,Use the exact variable name that was declared.,"Index Error, Tuple indexing"
1654,Python,"data = [1]
print(data[2])",IndexError: tuple index out of range,Index Error,Index outside valid range,Tuple indexing,Beginner,A valid element should be accessed,IndexError: tuple index out of range,The condition produces an incorrect result for the intended logic.,Review the condition so it matches the intended requirement.,"Index Error, Tuple indexing"
1655,Python,"data = [1]
print(data[2])",IndexError: tuple index out of range,Index Error,Index outside valid range,Tuple indexing,Beginner,A valid element should be accessed,IndexError: tuple index out of range,The variable name used in print does not match the declared variable.,Use the exact variable name that was declared.,"Index Error, Tuple indexing"
1656,Python,"items = [10, 20, 30]
print(items[5])",IndexError: string index out of range,Index Error,Index outside valid range,String indexing,Intermediate,A valid element should be accessed,IndexError: string index out of range,Python cannot find the requested module.,Install or import an available module.,"Index Error, String indexing"
1657,Python,"data = [1]
print(data[2])",IndexError: list index out of range,Index Error,Index outside valid range,List indexing,Beginner,A valid element should be accessed,IndexError: list index out of range,The condition produces an incorrect result for the intended logic.,Review the condition so it matches the intended requirement.,"Index Error, List indexing"
1658,Python,"items = [10, 20, 30]
print(items[5])",IndexError: string index out of range,Index Error,Index outside valid range,String indexing,Beginner,A valid element should be accessed,IndexError: string index out of range,The code uses a variable that has not been defined.,Check that the variable is defined before use.,"Index Error, String indexing"
1659,Python,"items = [10, 20, 30]
print(items[5])",IndexError: list index out of range,Index Error,Index outside valid range,List indexing,Beginner,A valid element should be accessed,IndexError: list index out of range,The condition produces an incorrect result for the intended logic.,Review the condition so it matches the intended requirement.,"Index Error, List indexing"
1660,Python,"data = [1]
print(data[2])",IndexError: tuple index out of range,Index Error,Index outside valid range,Tuple indexing,Intermediate,A valid element should be accessed,IndexError: tuple index out of range,The operation combines values whose data types are not compatible.,Convert the values to compatible data types before applying the operation.,"Index Error, Tuple indexing"
1661,Python,"data = [1]
print(data[2])",IndexError: string index out of range,Index Error,Index outside valid range,String indexing,Beginner,A valid element should be accessed,IndexError: string index out of range,Python cannot find the requested module.,Install or import an available module.,"Index Error, String indexing"
1662,Python,"values = (1, 2)
print(values[4])",IndexError: list index out of range,Index Error,Index outside valid range,List indexing,Intermediate,A valid element should be accessed,IndexError: list index out of range,The statement inside the block is not indented.,Indent the statement inside the if block.,"Index Error, List indexing"
1663,Python,"data = [1]
print(data[2])",IndexError: tuple index out of range,Index Error,Index outside valid range,Tuple indexing,Intermediate,A valid element should be accessed,IndexError: tuple index out of range,Python block statements require a colon at the end.,Add a colon after the for statement.,"Index Error, Tuple indexing"
1664,Python,"items = [10, 20, 30]
print(items[5])",IndexError: string index out of range,Index Error,Index outside valid range,String indexing,Intermediate,A valid element should be accessed,IndexError: string index out of range,The variable name used in print does not match the declared variable.,Use the exact variable name that was declared.,"Index Error, String indexing"
1665,Python,"word = 'Python'
print(word[10])",IndexError: tuple index out of range,Index Error,Index outside valid range,Tuple indexing,Beginner,A valid element should be accessed,IndexError: tuple index out of range,Python cannot find the requested module.,Install or import an available module.,"Index Error, Tuple indexing"
1666,Python,"items = [10, 20, 30]
print(items[5])",IndexError: list index out of range,Index Error,Index outside valid range,List indexing,Beginner,A valid element should be accessed,IndexError: list index out of range,The statement inside the block is not indented.,Indent the statement inside the if block.,"Index Error, List indexing"
1667,Python,"values = (1, 2)
print(values[4])",IndexError: tuple index out of range,Index Error,Index outside valid range,Tuple indexing,Beginner,A valid element should be accessed,IndexError: tuple index out of range,The negative index is outside the valid range.,Use a valid negative index within the list length.,"Index Error, Tuple indexing"
1668,Python,"word = 'Python'
print(word[10])",IndexError: string index out of range,Index Error,Index outside valid range,String indexing,Beginner,A valid element should be accessed,IndexError: string index out of range,The code uses a variable that has not been defined.,Check that the variable is defined before use.,"Index Error, String indexing"
1669,Python,"data = [1]
print(data[2])",IndexError: tuple index out of range,Index Error,Index outside valid range,Tuple indexing,Intermediate,A valid element should be accessed,IndexError: tuple index out of range,The condition produces an incorrect result for the intended logic.,Review the condition so it matches the intended requirement.,"Index Error, Tuple indexing"
1670,Python,"data = [1]
print(data[2])",IndexError: string index out of range,Index Error,Index outside valid range,String indexing,Beginner,A valid element should be accessed,IndexError: string index out of range,Python cannot find the requested module.,Install or import an available module.,"Index Error, String indexing"
1671,Python,"word = 'Python'
print(word[10])",IndexError: string index out of range,Index Error,Index outside valid range,String indexing,Intermediate,A valid element should be accessed,IndexError: string index out of range,The negative index is outside the valid range.,Use a valid negative index within the list length.,"Index Error, String indexing"
1672,Python,"word = 'Python'
print(word[10])",IndexError: list index out of range,Index Error,Index outside valid range,List indexing,Beginner,A valid element should be accessed,IndexError: list index out of range,The function call does not provide all required arguments.,Pass all required function arguments.,"Index Error, List indexing"
1673,Python,"values = (1, 2)
print(values[4])",IndexError: tuple index out of range,Index Error,Index outside valid range,Tuple indexing,Beginner,A valid element should be accessed,IndexError: tuple index out of range,Python cannot find the requested module.,Install or import an available module.,"Index Error, Tuple indexing"
1674,Python,"word = 'Python'
print(word[10])",IndexError: list index out of range,Index Error,Index outside valid range,List indexing,Beginner,A valid element should be accessed,IndexError: list index out of range,Python block statements require a colon at the end.,Add a colon after the for statement.,"Index Error, List indexing"
1675,Python,"items = [10, 20, 30]
print(items[5])",IndexError: list index out of range,Index Error,Index outside valid range,List indexing,Beginner,A valid element should be accessed,IndexError: list index out of range,The variable name used in print does not match the declared variable.,Use the exact variable name that was declared.,"Index Error, List indexing"
1676,Python,"data = [1]
print(data[2])",IndexError: tuple index out of range,Index Error,Index outside valid range,Tuple indexing,Beginner,A valid element should be accessed,IndexError: tuple index out of range,The function call does not provide all required arguments.,Pass all required function arguments.,"Index Error, Tuple indexing"
1677,Python,"data = [1]
print(data[2])",IndexError: list index out of range,Index Error,Index outside valid range,List indexing,Beginner,A valid element should be accessed,IndexError: list index out of range,The operation combines values whose data types are not compatible.,Convert the values to compatible data types before applying the operation.,"Index Error, List indexing"
1678,Python,"data = [1]
print(data[2])",IndexError: tuple index out of range,Index Error,Index outside valid range,Tuple indexing,Intermediate,A valid element should be accessed,IndexError: tuple index out of range,The condition produces an incorrect result for the intended logic.,Review the condition so it matches the intended requirement.,"Index Error, Tuple indexing"
1679,Python,"data = [1]
print(data[2])",IndexError: list index out of range,Index Error,Index outside valid range,List indexing,Intermediate,A valid element should be accessed,IndexError: list index out of range,The function call does not provide all required arguments.,Pass all required function arguments.,"Index Error, List indexing"
1680,Python,"values = (1, 2)
print(values[4])",IndexError: string index out of range,Index Error,Index outside valid range,String indexing,Beginner,A valid element should be accessed,IndexError: string index out of range,Python cannot find the requested module.,Install or import an available module.,"Index Error, String indexing"
1681,Python,"items = [10, 20, 30]
print(items[5])",IndexError: list index out of range,Index Error,Index outside valid range,List indexing,Intermediate,A valid element should be accessed,IndexError: list index out of range,Python cannot find the requested module.,Install or import an available module.,"Index Error, List indexing"
1682,Python,"values = (1, 2)
print(values[4])",IndexError: string index out of range,Index Error,Index outside valid range,String indexing,Beginner,A valid element should be accessed,IndexError: string index out of range,The requested index is outside the list range.,Use an index within the valid range of the list.,"Index Error, String indexing"
1683,Python,"values = (1, 2)
print(values[4])",IndexError: tuple index out of range,Index Error,Index outside valid range,Tuple indexing,Beginner,A valid element should be accessed,IndexError: tuple index out of range,The condition produces an incorrect result for the intended logic.,Review the condition so it matches the intended requirement.,"Index Error, Tuple indexing"
1684,Python,"data = [1]
print(data[2])",IndexError: list index out of range,Index Error,Index outside valid range,List indexing,Intermediate,A valid element should be accessed,IndexError: list index out of range,The condition produces an incorrect result for the intended logic.,Review the condition so it matches the intended requirement.,"Index Error, List indexing"
1685,Python,"data = [1]
print(data[2])",IndexError: string index out of range,Index Error,Index outside valid range,String indexing,Intermediate,A valid element should be accessed,IndexError: string index out of range,The variable name used in print does not match the declared variable.,Use the exact variable name that was declared.,"Index Error, String indexing"
1686,Python,"values = (1, 2)
print(values[4])",IndexError: list index out of range,Index Error,Index outside valid range,List indexing,Beginner,A valid element should be accessed,IndexError: list index out of range,The operation combines values whose data types are not compatible.,Convert the values to compatible data types before applying the operation.,"Index Error, List indexing"
1687,Python,"items = [10, 20, 30]
print(items[5])",IndexError: tuple index out of range,Index Error,Index outside valid range,Tuple indexing,Beginner,A valid element should be accessed,IndexError: tuple index out of range,The variable name used in print does not match the declared variable.,Use the exact variable name that was declared.,"Index Error, Tuple indexing"
1688,Python,"values = (1, 2)
print(values[4])",IndexError: string index out of range,Index Error,Index outside valid range,String indexing,Intermediate,A valid element should be accessed,IndexError: string index out of range,The variable name used in print does not match the declared variable.,Use the exact variable name that was declared.,"Index Error, String indexing"
1689,Python,"items = [10, 20, 30]
print(items[5])",IndexError: list index out of range,Index Error,Index outside valid range,List indexing,Beginner,A valid element should be accessed,IndexError: list index out of range,The statement inside the block is not indented.,Indent the statement inside the if block.,"Index Error, List indexing"
1690,Python,"data = [1]
print(data[2])",IndexError: string index out of range,Index Error,Index outside valid range,String indexing,Intermediate,A valid element should be accessed,IndexError: string index out of range,The negative index is outside the valid range.,Use a valid negative index within the list length.,"Index Error, String indexing"
1691,Python,"data = [1]
print(data[2])",IndexError: tuple index out of range,Index Error,Index outside valid range,Tuple indexing,Beginner,A valid element should be accessed,IndexError: tuple index out of range,The statement inside the block is not indented.,Indent the statement inside the if block.,"Index Error, Tuple indexing"
1692,Python,"word = 'Python'
print(word[10])",IndexError: string index out of range,Index Error,Index outside valid range,String indexing,Beginner,A valid element should be accessed,IndexError: string index out of range,Python block statements require a colon at the end.,Add a colon after the for statement.,"Index Error, String indexing"
1693,Python,"values = (1, 2)
print(values[4])",IndexError: tuple index out of range,Index Error,Index outside valid range,Tuple indexing,Intermediate,A valid element should be accessed,IndexError: tuple index out of range,The condition produces an incorrect result for the intended logic.,Review the condition so it matches the intended requirement.,"Index Error, Tuple indexing"
1694,Python,"items = [10, 20, 30]
print(items[5])",IndexError: tuple index out of range,Index Error,Index outside valid range,Tuple indexing,Intermediate,A valid element should be accessed,IndexError: tuple index out of range,Python block statements require a colon at the end.,Add a colon after the for statement.,"Index Error, Tuple indexing"
1695,Python,"word = 'Python'
print(word[10])",IndexError: string index out of range,Index Error,Index outside valid range,String indexing,Intermediate,A valid element should be accessed,IndexError: string index out of range,The condition produces an incorrect result for the intended logic.,Review the condition so it matches the intended requirement.,"Index Error, String indexing"
1696,Python,"items = [10, 20, 30]
print(items[5])",IndexError: list index out of range,Index Error,Index outside valid range,List indexing,Beginner,A valid element should be accessed,IndexError: list index out of range,Python block statements require a colon at the end.,Add a colon after the for statement.,"Index Error, List indexing"
1697,Python,"word = 'Python'
print(word[10])",IndexError: string index out of range,Index Error,Index outside valid range,String indexing,Intermediate,A valid element should be accessed,IndexError: string index out of range,The variable name used in print does not match the declared variable.,Use the exact variable name that was declared.,"Index Error, String indexing"
1698,Python,"values = (1, 2)
print(values[4])",IndexError: list index out of range,Index Error,Index outside valid range,List indexing,Beginner,A valid element should be accessed,IndexError: list index out of range,Python block statements require a colon at the end.,Add a colon after the for statement.,"Index Error, List indexing"
1699,Python,"values = (1, 2)
print(values[4])",IndexError: tuple index out of range,Index Error,Index outside valid range,Tuple indexing,Beginner,A valid element should be accessed,IndexError: tuple index out of range,Python block statements require a colon at the end.,Add a colon after the for statement.,"Index Error, Tuple indexing"
1700,Python,"word = 'Python'
print(word[10])",IndexError: list index out of range,Index Error,Index outside valid range,List indexing,Intermediate,A valid element should be accessed,IndexError: list index out of range,The variable name used in print does not match the declared variable.,Use the exact variable name that was declared.,"Index Error, List indexing"
1701,Python,"data = [1]
print(data[2])",IndexError: tuple index out of range,Index Error,Index outside valid range,Tuple indexing,Beginner,A valid element should be accessed,IndexError: tuple index out of range,The operation combines values whose data types are not compatible.,Convert the values to compatible data types before applying the operation.,"Index Error, Tuple indexing"
1702,Python,"word = 'Python'
print(word[10])",IndexError: list index out of range,Index Error,Index outside valid range,List indexing,Beginner,A valid element should be accessed,IndexError: list index out of range,Python block statements require a colon at the end.,Add a colon after the for statement.,"Index Error, List indexing"
1703,Python,"items = [10, 20, 30]
print(items[5])",IndexError: list index out of range,Index Error,Index outside valid range,List indexing,Beginner,A valid element should be accessed,IndexError: list index out of range,The negative index is outside the valid range.,Use a valid negative index within the list length.,"Index Error, List indexing"
1704,Python,"word = 'Python'
print(word[10])",IndexError: list index out of range,Index Error,Index outside valid range,List indexing,Beginner,A valid element should be accessed,IndexError: list index out of range,The operation combines values whose data types are not compatible.,Convert the values to compatible data types before applying the operation.,"Index Error, List indexing"
1705,Python,"word = 'Python'
print(word[10])",IndexError: string index out of range,Index Error,Index outside valid range,String indexing,Intermediate,A valid element should be accessed,IndexError: string index out of range,Python cannot find the requested module.,Install or import an available module.,"Index Error, String indexing"
1706,Python,"word = 'Python'
print(word[10])",IndexError: string index out of range,Index Error,Index outside valid range,String indexing,Intermediate,A valid element should be accessed,IndexError: string index out of range,The operation combines values whose data types are not compatible.,Convert the values to compatible data types before applying the operation.,"Index Error, String indexing"
1707,Python,"items = [10, 20, 30]
print(items[5])",IndexError: tuple index out of range,Index Error,Index outside valid range,Tuple indexing,Intermediate,A valid element should be accessed,IndexError: tuple index out of range,The statement inside the block is not indented.,Indent the statement inside the if block.,"Index Error, Tuple indexing"
1708,Python,"items = [10, 20, 30]
print(items[5])",IndexError: string index out of range,Index Error,Index outside valid range,String indexing,Beginner,A valid element should be accessed,IndexError: string index out of range,The variable name used in print does not match the declared variable.,Use the exact variable name that was declared.,"Index Error, String indexing"
1709,Python,"data = [1]
print(data[2])",IndexError: string index out of range,Index Error,Index outside valid range,String indexing,Beginner,A valid element should be accessed,IndexError: string index out of range,Python cannot find the requested module.,Install or import an available module.,"Index Error, String indexing"
1710,Python,"word = 'Python'
print(word[10])",IndexError: string index out of range,Index Error,Index outside valid range,String indexing,Beginner,A valid element should be accessed,IndexError: string index out of range,The negative index is outside the valid range.,Use a valid negative index within the list length.,"Index Error, String indexing"
1711,Python,"data = [1]
print(data[2])",IndexError: tuple index out of range,Index Error,Index outside valid range,Tuple indexing,Beginner,A valid element should be accessed,IndexError: tuple index out of range,Python cannot find the requested module.,Install or import an available module.,"Index Error, Tuple indexing"
1712,Python,"data = [1]
print(data[2])",IndexError: list index out of range,Index Error,Index outside valid range,List indexing,Beginner,A valid element should be accessed,IndexError: list index out of range,The negative index is outside the valid range.,Use a valid negative index within the list length.,"Index Error, List indexing"
1713,Python,"data = [1]
print(data[2])",IndexError: string index out of range,Index Error,Index outside valid range,String indexing,Intermediate,A valid element should be accessed,IndexError: string index out of range,The function call does not provide all required arguments.,Pass all required function arguments.,"Index Error, String indexing"
1714,Python,"items = [10, 20, 30]
print(items[5])",IndexError: string index out of range,Index Error,Index outside valid range,String indexing,Beginner,A valid element should be accessed,IndexError: string index out of range,The negative index is outside the valid range.,Use a valid negative index within the list length.,"Index Error, String indexing"
1715,Python,"data = [1]
print(data[2])",IndexError: tuple index out of range,Index Error,Index outside valid range,Tuple indexing,Intermediate,A valid element should be accessed,IndexError: tuple index out of range,The statement inside the block is not indented.,Indent the statement inside the if block.,"Index Error, Tuple indexing"
1716,Python,"values = (1, 2)
print(values[4])",IndexError: tuple index out of range,Index Error,Index outside valid range,Tuple indexing,Beginner,A valid element should be accessed,IndexError: tuple index out of range,Python block statements require a colon at the end.,Add a colon after the for statement.,"Index Error, Tuple indexing"
1717,Python,"values = (1, 2)
print(values[4])",IndexError: string index out of range,Index Error,Index outside valid range,String indexing,Intermediate,A valid element should be accessed,IndexError: string index out of range,The variable name used in print does not match the declared variable.,Use the exact variable name that was declared.,"Index Error, String indexing"
1718,Python,"data = [1]
print(data[2])",IndexError: tuple index out of range,Index Error,Index outside valid range,Tuple indexing,Intermediate,A valid element should be accessed,IndexError: tuple index out of range,Python cannot find the requested module.,Install or import an available module.,"Index Error, Tuple indexing"
1719,Python,"word = 'Python'
print(word[10])",IndexError: tuple index out of range,Index Error,Index outside valid range,Tuple indexing,Intermediate,A valid element should be accessed,IndexError: tuple index out of range,The requested index is outside the list range.,Use an index within the valid range of the list.,"Index Error, Tuple indexing"
1720,Python,"values = (1, 2)
print(values[4])",IndexError: string index out of range,Index Error,Index outside valid range,String indexing,Intermediate,A valid element should be accessed,IndexError: string index out of range,The operation combines values whose data types are not compatible.,Convert the values to compatible data types before applying the operation.,"Index Error, String indexing"
1721,Python,"items = [10, 20, 30]
print(items[5])",IndexError: list index out of range,Index Error,Index outside valid range,List indexing,Beginner,A valid element should be accessed,IndexError: list index out of range,The code uses a variable that has not been defined.,Check that the variable is defined before use.,"Index Error, List indexing"
1722,Python,"items = [10, 20, 30]
print(items[5])",IndexError: string index out of range,Index Error,Index outside valid range,String indexing,Intermediate,A valid element should be accessed,IndexError: string index out of range,The variable name used in print does not match the declared variable.,Use the exact variable name that was declared.,"Index Error, String indexing"
1723,Python,"word = 'Python'
print(word[10])",IndexError: string index out of range,Index Error,Index outside valid range,String indexing,Intermediate,A valid element should be accessed,IndexError: string index out of range,The statement inside the block is not indented.,Indent the statement inside the if block.,"Index Error, String indexing"
1724,Python,"word = 'Python'
print(word[10])",IndexError: string index out of range,Index Error,Index outside valid range,String indexing,Beginner,A valid element should be accessed,IndexError: string index out of range,Python block statements require a colon at the end.,Add a colon after the for statement.,"Index Error, String indexing"
1725,Python,"items = [10, 20, 30]
print(items[5])",IndexError: list index out of range,Index Error,Index outside valid range,List indexing,Beginner,A valid element should be accessed,IndexError: list index out of range,The condition produces an incorrect result for the intended logic.,Review the condition so it matches the intended requirement.,"Index Error, List indexing"
1726,Python,"items = [10, 20, 30]
print(items[5])",IndexError: tuple index out of range,Index Error,Index outside valid range,Tuple indexing,Intermediate,A valid element should be accessed,IndexError: tuple index out of range,The requested index is outside the list range.,Use an index within the valid range of the list.,"Index Error, Tuple indexing"
1727,Python,"word = 'Python'
print(word[10])",IndexError: list index out of range,Index Error,Index outside valid range,List indexing,Beginner,A valid element should be accessed,IndexError: list index out of range,The variable name used in print does not match the declared variable.,Use the exact variable name that was declared.,"Index Error, List indexing"
1728,Python,"word = 'Python'
print(word[10])",IndexError: tuple index out of range,Index Error,Index outside valid range,Tuple indexing,Beginner,A valid element should be accessed,IndexError: tuple index out of range,The condition produces an incorrect result for the intended logic.,Review the condition so it matches the intended requirement.,"Index Error, Tuple indexing"
1729,Python,"values = (1, 2)
print(values[4])",IndexError: tuple index out of range,Index Error,Index outside valid range,Tuple indexing,Beginner,A valid element should be accessed,IndexError: tuple index out of range,The operation combines values whose data types are not compatible.,Convert the values to compatible data types before applying the operation.,"Index Error, Tuple indexing"
1730,Python,"data = [1]
print(data[2])",IndexError: string index out of range,Index Error,Index outside valid range,String indexing,Beginner,A valid element should be accessed,IndexError: string index out of range,The variable name used in print does not match the declared variable.,Use the exact variable name that was declared.,"Index Error, String indexing"
1731,Python,"values = (1, 2)
print(values[4])",IndexError: string index out of range,Index Error,Index outside valid range,String indexing,Beginner,A valid element should be accessed,IndexError: string index out of range,The statement inside the block is not indented.,Indent the statement inside the if block.,"Index Error, String indexing"
1732,Python,"items = [10, 20, 30]
print(items[5])",IndexError: list index out of range,Index Error,Index outside valid range,List indexing,Beginner,A valid element should be accessed,IndexError: list index out of range,Python block statements require a colon at the end.,Add a colon after the for statement.,"Index Error, List indexing"
1733,Python,"items = [10, 20, 30]
print(items[5])",IndexError: string index out of range,Index Error,Index outside valid range,String indexing,Beginner,A valid element should be accessed,IndexError: string index out of range,The statement inside the block is not indented.,Indent the statement inside the if block.,"Index Error, String indexing"
1734,Python,"data = [1]
print(data[2])",IndexError: string index out of range,Index Error,Index outside valid range,String indexing,Beginner,A valid element should be accessed,IndexError: string index out of range,The operation combines values whose data types are not compatible.,Convert the values to compatible data types before applying the operation.,"Index Error, String indexing"
1735,Python,"data = [1]
print(data[2])",IndexError: string index out of range,Index Error,Index outside valid range,String indexing,Beginner,A valid element should be accessed,IndexError: string index out of range,The requested index is outside the list range.,Use an index within the valid range of the list.,"Index Error, String indexing"
1736,Python,"items = [10, 20, 30]
print(items[5])",IndexError: tuple index out of range,Index Error,Index outside valid range,Tuple indexing,Beginner,A valid element should be accessed,IndexError: tuple index out of range,The function call does not provide all required arguments.,Pass all required function arguments.,"Index Error, Tuple indexing"
1737,Python,"word = 'Python'
print(word[10])",IndexError: tuple index out of range,Index Error,Index outside valid range,Tuple indexing,Intermediate,A valid element should be accessed,IndexError: tuple index out of range,Python cannot find the requested module.,Install or import an available module.,"Index Error, Tuple indexing"
1738,Python,"data = [1]
print(data[2])",IndexError: tuple index out of range,Index Error,Index outside valid range,Tuple indexing,Intermediate,A valid element should be accessed,IndexError: tuple index out of range,The variable name used in print does not match the declared variable.,Use the exact variable name that was declared.,"Index Error, Tuple indexing"
1739,Python,"items = [10, 20, 30]
print(items[5])",IndexError: string index out of range,Index Error,Index outside valid range,String indexing,Beginner,A valid element should be accessed,IndexError: string index out of range,The variable name used in print does not match the declared variable.,Use the exact variable name that was declared.,"Index Error, String indexing"
1740,Python,"values = (1, 2)
print(values[4])",IndexError: list index out of range,Index Error,Index outside valid range,List indexing,Beginner,A valid element should be accessed,IndexError: list index out of range,The condition produces an incorrect result for the intended logic.,Review the condition so it matches the intended requirement.,"Index Error, List indexing"
1741,Python,"word = 'Python'
print(word[10])",IndexError: list index out of range,Index Error,Index outside valid range,List indexing,Intermediate,A valid element should be accessed,IndexError: list index out of range,The function call does not provide all required arguments.,Pass all required function arguments.,"Index Error, List indexing"
1742,Python,"items = [10, 20, 30]
print(items[5])",IndexError: tuple index out of range,Index Error,Index outside valid range,Tuple indexing,Intermediate,A valid element should be accessed,IndexError: tuple index out of range,The code uses a variable that has not been defined.,Check that the variable is defined before use.,"Index Error, Tuple indexing"
1743,Python,"word = 'Python'
print(word[10])",IndexError: string index out of range,Index Error,Index outside valid range,String indexing,Intermediate,A valid element should be accessed,IndexError: string index out of range,Python block statements require a colon at the end.,Add a colon after the for statement.,"Index Error, String indexing"
1744,Python,"items = [10, 20, 30]
print(items[5])",IndexError: string index out of range,Index Error,Index outside valid range,String indexing,Intermediate,A valid element should be accessed,IndexError: string index out of range,Python cannot find the requested module.,Install or import an available module.,"Index Error, String indexing"
1745,Python,"data = [1]
print(data[2])",IndexError: tuple index out of range,Index Error,Index outside valid range,Tuple indexing,Beginner,A valid element should be accessed,IndexError: tuple index out of range,The function call does not provide all required arguments.,Pass all required function arguments.,"Index Error, Tuple indexing"
1746,Python,"word = 'Python'
print(word[10])",IndexError: string index out of range,Index Error,Index outside valid range,String indexing,Beginner,A valid element should be accessed,IndexError: string index out of range,The variable name used in print does not match the declared variable.,Use the exact variable name that was declared.,"Index Error, String indexing"
1747,Python,"items = [10, 20, 30]
print(items[5])",IndexError: string index out of range,Index Error,Index outside valid range,String indexing,Intermediate,A valid element should be accessed,IndexError: string index out of range,The function call does not provide all required arguments.,Pass all required function arguments.,"Index Error, String indexing"
1748,Python,"values = (1, 2)
print(values[4])",IndexError: tuple index out of range,Index Error,Index outside valid range,Tuple indexing,Intermediate,A valid element should be accessed,IndexError: tuple index out of range,The statement inside the block is not indented.,Indent the statement inside the if block.,"Index Error, Tuple indexing"
1749,Python,"items = [10, 20, 30]
print(items[5])",IndexError: string index out of range,Index Error,Index outside valid range,String indexing,Intermediate,A valid element should be accessed,IndexError: string index out of range,Python cannot find the requested module.,Install or import an available module.,"Index Error, String indexing"
1750,Python,"values = (1, 2)
print(values[4])",IndexError: tuple index out of range,Index Error,Index outside valid range,Tuple indexing,Intermediate,A valid element should be accessed,IndexError: tuple index out of range,The variable name used in print does not match the declared variable.,Use the exact variable name that was declared.,"Index Error, Tuple indexing"
1751,Python,"x = 5
if x > 10:
    print('Pass')
else:
    print('Fail')  # condition may be wrong","Program runs, but produces an incorrect result.",Logical Error,Incorrect program logic,Off-by-one logic,Beginner,Correct result according to the intended logic,"Program runs, but produces an incorrect result.",The variable name used in print does not match the declared variable.,Use the exact variable name that was declared.,"Logical Error, Off-by-one logic"
1752,Python,"a = 10
b = 20
print(a - b)  # expected 30","Program runs, but produces an incorrect result.",Logical Error,Incorrect program logic,Loop conditions,Beginner,Correct result according to the intended logic,"Program runs, but produces an incorrect result.",The operation combines values whose data types are not compatible.,Convert the values to compatible data types before applying the operation.,"Logical Error, Loop conditions"
1753,Python,"x = 5
if x > 10:
    print('Pass')
else:
    print('Fail')  # condition may be wrong","Program runs, but produces an incorrect result.",Logical Error,Incorrect program logic,Loop conditions,Beginner,Correct result according to the intended logic,"Program runs, but produces an incorrect result.",Python block statements require a colon at the end.,Add a colon after the for statement.,"Logical Error, Loop conditions"
1754,Python,"a = 10
b = 20
print(a - b)  # expected 30","Program runs, but produces an incorrect result.",Logical Error,Incorrect program logic,Off-by-one logic,Intermediate,Correct result according to the intended logic,"Program runs, but produces an incorrect result.",The function call does not provide all required arguments.,Pass all required function arguments.,"Logical Error, Off-by-one logic"
1755,Python,"for i in range(1, 5):
    print(i)  # expected 1 to 5","Program runs, but produces an incorrect result.",Logical Error,Incorrect program logic,Arithmetic logic,Beginner,Correct result according to the intended logic,"Program runs, but produces an incorrect result.",The requested index is outside the list range.,Use an index within the valid range of the list.,"Logical Error, Arithmetic logic"
1756,Python,"for i in range(1, 5):
    print(i)  # expected 1 to 5","Program runs, but produces an incorrect result.",Logical Error,Incorrect program logic,Loop conditions,Beginner,Correct result according to the intended logic,"Program runs, but produces an incorrect result.",The code uses a variable that has not been defined.,Check that the variable is defined before use.,"Logical Error, Loop conditions"
1757,Python,"marks = [80, 90, 70]
print(sum(marks) / 2)  # wrong denominator","Program runs, but produces an incorrect result.",Logical Error,Incorrect program logic,Arithmetic logic,Beginner,Correct result according to the intended logic,"Program runs, but produces an incorrect result.",The variable name used in print does not match the declared variable.,Use the exact variable name that was declared.,"Logical Error, Arithmetic logic"
1758,Python,"a = 10
b = 20
print(a - b)  # expected 30","Program runs, but produces an incorrect result.",Logical Error,Incorrect program logic,Arithmetic logic,Beginner,Correct result according to the intended logic,"Program runs, but produces an incorrect result.",The code uses a variable that has not been defined.,Check that the variable is defined before use.,"Logical Error, Arithmetic logic"
1759,Python,"a = 10
b = 20
print(a - b)  # expected 30","Program runs, but produces an incorrect result.",Logical Error,Incorrect program logic,Conditional logic,Beginner,Correct result according to the intended logic,"Program runs, but produces an incorrect result.",The statement inside the block is not indented.,Indent the statement inside the if block.,"Logical Error, Conditional logic"
1760,Python,"x = 5
if x > 10:
    print('Pass')
else:
    print('Fail')  # condition may be wrong","Program runs, but produces an incorrect result.",Logical Error,Incorrect program logic,Conditional logic,Intermediate,Correct result according to the intended logic,"Program runs, but produces an incorrect result.",The requested index is outside the list range.,Use an index within the valid range of the list.,"Logical Error, Conditional logic"
1761,Python,"for i in range(1, 5):
    print(i)  # expected 1 to 5","Program runs, but produces an incorrect result.",Logical Error,Incorrect program logic,Loop conditions,Beginner,Correct result according to the intended logic,"Program runs, but produces an incorrect result.",The condition produces an incorrect result for the intended logic.,Review the condition so it matches the intended requirement.,"Logical Error, Loop conditions"
1762,Python,"x = 5
if x > 10:
    print('Pass')
else:
    print('Fail')  # condition may be wrong","Program runs, but produces an incorrect result.",Logical Error,Incorrect program logic,Conditional logic,Intermediate,Correct result according to the intended logic,"Program runs, but produces an incorrect result.",The operation combines values whose data types are not compatible.,Convert the values to compatible data types before applying the operation.,"Logical Error, Conditional logic"
1763,Python,"a = 10
b = 20
print(a - b)  # expected 30","Program runs, but produces an incorrect result.",Logical Error,Incorrect program logic,Conditional logic,Beginner,Correct result according to the intended logic,"Program runs, but produces an incorrect result.",The function call does not provide all required arguments.,Pass all required function arguments.,"Logical Error, Conditional logic"
1764,Python,"for i in range(1, 5):
    print(i)  # expected 1 to 5","Program runs, but produces an incorrect result.",Logical Error,Incorrect program logic,Loop conditions,Intermediate,Correct result according to the intended logic,"Program runs, but produces an incorrect result.",The code uses a variable that has not been defined.,Check that the variable is defined before use.,"Logical Error, Loop conditions"
1765,Python,"a = 10
b = 20
print(a - b)  # expected 30","Program runs, but produces an incorrect result.",Logical Error,Incorrect program logic,Conditional logic,Beginner,Correct result according to the intended logic,"Program runs, but produces an incorrect result.",Python block statements require a colon at the end.,Add a colon after the for statement.,"Logical Error, Conditional logic"
1766,Python,"a = 10
b = 20
print(a - b)  # expected 30","Program runs, but produces an incorrect result.",Logical Error,Incorrect program logic,Loop conditions,Beginner,Correct result according to the intended logic,"Program runs, but produces an incorrect result.",The condition produces an incorrect result for the intended logic.,Review the condition so it matches the intended requirement.,"Logical Error, Loop conditions"
1767,Python,"for i in range(1, 5):
    print(i)  # expected 1 to 5","Program runs, but produces an incorrect result.",Logical Error,Incorrect program logic,Conditional logic,Beginner,Correct result according to the intended logic,"Program runs, but produces an incorrect result.",The function call does not provide all required arguments.,Pass all required function arguments.,"Logical Error, Conditional logic"
1768,Python,"marks = [80, 90, 70]
print(sum(marks) / 2)  # wrong denominator","Program runs, but produces an incorrect result.",Logical Error,Incorrect program logic,Loop conditions,Intermediate,Correct result according to the intended logic,"Program runs, but produces an incorrect result.",Python cannot find the requested module.,Install or import an available module.,"Logical Error, Loop conditions"
1769,Python,"a = 10
b = 20
print(a - b)  # expected 30","Program runs, but produces an incorrect result.",Logical Error,Incorrect program logic,Arithmetic logic,Intermediate,Correct result according to the intended logic,"Program runs, but produces an incorrect result.",The statement inside the block is not indented.,Indent the statement inside the if block.,"Logical Error, Arithmetic logic"
1770,Python,"for i in range(1, 5):
    print(i)  # expected 1 to 5","Program runs, but produces an incorrect result.",Logical Error,Incorrect program logic,Loop conditions,Beginner,Correct result according to the intended logic,"Program runs, but produces an incorrect result.",The statement inside the block is not indented.,Indent the statement inside the if block.,"Logical Error, Loop conditions"
1771,Python,"a = 10
b = 20
print(a - b)  # expected 30","Program runs, but produces an incorrect result.",Logical Error,Incorrect program logic,Loop conditions,Beginner,Correct result according to the intended logic,"Program runs, but produces an incorrect result.",The statement inside the block is not indented.,Indent the statement inside the if block.,"Logical Error, Loop conditions"
1772,Python,"x = 5
if x > 10:
    print('Pass')
else:
    print('Fail')  # condition may be wrong","Program runs, but produces an incorrect result.",Logical Error,Incorrect program logic,Off-by-one logic,Beginner,Correct result according to the intended logic,"Program runs, but produces an incorrect result.",The operation combines values whose data types are not compatible.,Convert the values to compatible data types before applying the operation.,"Logical Error, Off-by-one logic"
1773,Python,"for i in range(1, 5):
    print(i)  # expected 1 to 5","Program runs, but produces an incorrect result.",Logical Error,Incorrect program logic,Off-by-one logic,Beginner,Correct result according to the intended logic,"Program runs, but produces an incorrect result.",The negative index is outside the valid range.,Use a valid negative index within the list length.,"Logical Error, Off-by-one logic"
1774,Python,"a = 10
b = 20
print(a - b)  # expected 30","Program runs, but produces an incorrect result.",Logical Error,Incorrect program logic,Loop conditions,Beginner,Correct result according to the intended logic,"Program runs, but produces an incorrect result.",The condition produces an incorrect result for the intended logic.,Review the condition so it matches the intended requirement.,"Logical Error, Loop conditions"
1775,Python,"x = 5
if x > 10:
    print('Pass')
else:
    print('Fail')  # condition may be wrong","Program runs, but produces an incorrect result.",Logical Error,Incorrect program logic,Conditional logic,Beginner,Correct result according to the intended logic,"Program runs, but produces an incorrect result.",The condition produces an incorrect result for the intended logic.,Review the condition so it matches the intended requirement.,"Logical Error, Conditional logic"
1776,Python,"a = 10
b = 20
print(a - b)  # expected 30","Program runs, but produces an incorrect result.",Logical Error,Incorrect program logic,Conditional logic,Beginner,Correct result according to the intended logic,"Program runs, but produces an incorrect result.",The function call does not provide all required arguments.,Pass all required function arguments.,"Logical Error, Conditional logic"
1777,Python,"a = 10
b = 20
print(a - b)  # expected 30","Program runs, but produces an incorrect result.",Logical Error,Incorrect program logic,Conditional logic,Intermediate,Correct result according to the intended logic,"Program runs, but produces an incorrect result.",The operation combines values whose data types are not compatible.,Convert the values to compatible data types before applying the operation.,"Logical Error, Conditional logic"
1778,Python,"x = 5
if x > 10:
    print('Pass')
else:
    print('Fail')  # condition may be wrong","Program runs, but produces an incorrect result.",Logical Error,Incorrect program logic,Off-by-one logic,Intermediate,Correct result according to the intended logic,"Program runs, but produces an incorrect result.",Python cannot find the requested module.,Install or import an available module.,"Logical Error, Off-by-one logic"
1779,Python,"for i in range(1, 5):
    print(i)  # expected 1 to 5","Program runs, but produces an incorrect result.",Logical Error,Incorrect program logic,Loop conditions,Intermediate,Correct result according to the intended logic,"Program runs, but produces an incorrect result.",The requested index is outside the list range.,Use an index within the valid range of the list.,"Logical Error, Loop conditions"
1780,Python,"x = 5
if x > 10:
    print('Pass')
else:
    print('Fail')  # condition may be wrong","Program runs, but produces an incorrect result.",Logical Error,Incorrect program logic,Off-by-one logic,Beginner,Correct result according to the intended logic,"Program runs, but produces an incorrect result.",The negative index is outside the valid range.,Use a valid negative index within the list length.,"Logical Error, Off-by-one logic"
1781,Python,"a = 10
b = 20
print(a - b)  # expected 30","Program runs, but produces an incorrect result.",Logical Error,Incorrect program logic,Loop conditions,Intermediate,Correct result according to the intended logic,"Program runs, but produces an incorrect result.",The operation combines values whose data types are not compatible.,Convert the values to compatible data types before applying the operation.,"Logical Error, Loop conditions"
1782,Python,"a = 10
b = 20
print(a - b)  # expected 30","Program runs, but produces an incorrect result.",Logical Error,Incorrect program logic,Loop conditions,Intermediate,Correct result according to the intended logic,"Program runs, but produces an incorrect result.",The function call does not provide all required arguments.,Pass all required function arguments.,"Logical Error, Loop conditions"
1783,Python,"x = 5
if x > 10:
    print('Pass')
else:
    print('Fail')  # condition may be wrong","Program runs, but produces an incorrect result.",Logical Error,Incorrect program logic,Off-by-one logic,Beginner,Correct result according to the intended logic,"Program runs, but produces an incorrect result.",The statement inside the block is not indented.,Indent the statement inside the if block.,"Logical Error, Off-by-one logic"
1784,Python,"a = 10
b = 20
print(a - b)  # expected 30","Program runs, but produces an incorrect result.",Logical Error,Incorrect program logic,Loop conditions,Intermediate,Correct result according to the intended logic,"Program runs, but produces an incorrect result.",The requested index is outside the list range.,Use an index within the valid range of the list.,"Logical Error, Loop conditions"
1785,Python,"marks = [80, 90, 70]
print(sum(marks) / 2)  # wrong denominator","Program runs, but produces an incorrect result.",Logical Error,Incorrect program logic,Conditional logic,Intermediate,Correct result according to the intended logic,"Program runs, but produces an incorrect result.",The condition produces an incorrect result for the intended logic.,Review the condition so it matches the intended requirement.,"Logical Error, Conditional logic"
1786,Python,"for i in range(1, 5):
    print(i)  # expected 1 to 5","Program runs, but produces an incorrect result.",Logical Error,Incorrect program logic,Loop conditions,Beginner,Correct result according to the intended logic,"Program runs, but produces an incorrect result.",The function call does not provide all required arguments.,Pass all required function arguments.,"Logical Error, Loop conditions"
1787,Python,"a = 10
b = 20
print(a - b)  # expected 30","Program runs, but produces an incorrect result.",Logical Error,Incorrect program logic,Conditional logic,Beginner,Correct result according to the intended logic,"Program runs, but produces an incorrect result.",The requested index is outside the list range.,Use an index within the valid range of the list.,"Logical Error, Conditional logic"
1788,Python,"for i in range(1, 5):
    print(i)  # expected 1 to 5","Program runs, but produces an incorrect result.",Logical Error,Incorrect program logic,Arithmetic logic,Beginner,Correct result according to the intended logic,"Program runs, but produces an incorrect result.",The function call does not provide all required arguments.,Pass all required function arguments.,"Logical Error, Arithmetic logic"
1789,Python,"marks = [80, 90, 70]
print(sum(marks) / 2)  # wrong denominator","Program runs, but produces an incorrect result.",Logical Error,Incorrect program logic,Conditional logic,Beginner,Correct result according to the intended logic,"Program runs, but produces an incorrect result.",The code uses a variable that has not been defined.,Check that the variable is defined before use.,"Logical Error, Conditional logic"
1790,Python,"marks = [80, 90, 70]
print(sum(marks) / 2)  # wrong denominator","Program runs, but produces an incorrect result.",Logical Error,Incorrect program logic,Loop conditions,Beginner,Correct result according to the intended logic,"Program runs, but produces an incorrect result.",Python cannot find the requested module.,Install or import an available module.,"Logical Error, Loop conditions"
1791,Python,"a = 10
b = 20
print(a - b)  # expected 30","Program runs, but produces an incorrect result.",Logical Error,Incorrect program logic,Arithmetic logic,Intermediate,Correct result according to the intended logic,"Program runs, but produces an incorrect result.",The code uses a variable that has not been defined.,Check that the variable is defined before use.,"Logical Error, Arithmetic logic"
1792,Python,"for i in range(1, 5):
    print(i)  # expected 1 to 5","Program runs, but produces an incorrect result.",Logical Error,Incorrect program logic,Conditional logic,Beginner,Correct result according to the intended logic,"Program runs, but produces an incorrect result.",The negative index is outside the valid range.,Use a valid negative index within the list length.,"Logical Error, Conditional logic"
1793,Python,"a = 10
b = 20
print(a - b)  # expected 30","Program runs, but produces an incorrect result.",Logical Error,Incorrect program logic,Conditional logic,Beginner,Correct result according to the intended logic,"Program runs, but produces an incorrect result.",The function call does not provide all required arguments.,Pass all required function arguments.,"Logical Error, Conditional logic"
1794,Python,"marks = [80, 90, 70]
print(sum(marks) / 2)  # wrong denominator","Program runs, but produces an incorrect result.",Logical Error,Incorrect program logic,Loop conditions,Beginner,Correct result according to the intended logic,"Program runs, but produces an incorrect result.",The function call does not provide all required arguments.,Pass all required function arguments.,"Logical Error, Loop conditions"
1795,Python,"for i in range(1, 5):
    print(i)  # expected 1 to 5","Program runs, but produces an incorrect result.",Logical Error,Incorrect program logic,Loop conditions,Beginner,Correct result according to the intended logic,"Program runs, but produces an incorrect result.",The statement inside the block is not indented.,Indent the statement inside the if block.,"Logical Error, Loop conditions"
1796,Python,"a = 10
b = 20
print(a - b)  # expected 30","Program runs, but produces an incorrect result.",Logical Error,Incorrect program logic,Off-by-one logic,Beginner,Correct result according to the intended logic,"Program runs, but produces an incorrect result.",The requested index is outside the list range.,Use an index within the valid range of the list.,"Logical Error, Off-by-one logic"
1797,Python,"x = 5
if x > 10:
    print('Pass')
else:
    print('Fail')  # condition may be wrong","Program runs, but produces an incorrect result.",Logical Error,Incorrect program logic,Arithmetic logic,Beginner,Correct result according to the intended logic,"Program runs, but produces an incorrect result.",The requested index is outside the list range.,Use an index within the valid range of the list.,"Logical Error, Arithmetic logic"
1798,Python,"x = 5
if x > 10:
    print('Pass')
else:
    print('Fail')  # condition may be wrong","Program runs, but produces an incorrect result.",Logical Error,Incorrect program logic,Conditional logic,Beginner,Correct result according to the intended logic,"Program runs, but produces an incorrect result.",The function call does not provide all required arguments.,Pass all required function arguments.,"Logical Error, Conditional logic"
1799,Python,"for i in range(1, 5):
    print(i)  # expected 1 to 5","Program runs, but produces an incorrect result.",Logical Error,Incorrect program logic,Arithmetic logic,Intermediate,Correct result according to the intended logic,"Program runs, but produces an incorrect result.",The operation combines values whose data types are not compatible.,Convert the values to compatible data types before applying the operation.,"Logical Error, Arithmetic logic"
1800,Python,"x = 5
if x > 10:
    print('Pass')
else:
    print('Fail')  # condition may be wrong","Program runs, but produces an incorrect result.",Logical Error,Incorrect program logic,Arithmetic logic,Beginner,Correct result according to the intended logic,"Program runs, but produces an incorrect result.",The operation combines values whose data types are not compatible.,Convert the values to compatible data types before applying the operation.,"Logical Error, Arithmetic logic"
1801,Python,"for i in range(1, 5):
    print(i)  # expected 1 to 5","Program runs, but produces an incorrect result.",Logical Error,Incorrect program logic,Loop conditions,Intermediate,Correct result according to the intended logic,"Program runs, but produces an incorrect result.",The function call does not provide all required arguments.,Pass all required function arguments.,"Logical Error, Loop conditions"
1802,Python,"for i in range(1, 5):
    print(i)  # expected 1 to 5","Program runs, but produces an incorrect result.",Logical Error,Incorrect program logic,Off-by-one logic,Beginner,Correct result according to the intended logic,"Program runs, but produces an incorrect result.",Python block statements require a colon at the end.,Add a colon after the for statement.,"Logical Error, Off-by-one logic"
1803,Python,"a = 10
b = 20
print(a - b)  # expected 30","Program runs, but produces an incorrect result.",Logical Error,Incorrect program logic,Loop conditions,Beginner,Correct result according to the intended logic,"Program runs, but produces an incorrect result.",The code uses a variable that has not been defined.,Check that the variable is defined before use.,"Logical Error, Loop conditions"
1804,Python,"x = 5
if x > 10:
    print('Pass')
else:
    print('Fail')  # condition may be wrong","Program runs, but produces an incorrect result.",Logical Error,Incorrect program logic,Loop conditions,Beginner,Correct result according to the intended logic,"Program runs, but produces an incorrect result.",The variable name used in print does not match the declared variable.,Use the exact variable name that was declared.,"Logical Error, Loop conditions"
1805,Python,"marks = [80, 90, 70]
print(sum(marks) / 2)  # wrong denominator","Program runs, but produces an incorrect result.",Logical Error,Incorrect program logic,Arithmetic logic,Beginner,Correct result according to the intended logic,"Program runs, but produces an incorrect result.",The operation combines values whose data types are not compatible.,Convert the values to compatible data types before applying the operation.,"Logical Error, Arithmetic logic"
1806,Python,"for i in range(1, 5):
    print(i)  # expected 1 to 5","Program runs, but produces an incorrect result.",Logical Error,Incorrect program logic,Off-by-one logic,Intermediate,Correct result according to the intended logic,"Program runs, but produces an incorrect result.",The condition produces an incorrect result for the intended logic.,Review the condition so it matches the intended requirement.,"Logical Error, Off-by-one logic"
1807,Python,"for i in range(1, 5):
    print(i)  # expected 1 to 5","Program runs, but produces an incorrect result.",Logical Error,Incorrect program logic,Loop conditions,Beginner,Correct result according to the intended logic,"Program runs, but produces an incorrect result.",The condition produces an incorrect result for the intended logic.,Review the condition so it matches the intended requirement.,"Logical Error, Loop conditions"
1808,Python,"x = 5
if x > 10:
    print('Pass')
else:
    print('Fail')  # condition may be wrong","Program runs, but produces an incorrect result.",Logical Error,Incorrect program logic,Arithmetic logic,Beginner,Correct result according to the intended logic,"Program runs, but produces an incorrect result.",The negative index is outside the valid range.,Use a valid negative index within the list length.,"Logical Error, Arithmetic logic"
1809,Python,"marks = [80, 90, 70]
print(sum(marks) / 2)  # wrong denominator","Program runs, but produces an incorrect result.",Logical Error,Incorrect program logic,Arithmetic logic,Beginner,Correct result according to the intended logic,"Program runs, but produces an incorrect result.",The function call does not provide all required arguments.,Pass all required function arguments.,"Logical Error, Arithmetic logic"
1810,Python,"for i in range(1, 5):
    print(i)  # expected 1 to 5","Program runs, but produces an incorrect result.",Logical Error,Incorrect program logic,Arithmetic logic,Beginner,Correct result according to the intended logic,"Program runs, but produces an incorrect result.",The requested index is outside the list range.,Use an index within the valid range of the list.,"Logical Error, Arithmetic logic"
1811,Python,"for i in range(1, 5):
    print(i)  # expected 1 to 5","Program runs, but produces an incorrect result.",Logical Error,Incorrect program logic,Arithmetic logic,Intermediate,Correct result according to the intended logic,"Program runs, but produces an incorrect result.",The condition produces an incorrect result for the intended logic.,Review the condition so it matches the intended requirement.,"Logical Error, Arithmetic logic"
1812,Python,"a = 10
b = 20
print(a - b)  # expected 30","Program runs, but produces an incorrect result.",Logical Error,Incorrect program logic,Loop conditions,Beginner,Correct result according to the intended logic,"Program runs, but produces an incorrect result.",The condition produces an incorrect result for the intended logic.,Review the condition so it matches the intended requirement.,"Logical Error, Loop conditions"
1813,Python,"x = 5
if x > 10:
    print('Pass')
else:
    print('Fail')  # condition may be wrong","Program runs, but produces an incorrect result.",Logical Error,Incorrect program logic,Conditional logic,Intermediate,Correct result according to the intended logic,"Program runs, but produces an incorrect result.",The code uses a variable that has not been defined.,Check that the variable is defined before use.,"Logical Error, Conditional logic"
1814,Python,"x = 5
if x > 10:
    print('Pass')
else:
    print('Fail')  # condition may be wrong","Program runs, but produces an incorrect result.",Logical Error,Incorrect program logic,Conditional logic,Beginner,Correct result according to the intended logic,"Program runs, but produces an incorrect result.",Python cannot find the requested module.,Install or import an available module.,"Logical Error, Conditional logic"
1815,Python,"x = 5
if x > 10:
    print('Pass')
else:
    print('Fail')  # condition may be wrong","Program runs, but produces an incorrect result.",Logical Error,Incorrect program logic,Conditional logic,Beginner,Correct result according to the intended logic,"Program runs, but produces an incorrect result.",The function call does not provide all required arguments.,Pass all required function arguments.,"Logical Error, Conditional logic"
1816,Python,"a = 10
b = 20
print(a - b)  # expected 30","Program runs, but produces an incorrect result.",Logical Error,Incorrect program logic,Conditional logic,Intermediate,Correct result according to the intended logic,"Program runs, but produces an incorrect result.",The negative index is outside the valid range.,Use a valid negative index within the list length.,"Logical Error, Conditional logic"
1817,Python,"for i in range(1, 5):
    print(i)  # expected 1 to 5","Program runs, but produces an incorrect result.",Logical Error,Incorrect program logic,Arithmetic logic,Beginner,Correct result according to the intended logic,"Program runs, but produces an incorrect result.",The requested index is outside the list range.,Use an index within the valid range of the list.,"Logical Error, Arithmetic logic"
1818,Python,"a = 10
b = 20
print(a - b)  # expected 30","Program runs, but produces an incorrect result.",Logical Error,Incorrect program logic,Off-by-one logic,Beginner,Correct result according to the intended logic,"Program runs, but produces an incorrect result.",The requested index is outside the list range.,Use an index within the valid range of the list.,"Logical Error, Off-by-one logic"
1819,Python,"for i in range(1, 5):
    print(i)  # expected 1 to 5","Program runs, but produces an incorrect result.",Logical Error,Incorrect program logic,Arithmetic logic,Intermediate,Correct result according to the intended logic,"Program runs, but produces an incorrect result.",Python block statements require a colon at the end.,Add a colon after the for statement.,"Logical Error, Arithmetic logic"
1820,Python,"a = 10
b = 20
print(a - b)  # expected 30","Program runs, but produces an incorrect result.",Logical Error,Incorrect program logic,Arithmetic logic,Beginner,Correct result according to the intended logic,"Program runs, but produces an incorrect result.",The condition produces an incorrect result for the intended logic.,Review the condition so it matches the intended requirement.,"Logical Error, Arithmetic logic"
1821,Python,"x = 5
if x > 10:
    print('Pass')
else:
    print('Fail')  # condition may be wrong","Program runs, but produces an incorrect result.",Logical Error,Incorrect program logic,Arithmetic logic,Beginner,Correct result according to the intended logic,"Program runs, but produces an incorrect result.",The operation combines values whose data types are not compatible.,Convert the values to compatible data types before applying the operation.,"Logical Error, Arithmetic logic"
1822,Python,"a = 10
b = 20
print(a - b)  # expected 30","Program runs, but produces an incorrect result.",Logical Error,Incorrect program logic,Off-by-one logic,Intermediate,Correct result according to the intended logic,"Program runs, but produces an incorrect result.",The function call does not provide all required arguments.,Pass all required function arguments.,"Logical Error, Off-by-one logic"
1823,Python,"marks = [80, 90, 70]
print(sum(marks) / 2)  # wrong denominator","Program runs, but produces an incorrect result.",Logical Error,Incorrect program logic,Conditional logic,Intermediate,Correct result according to the intended logic,"Program runs, but produces an incorrect result.",Python cannot find the requested module.,Install or import an available module.,"Logical Error, Conditional logic"
1824,Python,"x = 5
if x > 10:
    print('Pass')
else:
    print('Fail')  # condition may be wrong","Program runs, but produces an incorrect result.",Logical Error,Incorrect program logic,Conditional logic,Beginner,Correct result according to the intended logic,"Program runs, but produces an incorrect result.",Python block statements require a colon at the end.,Add a colon after the for statement.,"Logical Error, Conditional logic"
1825,Python,"marks = [80, 90, 70]
print(sum(marks) / 2)  # wrong denominator","Program runs, but produces an incorrect result.",Logical Error,Incorrect program logic,Loop conditions,Intermediate,Correct result according to the intended logic,"Program runs, but produces an incorrect result.",The variable name used in print does not match the declared variable.,Use the exact variable name that was declared.,"Logical Error, Loop conditions"
1826,Python,"marks = [80, 90, 70]
print(sum(marks) / 2)  # wrong denominator","Program runs, but produces an incorrect result.",Logical Error,Incorrect program logic,Conditional logic,Beginner,Correct result according to the intended logic,"Program runs, but produces an incorrect result.",The negative index is outside the valid range.,Use a valid negative index within the list length.,"Logical Error, Conditional logic"
1827,Python,"marks = [80, 90, 70]
print(sum(marks) / 2)  # wrong denominator","Program runs, but produces an incorrect result.",Logical Error,Incorrect program logic,Conditional logic,Beginner,Correct result according to the intended logic,"Program runs, but produces an incorrect result.",Python cannot find the requested module.,Install or import an available module.,"Logical Error, Conditional logic"
1828,Python,"marks = [80, 90, 70]
print(sum(marks) / 2)  # wrong denominator","Program runs, but produces an incorrect result.",Logical Error,Incorrect program logic,Conditional logic,Beginner,Correct result according to the intended logic,"Program runs, but produces an incorrect result.",The statement inside the block is not indented.,Indent the statement inside the if block.,"Logical Error, Conditional logic"
1829,Python,"for i in range(1, 5):
    print(i)  # expected 1 to 5","Program runs, but produces an incorrect result.",Logical Error,Incorrect program logic,Conditional logic,Beginner,Correct result according to the intended logic,"Program runs, but produces an incorrect result.",The negative index is outside the valid range.,Use a valid negative index within the list length.,"Logical Error, Conditional logic"
1830,Python,"a = 10
b = 20
print(a - b)  # expected 30","Program runs, but produces an incorrect result.",Logical Error,Incorrect program logic,Off-by-one logic,Intermediate,Correct result according to the intended logic,"Program runs, but produces an incorrect result.",The requested index is outside the list range.,Use an index within the valid range of the list.,"Logical Error, Off-by-one logic"
1831,Python,"for i in range(1, 5):
    print(i)  # expected 1 to 5","Program runs, but produces an incorrect result.",Logical Error,Incorrect program logic,Arithmetic logic,Intermediate,Correct result according to the intended logic,"Program runs, but produces an incorrect result.",The condition produces an incorrect result for the intended logic.,Review the condition so it matches the intended requirement.,"Logical Error, Arithmetic logic"
1832,Python,"marks = [80, 90, 70]
print(sum(marks) / 2)  # wrong denominator","Program runs, but produces an incorrect result.",Logical Error,Incorrect program logic,Loop conditions,Beginner,Correct result according to the intended logic,"Program runs, but produces an incorrect result.",The statement inside the block is not indented.,Indent the statement inside the if block.,"Logical Error, Loop conditions"
1833,Python,"a = 10
b = 20
print(a - b)  # expected 30","Program runs, but produces an incorrect result.",Logical Error,Incorrect program logic,Arithmetic logic,Beginner,Correct result according to the intended logic,"Program runs, but produces an incorrect result.",Python block statements require a colon at the end.,Add a colon after the for statement.,"Logical Error, Arithmetic logic"
1834,Python,"x = 5
if x > 10:
    print('Pass')
else:
    print('Fail')  # condition may be wrong","Program runs, but produces an incorrect result.",Logical Error,Incorrect program logic,Off-by-one logic,Beginner,Correct result according to the intended logic,"Program runs, but produces an incorrect result.",The statement inside the block is not indented.,Indent the statement inside the if block.,"Logical Error, Off-by-one logic"
1835,Python,"marks = [80, 90, 70]
print(sum(marks) / 2)  # wrong denominator","Program runs, but produces an incorrect result.",Logical Error,Incorrect program logic,Conditional logic,Beginner,Correct result according to the intended logic,"Program runs, but produces an incorrect result.",The function call does not provide all required arguments.,Pass all required function arguments.,"Logical Error, Conditional logic"
1836,Python,"for i in range(1, 5):
    print(i)  # expected 1 to 5","Program runs, but produces an incorrect result.",Logical Error,Incorrect program logic,Off-by-one logic,Beginner,Correct result according to the intended logic,"Program runs, but produces an incorrect result.",The variable name used in print does not match the declared variable.,Use the exact variable name that was declared.,"Logical Error, Off-by-one logic"
1837,Python,"x = 5
if x > 10:
    print('Pass')
else:
    print('Fail')  # condition may be wrong","Program runs, but produces an incorrect result.",Logical Error,Incorrect program logic,Conditional logic,Beginner,Correct result according to the intended logic,"Program runs, but produces an incorrect result.",The variable name used in print does not match the declared variable.,Use the exact variable name that was declared.,"Logical Error, Conditional logic"
1838,Python,"a = 10
b = 20
print(a - b)  # expected 30","Program runs, but produces an incorrect result.",Logical Error,Incorrect program logic,Off-by-one logic,Beginner,Correct result according to the intended logic,"Program runs, but produces an incorrect result.",The variable name used in print does not match the declared variable.,Use the exact variable name that was declared.,"Logical Error, Off-by-one logic"
1839,Python,"for i in range(1, 5):
    print(i)  # expected 1 to 5","Program runs, but produces an incorrect result.",Logical Error,Incorrect program logic,Off-by-one logic,Beginner,Correct result according to the intended logic,"Program runs, but produces an incorrect result.",The variable name used in print does not match the declared variable.,Use the exact variable name that was declared.,"Logical Error, Off-by-one logic"
1840,Python,"a = 10
b = 20
print(a - b)  # expected 30","Program runs, but produces an incorrect result.",Logical Error,Incorrect program logic,Loop conditions,Beginner,Correct result according to the intended logic,"Program runs, but produces an incorrect result.",The requested index is outside the list range.,Use an index within the valid range of the list.,"Logical Error, Loop conditions"
1841,Python,"for i in range(1, 5):
    print(i)  # expected 1 to 5","Program runs, but produces an incorrect result.",Logical Error,Incorrect program logic,Arithmetic logic,Beginner,Correct result according to the intended logic,"Program runs, but produces an incorrect result.",The negative index is outside the valid range.,Use a valid negative index within the list length.,"Logical Error, Arithmetic logic"
1842,Python,"x = 5
if x > 10:
    print('Pass')
else:
    print('Fail')  # condition may be wrong","Program runs, but produces an incorrect result.",Logical Error,Incorrect program logic,Off-by-one logic,Intermediate,Correct result according to the intended logic,"Program runs, but produces an incorrect result.",Python cannot find the requested module.,Install or import an available module.,"Logical Error, Off-by-one logic"
1843,Python,"for i in range(1, 5):
    print(i)  # expected 1 to 5","Program runs, but produces an incorrect result.",Logical Error,Incorrect program logic,Conditional logic,Beginner,Correct result according to the intended logic,"Program runs, but produces an incorrect result.",Python block statements require a colon at the end.,Add a colon after the for statement.,"Logical Error, Conditional logic"
1844,Python,"marks = [80, 90, 70]
print(sum(marks) / 2)  # wrong denominator","Program runs, but produces an incorrect result.",Logical Error,Incorrect program logic,Conditional logic,Beginner,Correct result according to the intended logic,"Program runs, but produces an incorrect result.",The requested index is outside the list range.,Use an index within the valid range of the list.,"Logical Error, Conditional logic"
1845,Python,"x = 5
if x > 10:
    print('Pass')
else:
    print('Fail')  # condition may be wrong","Program runs, but produces an incorrect result.",Logical Error,Incorrect program logic,Off-by-one logic,Intermediate,Correct result according to the intended logic,"Program runs, but produces an incorrect result.",The statement inside the block is not indented.,Indent the statement inside the if block.,"Logical Error, Off-by-one logic"
1846,Python,"marks = [80, 90, 70]
print(sum(marks) / 2)  # wrong denominator","Program runs, but produces an incorrect result.",Logical Error,Incorrect program logic,Arithmetic logic,Intermediate,Correct result according to the intended logic,"Program runs, but produces an incorrect result.",The function call does not provide all required arguments.,Pass all required function arguments.,"Logical Error, Arithmetic logic"
1847,Python,"for i in range(1, 5):
    print(i)  # expected 1 to 5","Program runs, but produces an incorrect result.",Logical Error,Incorrect program logic,Loop conditions,Beginner,Correct result according to the intended logic,"Program runs, but produces an incorrect result.",Python block statements require a colon at the end.,Add a colon after the for statement.,"Logical Error, Loop conditions"
1848,Python,"marks = [80, 90, 70]
print(sum(marks) / 2)  # wrong denominator","Program runs, but produces an incorrect result.",Logical Error,Incorrect program logic,Loop conditions,Beginner,Correct result according to the intended logic,"Program runs, but produces an incorrect result.",The function call does not provide all required arguments.,Pass all required function arguments.,"Logical Error, Loop conditions"
1849,Python,"marks = [80, 90, 70]
print(sum(marks) / 2)  # wrong denominator","Program runs, but produces an incorrect result.",Logical Error,Incorrect program logic,Conditional logic,Beginner,Correct result according to the intended logic,"Program runs, but produces an incorrect result.",The operation combines values whose data types are not compatible.,Convert the values to compatible data types before applying the operation.,"Logical Error, Conditional logic"
1850,Python,"for i in range(1, 5):
    print(i)  # expected 1 to 5","Program runs, but produces an incorrect result.",Logical Error,Incorrect program logic,Arithmetic logic,Intermediate,Correct result according to the intended logic,"Program runs, but produces an incorrect result.",The operation combines values whose data types are not compatible.,Convert the values to compatible data types before applying the operation.,"Logical Error, Arithmetic logic"
1851,Python,"for i in range(1, 5):
    print(i)  # expected 1 to 5","Program runs, but produces an incorrect result.",Logical Error,Incorrect program logic,Off-by-one logic,Intermediate,Correct result according to the intended logic,"Program runs, but produces an incorrect result.",The operation combines values whose data types are not compatible.,Convert the values to compatible data types before applying the operation.,"Logical Error, Off-by-one logic"
1852,Python,"for i in range(1, 5):
    print(i)  # expected 1 to 5","Program runs, but produces an incorrect result.",Logical Error,Incorrect program logic,Loop conditions,Beginner,Correct result according to the intended logic,"Program runs, but produces an incorrect result.",The operation combines values whose data types are not compatible.,Convert the values to compatible data types before applying the operation.,"Logical Error, Loop conditions"
1853,Python,"for i in range(1, 5):
    print(i)  # expected 1 to 5","Program runs, but produces an incorrect result.",Logical Error,Incorrect program logic,Conditional logic,Beginner,Correct result according to the intended logic,"Program runs, but produces an incorrect result.",The statement inside the block is not indented.,Indent the statement inside the if block.,"Logical Error, Conditional logic"
1854,Python,"for i in range(1, 5):
    print(i)  # expected 1 to 5","Program runs, but produces an incorrect result.",Logical Error,Incorrect program logic,Off-by-one logic,Beginner,Correct result according to the intended logic,"Program runs, but produces an incorrect result.",The statement inside the block is not indented.,Indent the statement inside the if block.,"Logical Error, Off-by-one logic"
1855,Python,"marks = [80, 90, 70]
print(sum(marks) / 2)  # wrong denominator","Program runs, but produces an incorrect result.",Logical Error,Incorrect program logic,Conditional logic,Beginner,Correct result according to the intended logic,"Program runs, but produces an incorrect result.",The statement inside the block is not indented.,Indent the statement inside the if block.,"Logical Error, Conditional logic"
1856,Python,"for i in range(1, 5):
    print(i)  # expected 1 to 5","Program runs, but produces an incorrect result.",Logical Error,Incorrect program logic,Off-by-one logic,Intermediate,Correct result according to the intended logic,"Program runs, but produces an incorrect result.",The function call does not provide all required arguments.,Pass all required function arguments.,"Logical Error, Off-by-one logic"
1857,Python,"a = 10
b = 20
print(a - b)  # expected 30","Program runs, but produces an incorrect result.",Logical Error,Incorrect program logic,Off-by-one logic,Beginner,Correct result according to the intended logic,"Program runs, but produces an incorrect result.",The variable name used in print does not match the declared variable.,Use the exact variable name that was declared.,"Logical Error, Off-by-one logic"
1858,Python,"x = 5
if x > 10:
    print('Pass')
else:
    print('Fail')  # condition may be wrong","Program runs, but produces an incorrect result.",Logical Error,Incorrect program logic,Arithmetic logic,Beginner,Correct result according to the intended logic,"Program runs, but produces an incorrect result.",The operation combines values whose data types are not compatible.,Convert the values to compatible data types before applying the operation.,"Logical Error, Arithmetic logic"
1859,Python,"marks = [80, 90, 70]
print(sum(marks) / 2)  # wrong denominator","Program runs, but produces an incorrect result.",Logical Error,Incorrect program logic,Loop conditions,Intermediate,Correct result according to the intended logic,"Program runs, but produces an incorrect result.",The code uses a variable that has not been defined.,Check that the variable is defined before use.,"Logical Error, Loop conditions"
1860,Python,"marks = [80, 90, 70]
print(sum(marks) / 2)  # wrong denominator","Program runs, but produces an incorrect result.",Logical Error,Incorrect program logic,Off-by-one logic,Intermediate,Correct result according to the intended logic,"Program runs, but produces an incorrect result.",The function call does not provide all required arguments.,Pass all required function arguments.,"Logical Error, Off-by-one logic"
1861,Python,"x = 5
if x > 10:
    print('Pass')
else:
    print('Fail')  # condition may be wrong","Program runs, but produces an incorrect result.",Logical Error,Incorrect program logic,Loop conditions,Beginner,Correct result according to the intended logic,"Program runs, but produces an incorrect result.",The condition produces an incorrect result for the intended logic.,Review the condition so it matches the intended requirement.,"Logical Error, Loop conditions"
1862,Python,"a = 10
b = 20
print(a - b)  # expected 30","Program runs, but produces an incorrect result.",Logical Error,Incorrect program logic,Conditional logic,Beginner,Correct result according to the intended logic,"Program runs, but produces an incorrect result.",The function call does not provide all required arguments.,Pass all required function arguments.,"Logical Error, Conditional logic"
1863,Python,"a = 10
b = 20
print(a - b)  # expected 30","Program runs, but produces an incorrect result.",Logical Error,Incorrect program logic,Conditional logic,Beginner,Correct result according to the intended logic,"Program runs, but produces an incorrect result.",Python block statements require a colon at the end.,Add a colon after the for statement.,"Logical Error, Conditional logic"
1864,Python,"marks = [80, 90, 70]
print(sum(marks) / 2)  # wrong denominator","Program runs, but produces an incorrect result.",Logical Error,Incorrect program logic,Loop conditions,Beginner,Correct result according to the intended logic,"Program runs, but produces an incorrect result.",The function call does not provide all required arguments.,Pass all required function arguments.,"Logical Error, Loop conditions"
1865,Python,"for i in range(1, 5):
    print(i)  # expected 1 to 5","Program runs, but produces an incorrect result.",Logical Error,Incorrect program logic,Off-by-one logic,Intermediate,Correct result according to the intended logic,"Program runs, but produces an incorrect result.",The code uses a variable that has not been defined.,Check that the variable is defined before use.,"Logical Error, Off-by-one logic"
1866,Python,"for i in range(1, 5):
    print(i)  # expected 1 to 5","Program runs, but produces an incorrect result.",Logical Error,Incorrect program logic,Loop conditions,Beginner,Correct result according to the intended logic,"Program runs, but produces an incorrect result.",Python block statements require a colon at the end.,Add a colon after the for statement.,"Logical Error, Loop conditions"
1867,Python,"x = 5
if x > 10:
    print('Pass')
else:
    print('Fail')  # condition may be wrong","Program runs, but produces an incorrect result.",Logical Error,Incorrect program logic,Conditional logic,Intermediate,Correct result according to the intended logic,"Program runs, but produces an incorrect result.",The negative index is outside the valid range.,Use a valid negative index within the list length.,"Logical Error, Conditional logic"
1868,Python,"x = 5
if x > 10:
    print('Pass')
else:
    print('Fail')  # condition may be wrong","Program runs, but produces an incorrect result.",Logical Error,Incorrect program logic,Conditional logic,Beginner,Correct result according to the intended logic,"Program runs, but produces an incorrect result.",The negative index is outside the valid range.,Use a valid negative index within the list length.,"Logical Error, Conditional logic"
1869,Python,"a = 10
b = 20
print(a - b)  # expected 30","Program runs, but produces an incorrect result.",Logical Error,Incorrect program logic,Arithmetic logic,Intermediate,Correct result according to the intended logic,"Program runs, but produces an incorrect result.",The statement inside the block is not indented.,Indent the statement inside the if block.,"Logical Error, Arithmetic logic"
1870,Python,"for i in range(1, 5):
    print(i)  # expected 1 to 5","Program runs, but produces an incorrect result.",Logical Error,Incorrect program logic,Off-by-one logic,Intermediate,Correct result according to the intended logic,"Program runs, but produces an incorrect result.",Python cannot find the requested module.,Install or import an available module.,"Logical Error, Off-by-one logic"
1871,Python,"x = 5
if x > 10:
    print('Pass')
else:
    print('Fail')  # condition may be wrong","Program runs, but produces an incorrect result.",Logical Error,Incorrect program logic,Arithmetic logic,Beginner,Correct result according to the intended logic,"Program runs, but produces an incorrect result.",The statement inside the block is not indented.,Indent the statement inside the if block.,"Logical Error, Arithmetic logic"
1872,Python,"marks = [80, 90, 70]
print(sum(marks) / 2)  # wrong denominator","Program runs, but produces an incorrect result.",Logical Error,Incorrect program logic,Conditional logic,Beginner,Correct result according to the intended logic,"Program runs, but produces an incorrect result.",Python block statements require a colon at the end.,Add a colon after the for statement.,"Logical Error, Conditional logic"
1873,Python,"a = 10
b = 20
print(a - b)  # expected 30","Program runs, but produces an incorrect result.",Logical Error,Incorrect program logic,Off-by-one logic,Beginner,Correct result according to the intended logic,"Program runs, but produces an incorrect result.",The function call does not provide all required arguments.,Pass all required function arguments.,"Logical Error, Off-by-one logic"
1874,Python,"x = 5
if x > 10:
    print('Pass')
else:
    print('Fail')  # condition may be wrong","Program runs, but produces an incorrect result.",Logical Error,Incorrect program logic,Arithmetic logic,Beginner,Correct result according to the intended logic,"Program runs, but produces an incorrect result.",Python cannot find the requested module.,Install or import an available module.,"Logical Error, Arithmetic logic"
1875,Python,"x = 5
if x > 10:
    print('Pass')
else:
    print('Fail')  # condition may be wrong","Program runs, but produces an incorrect result.",Logical Error,Incorrect program logic,Loop conditions,Beginner,Correct result according to the intended logic,"Program runs, but produces an incorrect result.",Python cannot find the requested module.,Install or import an available module.,"Logical Error, Loop conditions"
1876,Python,"for i in range(1, 5):
    print(i)  # expected 1 to 5","Program runs, but produces an incorrect result.",Logical Error,Incorrect program logic,Conditional logic,Beginner,Correct result according to the intended logic,"Program runs, but produces an incorrect result.",The operation combines values whose data types are not compatible.,Convert the values to compatible data types before applying the operation.,"Logical Error, Conditional logic"
1877,Python,"marks = [80, 90, 70]
print(sum(marks) / 2)  # wrong denominator","Program runs, but produces an incorrect result.",Logical Error,Incorrect program logic,Arithmetic logic,Beginner,Correct result according to the intended logic,"Program runs, but produces an incorrect result.",The negative index is outside the valid range.,Use a valid negative index within the list length.,"Logical Error, Arithmetic logic"
1878,Python,"a = 10
b = 20
print(a - b)  # expected 30","Program runs, but produces an incorrect result.",Logical Error,Incorrect program logic,Arithmetic logic,Beginner,Correct result according to the intended logic,"Program runs, but produces an incorrect result.",The variable name used in print does not match the declared variable.,Use the exact variable name that was declared.,"Logical Error, Arithmetic logic"
1879,Python,"for i in range(1, 5):
    print(i)  # expected 1 to 5","Program runs, but produces an incorrect result.",Logical Error,Incorrect program logic,Off-by-one logic,Intermediate,Correct result according to the intended logic,"Program runs, but produces an incorrect result.",Python cannot find the requested module.,Install or import an available module.,"Logical Error, Off-by-one logic"
1880,Python,"for i in range(1, 5):
    print(i)  # expected 1 to 5","Program runs, but produces an incorrect result.",Logical Error,Incorrect program logic,Arithmetic logic,Beginner,Correct result according to the intended logic,"Program runs, but produces an incorrect result.",The condition produces an incorrect result for the intended logic.,Review the condition so it matches the intended requirement.,"Logical Error, Arithmetic logic"
1881,Python,"marks = [80, 90, 70]
print(sum(marks) / 2)  # wrong denominator","Program runs, but produces an incorrect result.",Logical Error,Incorrect program logic,Loop conditions,Intermediate,Correct result according to the intended logic,"Program runs, but produces an incorrect result.",Python cannot find the requested module.,Install or import an available module.,"Logical Error, Loop conditions"
1882,Python,"marks = [80, 90, 70]
print(sum(marks) / 2)  # wrong denominator","Program runs, but produces an incorrect result.",Logical Error,Incorrect program logic,Arithmetic logic,Intermediate,Correct result according to the intended logic,"Program runs, but produces an incorrect result.",The code uses a variable that has not been defined.,Check that the variable is defined before use.,"Logical Error, Arithmetic logic"
1883,Python,"x = 5
if x > 10:
    print('Pass')
else:
    print('Fail')  # condition may be wrong","Program runs, but produces an incorrect result.",Logical Error,Incorrect program logic,Off-by-one logic,Beginner,Correct result according to the intended logic,"Program runs, but produces an incorrect result.",The function call does not provide all required arguments.,Pass all required function arguments.,"Logical Error, Off-by-one logic"
1884,Python,"for i in range(1, 5):
    print(i)  # expected 1 to 5","Program runs, but produces an incorrect result.",Logical Error,Incorrect program logic,Conditional logic,Beginner,Correct result according to the intended logic,"Program runs, but produces an incorrect result.",The code uses a variable that has not been defined.,Check that the variable is defined before use.,"Logical Error, Conditional logic"
1885,Python,"a = 10
b = 20
print(a - b)  # expected 30","Program runs, but produces an incorrect result.",Logical Error,Incorrect program logic,Off-by-one logic,Intermediate,Correct result according to the intended logic,"Program runs, but produces an incorrect result.",The function call does not provide all required arguments.,Pass all required function arguments.,"Logical Error, Off-by-one logic"
1886,Python,"for i in range(1, 5):
    print(i)  # expected 1 to 5","Program runs, but produces an incorrect result.",Logical Error,Incorrect program logic,Off-by-one logic,Beginner,Correct result according to the intended logic,"Program runs, but produces an incorrect result.",Python cannot find the requested module.,Install or import an available module.,"Logical Error, Off-by-one logic"
1887,Python,"a = 10
b = 20
print(a - b)  # expected 30","Program runs, but produces an incorrect result.",Logical Error,Incorrect program logic,Loop conditions,Beginner,Correct result according to the intended logic,"Program runs, but produces an incorrect result.",The code uses a variable that has not been defined.,Check that the variable is defined before use.,"Logical Error, Loop conditions"
1888,Python,"marks = [80, 90, 70]
print(sum(marks) / 2)  # wrong denominator","Program runs, but produces an incorrect result.",Logical Error,Incorrect program logic,Arithmetic logic,Intermediate,Correct result according to the intended logic,"Program runs, but produces an incorrect result.",The variable name used in print does not match the declared variable.,Use the exact variable name that was declared.,"Logical Error, Arithmetic logic"
1889,Python,"x = 5
if x > 10:
    print('Pass')
else:
    print('Fail')  # condition may be wrong","Program runs, but produces an incorrect result.",Logical Error,Incorrect program logic,Arithmetic logic,Beginner,Correct result according to the intended logic,"Program runs, but produces an incorrect result.",The condition produces an incorrect result for the intended logic.,Review the condition so it matches the intended requirement.,"Logical Error, Arithmetic logic"
1890,Python,"marks = [80, 90, 70]
print(sum(marks) / 2)  # wrong denominator","Program runs, but produces an incorrect result.",Logical Error,Incorrect program logic,Arithmetic logic,Intermediate,Correct result according to the intended logic,"Program runs, but produces an incorrect result.",The variable name used in print does not match the declared variable.,Use the exact variable name that was declared.,"Logical Error, Arithmetic logic"
1891,Python,"for i in range(1, 5):
    print(i)  # expected 1 to 5","Program runs, but produces an incorrect result.",Logical Error,Incorrect program logic,Conditional logic,Intermediate,Correct result according to the intended logic,"Program runs, but produces an incorrect result.",Python block statements require a colon at the end.,Add a colon after the for statement.,"Logical Error, Conditional logic"
1892,Python,"marks = [80, 90, 70]
print(sum(marks) / 2)  # wrong denominator","Program runs, but produces an incorrect result.",Logical Error,Incorrect program logic,Conditional logic,Beginner,Correct result according to the intended logic,"Program runs, but produces an incorrect result.",The operation combines values whose data types are not compatible.,Convert the values to compatible data types before applying the operation.,"Logical Error, Conditional logic"
1893,Python,"for i in range(1, 5):
    print(i)  # expected 1 to 5","Program runs, but produces an incorrect result.",Logical Error,Incorrect program logic,Loop conditions,Beginner,Correct result according to the intended logic,"Program runs, but produces an incorrect result.",The statement inside the block is not indented.,Indent the statement inside the if block.,"Logical Error, Loop conditions"
1894,Python,"x = 5
if x > 10:
    print('Pass')
else:
    print('Fail')  # condition may be wrong","Program runs, but produces an incorrect result.",Logical Error,Incorrect program logic,Off-by-one logic,Intermediate,Correct result according to the intended logic,"Program runs, but produces an incorrect result.",The statement inside the block is not indented.,Indent the statement inside the if block.,"Logical Error, Off-by-one logic"
1895,Python,"marks = [80, 90, 70]
print(sum(marks) / 2)  # wrong denominator","Program runs, but produces an incorrect result.",Logical Error,Incorrect program logic,Off-by-one logic,Beginner,Correct result according to the intended logic,"Program runs, but produces an incorrect result.",The code uses a variable that has not been defined.,Check that the variable is defined before use.,"Logical Error, Off-by-one logic"
1896,Python,"for i in range(1, 5):
    print(i)  # expected 1 to 5","Program runs, but produces an incorrect result.",Logical Error,Incorrect program logic,Conditional logic,Intermediate,Correct result according to the intended logic,"Program runs, but produces an incorrect result.",The negative index is outside the valid range.,Use a valid negative index within the list length.,"Logical Error, Conditional logic"
1897,Python,"for i in range(1, 5):
    print(i)  # expected 1 to 5","Program runs, but produces an incorrect result.",Logical Error,Incorrect program logic,Loop conditions,Intermediate,Correct result according to the intended logic,"Program runs, but produces an incorrect result.",The variable name used in print does not match the declared variable.,Use the exact variable name that was declared.,"Logical Error, Loop conditions"
1898,Python,"marks = [80, 90, 70]
print(sum(marks) / 2)  # wrong denominator","Program runs, but produces an incorrect result.",Logical Error,Incorrect program logic,Off-by-one logic,Beginner,Correct result according to the intended logic,"Program runs, but produces an incorrect result.",The statement inside the block is not indented.,Indent the statement inside the if block.,"Logical Error, Off-by-one logic"
1899,Python,"marks = [80, 90, 70]
print(sum(marks) / 2)  # wrong denominator","Program runs, but produces an incorrect result.",Logical Error,Incorrect program logic,Off-by-one logic,Beginner,Correct result according to the intended logic,"Program runs, but produces an incorrect result.",The variable name used in print does not match the declared variable.,Use the exact variable name that was declared.,"Logical Error, Off-by-one logic"
1900,Python,"marks = [80, 90, 70]
print(sum(marks) / 2)  # wrong denominator","Program runs, but produces an incorrect result.",Logical Error,Incorrect program logic,Conditional logic,Beginner,Correct result according to the intended logic,"Program runs, but produces an incorrect result.",The operation combines values whose data types are not compatible.,Convert the values to compatible data types before applying the operation.,"Logical Error, Conditional logic"
1901,Python,"marks = [80, 90, 70]
print(sum(marks) / 2)  # wrong denominator","Program runs, but produces an incorrect result.",Logical Error,Incorrect program logic,Arithmetic logic,Beginner,Correct result according to the intended logic,"Program runs, but produces an incorrect result.",Python cannot find the requested module.,Install or import an available module.,"Logical Error, Arithmetic logic"
1902,Python,"for i in range(1, 5):
    print(i)  # expected 1 to 5","Program runs, but produces an incorrect result.",Logical Error,Incorrect program logic,Conditional logic,Intermediate,Correct result according to the intended logic,"Program runs, but produces an incorrect result.",The requested index is outside the list range.,Use an index within the valid range of the list.,"Logical Error, Conditional logic"
1903,Python,"a = 10
b = 20
print(a - b)  # expected 30","Program runs, but produces an incorrect result.",Logical Error,Incorrect program logic,Loop conditions,Beginner,Correct result according to the intended logic,"Program runs, but produces an incorrect result.",The requested index is outside the list range.,Use an index within the valid range of the list.,"Logical Error, Loop conditions"
1904,Python,"a = 10
b = 20
print(a - b)  # expected 30","Program runs, but produces an incorrect result.",Logical Error,Incorrect program logic,Arithmetic logic,Beginner,Correct result according to the intended logic,"Program runs, but produces an incorrect result.",The variable name used in print does not match the declared variable.,Use the exact variable name that was declared.,"Logical Error, Arithmetic logic"
1905,Python,"marks = [80, 90, 70]
print(sum(marks) / 2)  # wrong denominator","Program runs, but produces an incorrect result.",Logical Error,Incorrect program logic,Conditional logic,Beginner,Correct result according to the intended logic,"Program runs, but produces an incorrect result.",The function call does not provide all required arguments.,Pass all required function arguments.,"Logical Error, Conditional logic"
1906,Python,"x = 5
if x > 10:
    print('Pass')
else:
    print('Fail')  # condition may be wrong","Program runs, but produces an incorrect result.",Logical Error,Incorrect program logic,Off-by-one logic,Intermediate,Correct result according to the intended logic,"Program runs, but produces an incorrect result.",The operation combines values whose data types are not compatible.,Convert the values to compatible data types before applying the operation.,"Logical Error, Off-by-one logic"
1907,Python,"marks = [80, 90, 70]
print(sum(marks) / 2)  # wrong denominator","Program runs, but produces an incorrect result.",Logical Error,Incorrect program logic,Off-by-one logic,Beginner,Correct result according to the intended logic,"Program runs, but produces an incorrect result.",The operation combines values whose data types are not compatible.,Convert the values to compatible data types before applying the operation.,"Logical Error, Off-by-one logic"
1908,Python,"for i in range(1, 5):
    print(i)  # expected 1 to 5","Program runs, but produces an incorrect result.",Logical Error,Incorrect program logic,Conditional logic,Intermediate,Correct result according to the intended logic,"Program runs, but produces an incorrect result.",The requested index is outside the list range.,Use an index within the valid range of the list.,"Logical Error, Conditional logic"
1909,Python,"marks = [80, 90, 70]
print(sum(marks) / 2)  # wrong denominator","Program runs, but produces an incorrect result.",Logical Error,Incorrect program logic,Loop conditions,Beginner,Correct result according to the intended logic,"Program runs, but produces an incorrect result.",The requested index is outside the list range.,Use an index within the valid range of the list.,"Logical Error, Loop conditions"
1910,Python,"a = 10
b = 20
print(a - b)  # expected 30","Program runs, but produces an incorrect result.",Logical Error,Incorrect program logic,Loop conditions,Beginner,Correct result according to the intended logic,"Program runs, but produces an incorrect result.",The operation combines values whose data types are not compatible.,Convert the values to compatible data types before applying the operation.,"Logical Error, Loop conditions"
1911,Python,"a = 10
b = 20
print(a - b)  # expected 30","Program runs, but produces an incorrect result.",Logical Error,Incorrect program logic,Conditional logic,Beginner,Correct result according to the intended logic,"Program runs, but produces an incorrect result.",The variable name used in print does not match the declared variable.,Use the exact variable name that was declared.,"Logical Error, Conditional logic"
1912,Python,"for i in range(1, 5):
    print(i)  # expected 1 to 5","Program runs, but produces an incorrect result.",Logical Error,Incorrect program logic,Arithmetic logic,Beginner,Correct result according to the intended logic,"Program runs, but produces an incorrect result.",The code uses a variable that has not been defined.,Check that the variable is defined before use.,"Logical Error, Arithmetic logic"
1913,Python,"a = 10
b = 20
print(a - b)  # expected 30","Program runs, but produces an incorrect result.",Logical Error,Incorrect program logic,Conditional logic,Beginner,Correct result according to the intended logic,"Program runs, but produces an incorrect result.",The negative index is outside the valid range.,Use a valid negative index within the list length.,"Logical Error, Conditional logic"
1914,Python,"a = 10
b = 20
print(a - b)  # expected 30","Program runs, but produces an incorrect result.",Logical Error,Incorrect program logic,Conditional logic,Beginner,Correct result according to the intended logic,"Program runs, but produces an incorrect result.",Python block statements require a colon at the end.,Add a colon after the for statement.,"Logical Error, Conditional logic"
1915,Python,"a = 10
b = 20
print(a - b)  # expected 30","Program runs, but produces an incorrect result.",Logical Error,Incorrect program logic,Off-by-one logic,Beginner,Correct result according to the intended logic,"Program runs, but produces an incorrect result.",The code uses a variable that has not been defined.,Check that the variable is defined before use.,"Logical Error, Off-by-one logic"
1916,Python,"for i in range(1, 5):
    print(i)  # expected 1 to 5","Program runs, but produces an incorrect result.",Logical Error,Incorrect program logic,Loop conditions,Beginner,Correct result according to the intended logic,"Program runs, but produces an incorrect result.",The condition produces an incorrect result for the intended logic.,Review the condition so it matches the intended requirement.,"Logical Error, Loop conditions"
1917,Python,"a = 10
b = 20
print(a - b)  # expected 30","Program runs, but produces an incorrect result.",Logical Error,Incorrect program logic,Off-by-one logic,Beginner,Correct result according to the intended logic,"Program runs, but produces an incorrect result.",The code uses a variable that has not been defined.,Check that the variable is defined before use.,"Logical Error, Off-by-one logic"
1918,Python,"marks = [80, 90, 70]
print(sum(marks) / 2)  # wrong denominator","Program runs, but produces an incorrect result.",Logical Error,Incorrect program logic,Off-by-one logic,Beginner,Correct result according to the intended logic,"Program runs, but produces an incorrect result.",The condition produces an incorrect result for the intended logic.,Review the condition so it matches the intended requirement.,"Logical Error, Off-by-one logic"
1919,Python,"for i in range(1, 5):
    print(i)  # expected 1 to 5","Program runs, but produces an incorrect result.",Logical Error,Incorrect program logic,Loop conditions,Intermediate,Correct result according to the intended logic,"Program runs, but produces an incorrect result.",The negative index is outside the valid range.,Use a valid negative index within the list length.,"Logical Error, Loop conditions"
1920,Python,"a = 10
b = 20
print(a - b)  # expected 30","Program runs, but produces an incorrect result.",Logical Error,Incorrect program logic,Conditional logic,Intermediate,Correct result according to the intended logic,"Program runs, but produces an incorrect result.",The variable name used in print does not match the declared variable.,Use the exact variable name that was declared.,"Logical Error, Conditional logic"
1921,Python,"marks = [80, 90, 70]
print(sum(marks) / 2)  # wrong denominator","Program runs, but produces an incorrect result.",Logical Error,Incorrect program logic,Loop conditions,Beginner,Correct result according to the intended logic,"Program runs, but produces an incorrect result.",The requested index is outside the list range.,Use an index within the valid range of the list.,"Logical Error, Loop conditions"
1922,Python,"for i in range(1, 5):
    print(i)  # expected 1 to 5","Program runs, but produces an incorrect result.",Logical Error,Incorrect program logic,Conditional logic,Intermediate,Correct result according to the intended logic,"Program runs, but produces an incorrect result.",The variable name used in print does not match the declared variable.,Use the exact variable name that was declared.,"Logical Error, Conditional logic"
1923,Python,"for i in range(1, 5):
    print(i)  # expected 1 to 5","Program runs, but produces an incorrect result.",Logical Error,Incorrect program logic,Arithmetic logic,Beginner,Correct result according to the intended logic,"Program runs, but produces an incorrect result.",The statement inside the block is not indented.,Indent the statement inside the if block.,"Logical Error, Arithmetic logic"
1924,Python,"marks = [80, 90, 70]
print(sum(marks) / 2)  # wrong denominator","Program runs, but produces an incorrect result.",Logical Error,Incorrect program logic,Conditional logic,Beginner,Correct result according to the intended logic,"Program runs, but produces an incorrect result.",The operation combines values whose data types are not compatible.,Convert the values to compatible data types before applying the operation.,"Logical Error, Conditional logic"
1925,Python,"for i in range(1, 5):
    print(i)  # expected 1 to 5","Program runs, but produces an incorrect result.",Logical Error,Incorrect program logic,Arithmetic logic,Beginner,Correct result according to the intended logic,"Program runs, but produces an incorrect result.",The requested index is outside the list range.,Use an index within the valid range of the list.,"Logical Error, Arithmetic logic"
1926,Python,"a = 10
b = 20
print(a - b)  # expected 30","Program runs, but produces an incorrect result.",Logical Error,Incorrect program logic,Conditional logic,Beginner,Correct result according to the intended logic,"Program runs, but produces an incorrect result.",The statement inside the block is not indented.,Indent the statement inside the if block.,"Logical Error, Conditional logic"
1927,Python,"for i in range(1, 5):
    print(i)  # expected 1 to 5","Program runs, but produces an incorrect result.",Logical Error,Incorrect program logic,Conditional logic,Beginner,Correct result according to the intended logic,"Program runs, but produces an incorrect result.",The negative index is outside the valid range.,Use a valid negative index within the list length.,"Logical Error, Conditional logic"
1928,Python,"a = 10
b = 20
print(a - b)  # expected 30","Program runs, but produces an incorrect result.",Logical Error,Incorrect program logic,Off-by-one logic,Beginner,Correct result according to the intended logic,"Program runs, but produces an incorrect result.",Python block statements require a colon at the end.,Add a colon after the for statement.,"Logical Error, Off-by-one logic"
1929,Python,"a = 10
b = 20
print(a - b)  # expected 30","Program runs, but produces an incorrect result.",Logical Error,Incorrect program logic,Off-by-one logic,Beginner,Correct result according to the intended logic,"Program runs, but produces an incorrect result.",The function call does not provide all required arguments.,Pass all required function arguments.,"Logical Error, Off-by-one logic"
1930,Python,"marks = [80, 90, 70]
print(sum(marks) / 2)  # wrong denominator","Program runs, but produces an incorrect result.",Logical Error,Incorrect program logic,Off-by-one logic,Intermediate,Correct result according to the intended logic,"Program runs, but produces an incorrect result.",The function call does not provide all required arguments.,Pass all required function arguments.,"Logical Error, Off-by-one logic"
1931,Python,"x = 5
if x > 10:
    print('Pass')
else:
    print('Fail')  # condition may be wrong","Program runs, but produces an incorrect result.",Logical Error,Incorrect program logic,Arithmetic logic,Beginner,Correct result according to the intended logic,"Program runs, but produces an incorrect result.",The requested index is outside the list range.,Use an index within the valid range of the list.,"Logical Error, Arithmetic logic"
1932,Python,"a = 10
b = 20
print(a - b)  # expected 30","Program runs, but produces an incorrect result.",Logical Error,Incorrect program logic,Arithmetic logic,Beginner,Correct result according to the intended logic,"Program runs, but produces an incorrect result.",The requested index is outside the list range.,Use an index within the valid range of the list.,"Logical Error, Arithmetic logic"
1933,Python,"a = 10
b = 20
print(a - b)  # expected 30","Program runs, but produces an incorrect result.",Logical Error,Incorrect program logic,Off-by-one logic,Intermediate,Correct result according to the intended logic,"Program runs, but produces an incorrect result.",The operation combines values whose data types are not compatible.,Convert the values to compatible data types before applying the operation.,"Logical Error, Off-by-one logic"
1934,Python,"x = 5
if x > 10:
    print('Pass')
else:
    print('Fail')  # condition may be wrong","Program runs, but produces an incorrect result.",Logical Error,Incorrect program logic,Arithmetic logic,Beginner,Correct result according to the intended logic,"Program runs, but produces an incorrect result.",The variable name used in print does not match the declared variable.,Use the exact variable name that was declared.,"Logical Error, Arithmetic logic"
1935,Python,"for i in range(1, 5):
    print(i)  # expected 1 to 5","Program runs, but produces an incorrect result.",Logical Error,Incorrect program logic,Conditional logic,Beginner,Correct result according to the intended logic,"Program runs, but produces an incorrect result.",The variable name used in print does not match the declared variable.,Use the exact variable name that was declared.,"Logical Error, Conditional logic"
1936,Python,"a = 10
b = 20
print(a - b)  # expected 30","Program runs, but produces an incorrect result.",Logical Error,Incorrect program logic,Arithmetic logic,Intermediate,Correct result according to the intended logic,"Program runs, but produces an incorrect result.",The condition produces an incorrect result for the intended logic.,Review the condition so it matches the intended requirement.,"Logical Error, Arithmetic logic"
1937,Python,"marks = [80, 90, 70]
print(sum(marks) / 2)  # wrong denominator","Program runs, but produces an incorrect result.",Logical Error,Incorrect program logic,Loop conditions,Beginner,Correct result according to the intended logic,"Program runs, but produces an incorrect result.",The variable name used in print does not match the declared variable.,Use the exact variable name that was declared.,"Logical Error, Loop conditions"
1938,Python,"x = 5
if x > 10:
    print('Pass')
else:
    print('Fail')  # condition may be wrong","Program runs, but produces an incorrect result.",Logical Error,Incorrect program logic,Off-by-one logic,Beginner,Correct result according to the intended logic,"Program runs, but produces an incorrect result.",The requested index is outside the list range.,Use an index within the valid range of the list.,"Logical Error, Off-by-one logic"
1939,Python,"x = 5
if x > 10:
    print('Pass')
else:
    print('Fail')  # condition may be wrong","Program runs, but produces an incorrect result.",Logical Error,Incorrect program logic,Loop conditions,Beginner,Correct result according to the intended logic,"Program runs, but produces an incorrect result.",Python cannot find the requested module.,Install or import an available module.,"Logical Error, Loop conditions"
1940,Python,"marks = [80, 90, 70]
print(sum(marks) / 2)  # wrong denominator","Program runs, but produces an incorrect result.",Logical Error,Incorrect program logic,Off-by-one logic,Beginner,Correct result according to the intended logic,"Program runs, but produces an incorrect result.",Python cannot find the requested module.,Install or import an available module.,"Logical Error, Off-by-one logic"
1941,Python,"marks = [80, 90, 70]
print(sum(marks) / 2)  # wrong denominator","Program runs, but produces an incorrect result.",Logical Error,Incorrect program logic,Arithmetic logic,Beginner,Correct result according to the intended logic,"Program runs, but produces an incorrect result.",The function call does not provide all required arguments.,Pass all required function arguments.,"Logical Error, Arithmetic logic"
1942,Python,"a = 10
b = 20
print(a - b)  # expected 30","Program runs, but produces an incorrect result.",Logical Error,Incorrect program logic,Arithmetic logic,Beginner,Correct result according to the intended logic,"Program runs, but produces an incorrect result.",The variable name used in print does not match the declared variable.,Use the exact variable name that was declared.,"Logical Error, Arithmetic logic"
1943,Python,"for i in range(1, 5):
    print(i)  # expected 1 to 5","Program runs, but produces an incorrect result.",Logical Error,Incorrect program logic,Arithmetic logic,Intermediate,Correct result according to the intended logic,"Program runs, but produces an incorrect result.",The function call does not provide all required arguments.,Pass all required function arguments.,"Logical Error, Arithmetic logic"
1944,Python,"a = 10
b = 20
print(a - b)  # expected 30","Program runs, but produces an incorrect result.",Logical Error,Incorrect program logic,Loop conditions,Intermediate,Correct result according to the intended logic,"Program runs, but produces an incorrect result.",The code uses a variable that has not been defined.,Check that the variable is defined before use.,"Logical Error, Loop conditions"
1945,Python,"x = 5
if x > 10:
    print('Pass')
else:
    print('Fail')  # condition may be wrong","Program runs, but produces an incorrect result.",Logical Error,Incorrect program logic,Conditional logic,Intermediate,Correct result according to the intended logic,"Program runs, but produces an incorrect result.",The variable name used in print does not match the declared variable.,Use the exact variable name that was declared.,"Logical Error, Conditional logic"
1946,Python,"x = 5
if x > 10:
    print('Pass')
else:
    print('Fail')  # condition may be wrong","Program runs, but produces an incorrect result.",Logical Error,Incorrect program logic,Conditional logic,Intermediate,Correct result according to the intended logic,"Program runs, but produces an incorrect result.",The operation combines values whose data types are not compatible.,Convert the values to compatible data types before applying the operation.,"Logical Error, Conditional logic"
1947,Python,"marks = [80, 90, 70]
print(sum(marks) / 2)  # wrong denominator","Program runs, but produces an incorrect result.",Logical Error,Incorrect program logic,Off-by-one logic,Intermediate,Correct result according to the intended logic,"Program runs, but produces an incorrect result.",The operation combines values whose data types are not compatible.,Convert the values to compatible data types before applying the operation.,"Logical Error, Off-by-one logic"
1948,Python,"x = 5
if x > 10:
    print('Pass')
else:
    print('Fail')  # condition may be wrong","Program runs, but produces an incorrect result.",Logical Error,Incorrect program logic,Conditional logic,Beginner,Correct result according to the intended logic,"Program runs, but produces an incorrect result.",The variable name used in print does not match the declared variable.,Use the exact variable name that was declared.,"Logical Error, Conditional logic"
1949,Python,"x = 5
if x > 10:
    print('Pass')
else:
    print('Fail')  # condition may be wrong","Program runs, but produces an incorrect result.",Logical Error,Incorrect program logic,Loop conditions,Beginner,Correct result according to the intended logic,"Program runs, but produces an incorrect result.",Python block statements require a colon at the end.,Add a colon after the for statement.,"Logical Error, Loop conditions"
1950,Python,"marks = [80, 90, 70]
print(sum(marks) / 2)  # wrong denominator","Program runs, but produces an incorrect result.",Logical Error,Incorrect program logic,Off-by-one logic,Intermediate,Correct result according to the intended logic,"Program runs, but produces an incorrect result.",The negative index is outside the valid range.,Use a valid negative index within the list length.,"Logical Error, Off-by-one logic"
1951,Python,"x = 5
if x > 10:
    print('Pass')
else:
    print('Fail')  # condition may be wrong","Program runs, but produces an incorrect result.",Logical Error,Incorrect program logic,Conditional logic,Beginner,Correct result according to the intended logic,"Program runs, but produces an incorrect result.",The code uses a variable that has not been defined.,Check that the variable is defined before use.,"Logical Error, Conditional logic"
1952,Python,"marks = [80, 90, 70]
print(sum(marks) / 2)  # wrong denominator","Program runs, but produces an incorrect result.",Logical Error,Incorrect program logic,Arithmetic logic,Beginner,Correct result according to the intended logic,"Program runs, but produces an incorrect result.",The function call does not provide all required arguments.,Pass all required function arguments.,"Logical Error, Arithmetic logic"
1953,Python,"a = 10
b = 20
print(a - b)  # expected 30","Program runs, but produces an incorrect result.",Logical Error,Incorrect program logic,Arithmetic logic,Beginner,Correct result according to the intended logic,"Program runs, but produces an incorrect result.",The function call does not provide all required arguments.,Pass all required function arguments.,"Logical Error, Arithmetic logic"
1954,Python,"marks = [80, 90, 70]
print(sum(marks) / 2)  # wrong denominator","Program runs, but produces an incorrect result.",Logical Error,Incorrect program logic,Loop conditions,Intermediate,Correct result according to the intended logic,"Program runs, but produces an incorrect result.",The negative index is outside the valid range.,Use a valid negative index within the list length.,"Logical Error, Loop conditions"
1955,Python,"x = 5
if x > 10:
    print('Pass')
else:
    print('Fail')  # condition may be wrong","Program runs, but produces an incorrect result.",Logical Error,Incorrect program logic,Loop conditions,Beginner,Correct result according to the intended logic,"Program runs, but produces an incorrect result.",The function call does not provide all required arguments.,Pass all required function arguments.,"Logical Error, Loop conditions"
1956,Python,"x = 5
if x > 10:
    print('Pass')
else:
    print('Fail')  # condition may be wrong","Program runs, but produces an incorrect result.",Logical Error,Incorrect program logic,Off-by-one logic,Beginner,Correct result according to the intended logic,"Program runs, but produces an incorrect result.",Python cannot find the requested module.,Install or import an available module.,"Logical Error, Off-by-one logic"
1957,Python,"x = 5
if x > 10:
    print('Pass')
else:
    print('Fail')  # condition may be wrong","Program runs, but produces an incorrect result.",Logical Error,Incorrect program logic,Arithmetic logic,Beginner,Correct result according to the intended logic,"Program runs, but produces an incorrect result.",The negative index is outside the valid range.,Use a valid negative index within the list length.,"Logical Error, Arithmetic logic"
1958,Python,"a = 10
b = 20
print(a - b)  # expected 30","Program runs, but produces an incorrect result.",Logical Error,Incorrect program logic,Loop conditions,Beginner,Correct result according to the intended logic,"Program runs, but produces an incorrect result.",The negative index is outside the valid range.,Use a valid negative index within the list length.,"Logical Error, Loop conditions"
1959,Python,"x = 5
if x > 10:
    print('Pass')
else:
    print('Fail')  # condition may be wrong","Program runs, but produces an incorrect result.",Logical Error,Incorrect program logic,Off-by-one logic,Intermediate,Correct result according to the intended logic,"Program runs, but produces an incorrect result.",The function call does not provide all required arguments.,Pass all required function arguments.,"Logical Error, Off-by-one logic"
1960,Python,"marks = [80, 90, 70]
print(sum(marks) / 2)  # wrong denominator","Program runs, but produces an incorrect result.",Logical Error,Incorrect program logic,Off-by-one logic,Beginner,Correct result according to the intended logic,"Program runs, but produces an incorrect result.",Python block statements require a colon at the end.,Add a colon after the for statement.,"Logical Error, Off-by-one logic"
1961,Python,"a = 10
b = 20
print(a - b)  # expected 30","Program runs, but produces an incorrect result.",Logical Error,Incorrect program logic,Conditional logic,Beginner,Correct result according to the intended logic,"Program runs, but produces an incorrect result.",The condition produces an incorrect result for the intended logic.,Review the condition so it matches the intended requirement.,"Logical Error, Conditional logic"
1962,Python,"a = 10
b = 20
print(a - b)  # expected 30","Program runs, but produces an incorrect result.",Logical Error,Incorrect program logic,Off-by-one logic,Intermediate,Correct result according to the intended logic,"Program runs, but produces an incorrect result.",The statement inside the block is not indented.,Indent the statement inside the if block.,"Logical Error, Off-by-one logic"
1963,Python,"a = 10
b = 20
print(a - b)  # expected 30","Program runs, but produces an incorrect result.",Logical Error,Incorrect program logic,Off-by-one logic,Beginner,Correct result according to the intended logic,"Program runs, but produces an incorrect result.",Python cannot find the requested module.,Install or import an available module.,"Logical Error, Off-by-one logic"
1964,Python,"x = 5
if x > 10:
    print('Pass')
else:
    print('Fail')  # condition may be wrong","Program runs, but produces an incorrect result.",Logical Error,Incorrect program logic,Off-by-one logic,Beginner,Correct result according to the intended logic,"Program runs, but produces an incorrect result.",The statement inside the block is not indented.,Indent the statement inside the if block.,"Logical Error, Off-by-one logic"
1965,Python,"for i in range(1, 5):
    print(i)  # expected 1 to 5","Program runs, but produces an incorrect result.",Logical Error,Incorrect program logic,Conditional logic,Beginner,Correct result according to the intended logic,"Program runs, but produces an incorrect result.",The requested index is outside the list range.,Use an index within the valid range of the list.,"Logical Error, Conditional logic"
1966,Python,"a = 10
b = 20
print(a - b)  # expected 30","Program runs, but produces an incorrect result.",Logical Error,Incorrect program logic,Off-by-one logic,Intermediate,Correct result according to the intended logic,"Program runs, but produces an incorrect result.",The condition produces an incorrect result for the intended logic.,Review the condition so it matches the intended requirement.,"Logical Error, Off-by-one logic"
1967,Python,"a = 10
b = 20
print(a - b)  # expected 30","Program runs, but produces an incorrect result.",Logical Error,Incorrect program logic,Conditional logic,Beginner,Correct result according to the intended logic,"Program runs, but produces an incorrect result.",Python block statements require a colon at the end.,Add a colon after the for statement.,"Logical Error, Conditional logic"
1968,Python,"marks = [80, 90, 70]
print(sum(marks) / 2)  # wrong denominator","Program runs, but produces an incorrect result.",Logical Error,Incorrect program logic,Loop conditions,Beginner,Correct result according to the intended logic,"Program runs, but produces an incorrect result.",The code uses a variable that has not been defined.,Check that the variable is defined before use.,"Logical Error, Loop conditions"
1969,Python,"x = 5
if x > 10:
    print('Pass')
else:
    print('Fail')  # condition may be wrong","Program runs, but produces an incorrect result.",Logical Error,Incorrect program logic,Arithmetic logic,Beginner,Correct result according to the intended logic,"Program runs, but produces an incorrect result.",Python cannot find the requested module.,Install or import an available module.,"Logical Error, Arithmetic logic"
1970,Python,"a = 10
b = 20
print(a - b)  # expected 30","Program runs, but produces an incorrect result.",Logical Error,Incorrect program logic,Conditional logic,Beginner,Correct result according to the intended logic,"Program runs, but produces an incorrect result.",The function call does not provide all required arguments.,Pass all required function arguments.,"Logical Error, Conditional logic"
1971,Python,"x = 5
if x > 10:
    print('Pass')
else:
    print('Fail')  # condition may be wrong","Program runs, but produces an incorrect result.",Logical Error,Incorrect program logic,Arithmetic logic,Beginner,Correct result according to the intended logic,"Program runs, but produces an incorrect result.",The condition produces an incorrect result for the intended logic.,Review the condition so it matches the intended requirement.,"Logical Error, Arithmetic logic"
1972,Python,"a = 10
b = 20
print(a - b)  # expected 30","Program runs, but produces an incorrect result.",Logical Error,Incorrect program logic,Conditional logic,Intermediate,Correct result according to the intended logic,"Program runs, but produces an incorrect result.",The function call does not provide all required arguments.,Pass all required function arguments.,"Logical Error, Conditional logic"
1973,Python,"x = 5
if x > 10:
    print('Pass')
else:
    print('Fail')  # condition may be wrong","Program runs, but produces an incorrect result.",Logical Error,Incorrect program logic,Loop conditions,Intermediate,Correct result according to the intended logic,"Program runs, but produces an incorrect result.",The statement inside the block is not indented.,Indent the statement inside the if block.,"Logical Error, Loop conditions"
1974,Python,"marks = [80, 90, 70]
print(sum(marks) / 2)  # wrong denominator","Program runs, but produces an incorrect result.",Logical Error,Incorrect program logic,Off-by-one logic,Beginner,Correct result according to the intended logic,"Program runs, but produces an incorrect result.",The operation combines values whose data types are not compatible.,Convert the values to compatible data types before applying the operation.,"Logical Error, Off-by-one logic"
1975,Python,"x = 5
if x > 10:
    print('Pass')
else:
    print('Fail')  # condition may be wrong","Program runs, but produces an incorrect result.",Logical Error,Incorrect program logic,Arithmetic logic,Intermediate,Correct result according to the intended logic,"Program runs, but produces an incorrect result.",The requested index is outside the list range.,Use an index within the valid range of the list.,"Logical Error, Arithmetic logic"
1976,Python,"for i in range(1, 5):
    print(i)  # expected 1 to 5","Program runs, but produces an incorrect result.",Logical Error,Incorrect program logic,Conditional logic,Beginner,Correct result according to the intended logic,"Program runs, but produces an incorrect result.",The negative index is outside the valid range.,Use a valid negative index within the list length.,"Logical Error, Conditional logic"
1977,Python,"marks = [80, 90, 70]
print(sum(marks) / 2)  # wrong denominator","Program runs, but produces an incorrect result.",Logical Error,Incorrect program logic,Off-by-one logic,Intermediate,Correct result according to the intended logic,"Program runs, but produces an incorrect result.",The code uses a variable that has not been defined.,Check that the variable is defined before use.,"Logical Error, Off-by-one logic"
1978,Python,"a = 10
b = 20
print(a - b)  # expected 30","Program runs, but produces an incorrect result.",Logical Error,Incorrect program logic,Arithmetic logic,Intermediate,Correct result according to the intended logic,"Program runs, but produces an incorrect result.",The requested index is outside the list range.,Use an index within the valid range of the list.,"Logical Error, Arithmetic logic"
1979,Python,"marks = [80, 90, 70]
print(sum(marks) / 2)  # wrong denominator","Program runs, but produces an incorrect result.",Logical Error,Incorrect program logic,Conditional logic,Beginner,Correct result according to the intended logic,"Program runs, but produces an incorrect result.",The condition produces an incorrect result for the intended logic.,Review the condition so it matches the intended requirement.,"Logical Error, Conditional logic"
1980,Python,"x = 5
if x > 10:
    print('Pass')
else:
    print('Fail')  # condition may be wrong","Program runs, but produces an incorrect result.",Logical Error,Incorrect program logic,Conditional logic,Beginner,Correct result according to the intended logic,"Program runs, but produces an incorrect result.",The condition produces an incorrect result for the intended logic.,Review the condition so it matches the intended requirement.,"Logical Error, Conditional logic"
1981,Python,"a = 10
b = 20
print(a - b)  # expected 30","Program runs, but produces an incorrect result.",Logical Error,Incorrect program logic,Loop conditions,Intermediate,Correct result according to the intended logic,"Program runs, but produces an incorrect result.",The statement inside the block is not indented.,Indent the statement inside the if block.,"Logical Error, Loop conditions"
1982,Python,"marks = [80, 90, 70]
print(sum(marks) / 2)  # wrong denominator","Program runs, but produces an incorrect result.",Logical Error,Incorrect program logic,Off-by-one logic,Beginner,Correct result according to the intended logic,"Program runs, but produces an incorrect result.",The negative index is outside the valid range.,Use a valid negative index within the list length.,"Logical Error, Off-by-one logic"
1983,Python,"x = 5
if x > 10:
    print('Pass')
else:
    print('Fail')  # condition may be wrong","Program runs, but produces an incorrect result.",Logical Error,Incorrect program logic,Off-by-one logic,Beginner,Correct result according to the intended logic,"Program runs, but produces an incorrect result.",The requested index is outside the list range.,Use an index within the valid range of the list.,"Logical Error, Off-by-one logic"
1984,Python,"x = 5
if x > 10:
    print('Pass')
else:
    print('Fail')  # condition may be wrong","Program runs, but produces an incorrect result.",Logical Error,Incorrect program logic,Off-by-one logic,Intermediate,Correct result according to the intended logic,"Program runs, but produces an incorrect result.",The condition produces an incorrect result for the intended logic.,Review the condition so it matches the intended requirement.,"Logical Error, Off-by-one logic"
1985,Python,"for i in range(1, 5):
    print(i)  # expected 1 to 5","Program runs, but produces an incorrect result.",Logical Error,Incorrect program logic,Loop conditions,Intermediate,Correct result according to the intended logic,"Program runs, but produces an incorrect result.",The code uses a variable that has not been defined.,Check that the variable is defined before use.,"Logical Error, Loop conditions"
1986,Python,"x = 5
if x > 10:
    print('Pass')
else:
    print('Fail')  # condition may be wrong","Program runs, but produces an incorrect result.",Logical Error,Incorrect program logic,Arithmetic logic,Beginner,Correct result according to the intended logic,"Program runs, but produces an incorrect result.",The requested index is outside the list range.,Use an index within the valid range of the list.,"Logical Error, Arithmetic logic"
1987,Python,"a = 10
b = 20
print(a - b)  # expected 30","Program runs, but produces an incorrect result.",Logical Error,Incorrect program logic,Arithmetic logic,Intermediate,Correct result according to the intended logic,"Program runs, but produces an incorrect result.",The condition produces an incorrect result for the intended logic.,Review the condition so it matches the intended requirement.,"Logical Error, Arithmetic logic"
1988,Python,"x = 5
if x > 10:
    print('Pass')
else:
    print('Fail')  # condition may be wrong","Program runs, but produces an incorrect result.",Logical Error,Incorrect program logic,Loop conditions,Beginner,Correct result according to the intended logic,"Program runs, but produces an incorrect result.",The statement inside the block is not indented.,Indent the statement inside the if block.,"Logical Error, Loop conditions"
1989,Python,"marks = [80, 90, 70]
print(sum(marks) / 2)  # wrong denominator","Program runs, but produces an incorrect result.",Logical Error,Incorrect program logic,Loop conditions,Beginner,Correct result according to the intended logic,"Program runs, but produces an incorrect result.",The operation combines values whose data types are not compatible.,Convert the values to compatible data types before applying the operation.,"Logical Error, Loop conditions"
1990,Python,"a = 10
b = 20
print(a - b)  # expected 30","Program runs, but produces an incorrect result.",Logical Error,Incorrect program logic,Arithmetic logic,Intermediate,Correct result according to the intended logic,"Program runs, but produces an incorrect result.",The statement inside the block is not indented.,Indent the statement inside the if block.,"Logical Error, Arithmetic logic"
1991,Python,"marks = [80, 90, 70]
print(sum(marks) / 2)  # wrong denominator","Program runs, but produces an incorrect result.",Logical Error,Incorrect program logic,Loop conditions,Beginner,Correct result according to the intended logic,"Program runs, but produces an incorrect result.",Python cannot find the requested module.,Install or import an available module.,"Logical Error, Loop conditions"
1992,Python,"for i in range(1, 5):
    print(i)  # expected 1 to 5","Program runs, but produces an incorrect result.",Logical Error,Incorrect program logic,Loop conditions,Beginner,Correct result according to the intended logic,"Program runs, but produces an incorrect result.",Python block statements require a colon at the end.,Add a colon after the for statement.,"Logical Error, Loop conditions"
1993,Python,"for i in range(1, 5):
    print(i)  # expected 1 to 5","Program runs, but produces an incorrect result.",Logical Error,Incorrect program logic,Loop conditions,Beginner,Correct result according to the intended logic,"Program runs, but produces an incorrect result.",The variable name used in print does not match the declared variable.,Use the exact variable name that was declared.,"Logical Error, Loop conditions"
1994,Python,"marks = [80, 90, 70]
print(sum(marks) / 2)  # wrong denominator","Program runs, but produces an incorrect result.",Logical Error,Incorrect program logic,Conditional logic,Beginner,Correct result according to the intended logic,"Program runs, but produces an incorrect result.",The requested index is outside the list range.,Use an index within the valid range of the list.,"Logical Error, Conditional logic"
1995,Python,"x = 5
if x > 10:
    print('Pass')
else:
    print('Fail')  # condition may be wrong","Program runs, but produces an incorrect result.",Logical Error,Incorrect program logic,Arithmetic logic,Beginner,Correct result according to the intended logic,"Program runs, but produces an incorrect result.",The negative index is outside the valid range.,Use a valid negative index within the list length.,"Logical Error, Arithmetic logic"
1996,Python,"for i in range(1, 5):
    print(i)  # expected 1 to 5","Program runs, but produces an incorrect result.",Logical Error,Incorrect program logic,Conditional logic,Beginner,Correct result according to the intended logic,"Program runs, but produces an incorrect result.",The requested index is outside the list range.,Use an index within the valid range of the list.,"Logical Error, Conditional logic"
1997,Python,"marks = [80, 90, 70]
print(sum(marks) / 2)  # wrong denominator","Program runs, but produces an incorrect result.",Logical Error,Incorrect program logic,Loop conditions,Beginner,Correct result according to the intended logic,"Program runs, but produces an incorrect result.",The code uses a variable that has not been defined.,Check that the variable is defined before use.,"Logical Error, Loop conditions"
1998,Python,"x = 5
if x > 10:
    print('Pass')
else:
    print('Fail')  # condition may be wrong","Program runs, but produces an incorrect result.",Logical Error,Incorrect program logic,Loop conditions,Beginner,Correct result according to the intended logic,"Program runs, but produces an incorrect result.",The code uses a variable that has not been defined.,Check that the variable is defined before use.,"Logical Error, Loop conditions"
1999,Python,"marks = [80, 90, 70]
print(sum(marks) / 2)  # wrong denominator","Program runs, but produces an incorrect result.",Logical Error,Incorrect program logic,Conditional logic,Intermediate,Correct result according to the intended logic,"Program runs, but produces an incorrect result.",The variable name used in print does not match the declared variable.,Use the exact variable name that was declared.,"Logical Error, Conditional logic"
2000,Python,"x = 5
if x > 10:
    print('Pass')
else:
    print('Fail')  # condition may be wrong","Program runs, but produces an incorrect result.",Logical Error,Incorrect program logic,Off-by-one logic,Beginner,Correct result according to the intended logic,"Program runs, but produces an incorrect result.",The variable name used in print does not match the declared variable.,Use the exact variable name that was declared.,"Logical Error, Off-by-one logic"
